i,date,entry_t,mfe,mae,developed,parent_pnl,a511_pnl,ret1h,ret3h,ret6h,ret12h,ret24h,mon_ret,overnight_ret,ema_spread,dist_ema20,ema20_slope1h,loc24,range6,range24,taker1h,taker4h,ret1h_up,ret3h_up,ret6h_up,ret12h_up,ret24h_up,monday_up,overnight_up,above_ema20,ema_bull,ema20_rising,upper_half24,taker1h_buy,taker4h_buy,uptrend_pressure,overnight_up_pressure,bearish_alignment,extended_down_state
0,2023-12-05,2023-12-04 23:00:00+00:00,0.007710918040211179,0.0014087024920448332,True,1.3201490936393396,1.3201490936393396,-0.0005741143511911462,0.0012171082462664184,0.008255207269388887,-0.0036052382829756535,0.045906233016389075,0.050819998940146105,0.008255207269388887,7.899773139707911e-05,-0.001727743686471106,0.003952218317493816,0.8174174174174169,0.022207235415964144,0.06697506033789224,0.018236694701105227,0.03173058735457457,False,True,True,False,True,True,True,False,True,True,True,True,True,False,False,False,False
1,2023-12-12,2023-12-11 23:00:00+00:00,0.0036532311364720904,0.010887064559784276,False,-4.7500000000000036,-4.7500000000000036,0.0011852534115424085,0.013174290143443068,-0.01022224884682199,-0.02673389804549897,-0.05838329495976469,-0.0464520423352307,-0.01022224884682199,0.0021070953927111447,0.0019831712537023982,0.0042094715919986925,0.29567841953628715,0.03984508418203081,0.09059542660266517,0.009573009482190198,0.01170239052867772,True,True,False,False,False,False,False,True,True,True,False,True,True,False,False,False,False
2,2023-12-19,2023-12-18 23:00:00+00:00,0.0,0.010343311411501022,False,-4.7500000000000036,-4.7500000000000036,0.00030576004892157727,0.01882661262310137,0.024527965542327612,0.03984058874585883,0.01866311543730892,-0.017520068915899967,0.024527965542327612,0.0013574729651724127,0.0016290234937323955,0.0038492206148161845,0.8816417577515044,0.03493782436046877,0.05527225562092819,-0.031849697744157246,0.05807495547471242,True,True,True,True,True,False,True,True,True,True,True,False,True,True,True,False,False
3,2023-12-26,2023-12-25 23:00:00+00:00,0.007308419894456852,7.548602707885266e-05,True,1.9457661488629658,1.9457661488629658,0.0023087910601409245,0.00448053380390423,0.0041183077499062914,0.01221138617987827,0.01769464458231007,-0.003761067008304586,0.0041183077499062914,0.0018241714702040834,0.0019243883281545582,0.004033229467674815,0.878128996893841,0.009636875696297675,0.02560144449589985,0.029660642294456085,0.002422928280094716,True,True,True,True,True,False,True,True,True,True,True,True,True,True,True,False,False
4,2024-01-02,2024-01-01 23:00:00+00:00,2.2944199705721147e-06,0.01183920704845809,False,-4.7500000000000036,-4.7500000000000036,-0.000802404462285855,-0.0035710938017973204,0.018679574707781255,0.018474854708564248,0.03005029258562497,0.003590984516519624,0.018679574707781255,-0.0007039337024693504,6.52367843061441e-05,-0.0016839240076351736,0.8190351451648121,0.02762853693008971,0.0435424196411387,-0.0006660905383450988,0.05956339979436298,False,False,True,True,True,True,True,True,False,False,True,False,True,False,True,True,False
5,2024-01-09,2024-01-08 23:00:00+00:00,0.016115274412747738,0.00345023430536906,True,5.999999999999979,5.999999999999979,0.001839108873966655,-6.381050831449908e-05,0.04448443644604416,0.06565597033195192,0.06950343638311862,0.024839224629418455,0.04448443644604416,0.00014532761162633356,0.001030696615259341,-0.00037491783153453806,0.9275861238835786,0.053857856600310505,0.09624844467203153,-0.0576535419707892,-0.005110489665436924,True,False,True,True,True,True,True,True,True,False,True,False,False,True,True,False,False
6,2024-01-16,2024-01-15 23:00:00+00:00,0.003947516559398068,0.0072851969301783726,False,-2.7530773272287083,-2.7530773272287083,-0.0019289789287144643,-0.009032357036103833,0.0009061905019027705,0.0013904775773745381,0.010128651645461728,-0.010086525770340193,0.0009061905019027705,-0.0009522806740585033,-0.0017102977190470714,-0.003344498974662491,0.553984962406015,0.02443713348432852,0.03985520275210663,0.03595553057269307,0.003089712869060124,False,False,True,True,True,False,True,False,False,False,True,True,True,False,False,False,False
7,2024-01-23,2024-01-22 23:00:00+00:00,0.008784857606973673,0.008036675964539164,True,-4.7500000000000036,0.2500000000000009,0.0005400870168106309,-0.0023844649105448923,-0.01914434104212792,-0.020738369548648494,-0.04390647879209775,-0.0268127740714591,-0.01914434104212792,-0.0017929818621734706,-0.0020862523530778,-0.0031506221703789805,0.18683141946469933,0.03588650322318654,0.05812649104106393,-0.02603327666991273,-0.0397614070929152,True,False,False,False,False,False,False,False,False,False,False,False,False,False,False,True,True
8,2024-01-30,2024-01-29 23:00:00+00:00,0.000731028080761198,0.009166860060338733,False,-4.7500000000000036,-4.7500000000000036,-0.0008695148107356054,-0.0005334817804374392,-0.0021212738759101013,0.018936276874473856,0.03013177271597156,0.02224763095162019,-0.0021212738759101013,-0.00015013022950538524,-0.0007724127806345571,-0.00016168718787312741,0.8669225847728727,0.010129854374594682,0.037450581047082876,-0.11248606364890756,-0.007854186445181988,False,False,False,True,True,True,False,False,False,False,True,False,False,False,False,True,False
9,2024-02-06,2024-02-05 23:00:00+00:00,0.0009368894329230271,0.00899225536122028,False,-4.7500000000000036,-4.7500000000000036,0.0020829106966782085,-0.0049004335899891505,-0.004448017023390705,-0.015319249544525348,-0.0021305283334428493,-0.0039072061843893335,-0.004448017023390705,0.00015468498191673064,0.0008574725667931382,-4.201544384085931e-05,0.18276451780801745,0.013282535120724637,0.03184318256615937,0.03831703211183535,-0.05696263171163618,True,False,False,False,False,False,False,True,True,False,False,True,False,False,False,False,False
10,2024-02-13,2024-02-12 23:00:00+00:00,0.005707434052757754,0.007769784172661831,True,0.42406075139886434,0.42406075139886434,0.0012746041623730164,0.00534415558323631,0.006223544907048906,0.04604347226228844,0.04057277251091196,0.029922996411483327,0.006223544907048906,0.00016509978082668297,0.0006213412845352817,0.0001494093637846028,0.8623487754499862,0.018423795786768782,0.056836191354660226,0.022579695790954757,-0.006062717310152177,True,True,True,True,True,True,True,True,True,True,True,True,False,True,True,False,False
11,2024-02-20,2024-02-19 23:00:00+00:00,0.012337483668996674,0.001543147520669974,True,0.7469685424952028,0.7469685424952028,-0.00033276205973931106,0.0016362511539522728,0.0010748131597195787,-0.008552063044519054,-0.005914194449226251,-0.00232813402657428,0.0010748131597195787,0.000502580756713833,0.00013211655160039193,0.0018154075526932711,0.33526833313588494,0.010242062256734297,0.016330423612078482,0.05731866225550042,0.028582084003926367,False,True,True,False,False,False,True,True,True,True,False,True,True,True,True,False,False
12,2024-02-27,2024-02-26 23:00:00+00:00,0.0042043688876702845,0.012704505986655734,False,-4.7500000000000036,-4.7500000000000036,3.290489935681151e-05,0.0011163185643776607,0.025192745209011935,0.06956224216474083,0.05571433809552295,0.039198260707229426,0.025192745209011935,0.00042658090004077387,0.0015473993313463996,0.0011352215114950326,0.9294964735949669,0.032628412406908947,0.0799116304187737,-0.06415213266526298,0.059397243819195866,True,True,True,True,True,True,True,True,True,True,True,False,True,True,True,False,False
13,2024-03-05,2024-03-04 23:00:00+00:00,0.0013691679841171256,0.008860619875730835,False,-4.7500000000000036,-4.7500000000000036,0.004866384998588824,0.011282142804027506,0.024964803275179692,0.043179970237638754,0.08223010934093056,0.05813166705845729,0.024964803275179692,0.002891230030583669,0.0064515035541836685,0.0046350714853644615,0.9995790212243476,0.027871957385637858,0.0915102971155235,0.03679685081077233,-0.027949610835417915,True,True,True,True,True,True,True,True,True,True,True,True,False,True,True,False,False
14,2024-03-12,2024-03-11 23:00:00+00:00,0.016775492474126574,0.0007515530948130067,True,5.999999999999979,5.999999999999979,-0.0019488509211622596,0.00492229917933984,0.0006250750297014385,0.011042236554822171,0.05726590930297659,0.044701777015121236,0.0006250750297014385,0.0006618855283822,-0.0004795115803214456,0.0029627092899950913,0.9366044142614611,0.015181058495821631,0.08791044776119405,-0.014198619749738128,0.0030007990496734305,False,True,True,True,True,True,True,False,True,True,True,False,True,False,False,False,False
15,2024-03-19,2024-03-18 23:00:00+00:00,0.015196249210220114,0.00646881329310145,True,5.999999999999979,5.999999999999979,0.001946492172616443,0.009501838969461662,0.012701298235332725,-0.004941477860299082,-0.009155095419819514,-0.01354141275905918,0.012701298235332725,0.0006208735451125325,0.002803550733055049,0.00028495052176169544,0.4661863435401972,0.020651155527795062,0.03667779753038958,-0.01404873035437848,0.005409907048334883,True,True,True,False,False,False,True,True,True,True,False,False,True,True,True,False,False
16,2024-03-26,2024-03-25 23:00:00+00:00,0.00847864705464374,0.005182974490158365,True,-2.681357919420229,0.15243729126698868,0.0038375941565853555,-0.007327423241220821,0.0006641229950097305,0.049865046126025714,0.04662629796386453,0.08237758745074819,0.0006641229950097305,0.00027534652340688304,-0.0002786041331189759,0.0008509553396220948,0.8201720582415057,0.02326426649465807,0.07226965899716387,0.07585977313417436,-0.0013345950464375145,True,False,True,True,True,True,True,False,True,True,True,True,False,False,False,False,False
17,2024-04-02,2024-04-01 23:00:00+00:00,0.018462398577940853,0.002375354798015872,True,5.999999999999923,5.999999999999923,0.0002552403130566816,0.000889603122220084,0.0175514348064556,-0.0002465129877946559,-0.01791672650171916,-0.02711316528199159,0.0175514348064556,0.0006817441266051549,0.0001942226996936025,0.0014323123166553042,0.48720594304581055,0.025240777464607067,0.049809627433619275,-0.07594748673976348,0.015986663677718838,True,True,True,False,False,False,True,True,True,True,False,False,True,True,True,False,False
18,2024-04-09,2024-04-08 23:00:00+00:00,0.014908368415933793,0.0014491545440651343,True,6.000000000000034,6.000000000000034,0.0030115528798584368,0.003408682171407218,0.0016366179346050114,-0.004851778109617788,0.03918468593342128,0.025504030673979106,0.0016366179346050114,0.0004509864417134857,0.0027511246233915543,1.2235418708206325e-05,0.7617402597402627,0.011680962400281603,0.055764450959148615,0.1503391031193786,0.04234320359319432,True,True,True,False,True,True,True,True,True,True,True,True,True,True,True,False,False
19,2024-04-16,2024-04-15 23:00:00+00:00,0.018316023130718895,0.0070754270795889695,True,5.999999999999979,5.999999999999979,0.005365146990762737,-0.000729395751545403,-0.012902272019919003,-0.04795575300933563,-0.02653771249583714,-0.004716139314662304,-0.012902272019919003,0.001717780998731877,0.004183119168410521,0.0011012524267390855,0.2565408859338578,0.03983612483431731,0.07442503112824839,0.00026543588523231243,-0.04701820756382202,True,False,False,False,False,False,False,True,True,True,False,True,False,False,False,False,False
20,2024-04-23,2024-04-22 23:00:00+00:00,0.012795541485882689,0.0033149303207915537,True,5.094038573191823,5.094038573191823,0.005150269965359833,0.00870193610550718,0.010420908172344534,0.014874731133933228,0.03175336474791335,0.024182766564265767,0.010420908172344534,0.0023460838252546967,0.004766019885325434,0.0033313798172933673,0.9267265066862063,0.016724513046451506,0.04233719297973493,0.18979765205602495,0.08959637436378332,True,True,True,True,True,True,True,True,True,True,True,True,True,True,True,False,False
21,2024-04-30,2024-04-29 23:00:00+00:00,0.0029705559496461253,0.010443140552551577,False,-4.7500000000000036,-4.7500000000000036,0.01100132826513378,0.0157096209300438,0.014497818813803187,0.02329904175880526,0.014599363531937026,-0.01358402670597958,0.014497818813803187,0.004576584292195873,0.007114304982887454,0.007205914863094298,0.9682806189590228,0.022696769053816013,0.0357012095350111,0.17248168629200955,0.0644997379268537,True,True,True,True,True,False,True,True,True,True,True,True,True,True,True,False,False
22,2024-05-07,2024-05-06 23:00:00+00:00,0.010413367682163055,0.007618192274664537,True,-0.43723657362545953,-0.43723657362545953,-0.00019534049896896555,0.005518218200138758,0.0030264717502963556,-0.010634666018173311,-0.005383168782322478,-0.016372229186293663,0.0030264717502963556,0.00030967165109285766,0.0003799489984182003,0.0008629517287441768,0.28516187998734416,0.015056986400192818,0.04540238415584952,-0.16381249228545358,-0.05549730163441602,False,True,True,False,False,False,True,True,True,True,False,False,False,True,True,False,False
23,2024-05-14,2024-05-13 23:00:00+00:00,0.0058237943598129505,0.005689914029702203,True,0.9920381048920408,0.9920381048920408,-0.001975602423533007,-0.0055048343636076025,-0.0034577289852034676,0.001959437879271775,0.023257975817315257,0.030380763092708873,-0.0034577289852034676,-0.0010228376626753022,-0.0015537274621950647,-0.0019668735282397654,0.7407806691449803,0.00995359784586558,0.0442798353909466,-0.03213277715579643,-0.06901299891402635,False,False,False,True,True,True,False,False,False,False,True,False,False,False,False,True,False
24,2024-05-21,2024-05-20 23:00:00+00:00,0.00012072851032529641,0.014435680448880106,False,-4.7500000000000036,-4.7500000000000036,0.00010205475021751731,-0.006485625101739445,0.022953287736487304,0.036979629309471296,0.04943748029785877,0.02194276530416417,0.022953287736487304,0.0009693720551020579,0.0005111999601243866,0.0030273737501052,0.7993188896108269,0.03635224620705779,0.06761551280109068,-0.003322457160412795,0.07072468428061374,True,False,True,True,True,True,True,True,True,True,True,False,True,True,True,False,False
25,2024-05-28,2024-05-27 23:00:00+00:00,0.013574374705591752,0.0,True,6.000000000000034,6.000000000000034,-0.000879578146859461,0.0016571724495080264,-0.010211856215245119,0.013997378768020985,0.016008089403668935,0.020136958043888153,-0.010211856215245119,-0.0004499113693277046,-0.0008111844230648257,-0.0005896762527757282,0.5491073227743515,0.01906657018813318,0.03634608539491757,-0.08316653136692231,-0.0418515645064379,False,True,False,True,True,True,False,False,False,False,True,False,False,False,False,False,False
26,2024-06-04,2024-06-03 23:00:00+00:00,0.00621378728380928,0.004630306433940357,True,-0.8144103270741603,-0.8144103270741603,0.0010780452605130275,-0.0033942313933947865,0.0006140851434843775,0.002017430249270813,0.01556087350212243,0.014399553866247805,0.0006140851434843775,-0.00015262005423888336,-0.000212640353130511,-0.0012729322267958088,0.5294656264879308,0.010398326505709043,0.04036361701058189,0.02193998424447985,0.011747253766340782,True,False,True,True,True,True,True,False,False,False,True,True,True,False,False,False,False
27,2024-06-11,2024-06-10 23:00:00+00:00,0.015199255640579223,0.0009160682981406154,True,5.999999999999923,5.999999999999923,4.6021313620858706e-05,0.0005813300947681288,-0.004304320931085126,0.001365179849484699,-0.0013514231591706949,0.005289341180457763,-0.004304320931085126,-0.0005308601620959141,-0.0003228395553509511,-0.00107253547318642,0.32794909446891823,0.011616138315234892,0.014761304717259227,0.049384482820889364,-0.02515922137187232,True,True,False,True,False,True,False,False,False,False,False,True,False,False,False,False,True
28,2024-06-18,2024-06-17 23:00:00+00:00,0.016900186695961605,0.0009304782658285937,True,6.000000000000034,6.000000000000034,0.002051251203079696,0.0029109408630472178,0.008600724749561639,0.00996591127838009,-0.0026523134399848436,-0.010272037698198178,0.008600724749561639,0.00030317602318086223,0.0008687147419148555,0.00038149383596008946,0.7034359701697349,0.021478488869050683,0.033577131234551416,-0.06490462268460384,0.012861370601058741,True,True,True,True,False,False,True,True,True,True,True,False,True,True,True,False,False
29,2024-06-25,2024-06-24 23:00:00+00:00,0.0009495521279130337,0.009882005653999881,False,-4.7500000000000036,-4.7500000000000036,0.000221611633111074,0.00976998152989017,-0.0064533641408783815,-0.020270865771614965,-0.05635474454161171,-0.059458893109417654,-0.0064533641408783815,0.001579923124545246,0.0007696639650738302,0.004010243137813507,0.33184234647112687,0.03984162973650762,0.09369954309663675,-0.16938356147802347,-0.09250761487647241,True,True,False,False,False,False,False,True,True,True,False,False,False,False,False,False,False
30,2024-07-02,2024-07-01 23:00:00+00:00,0.0031114202942745806,0.005120581433762927,False,-1.201862722675389,-1.201862722675389,-0.002787557988333411,-0.004825580476393698,-0.0021490618457525867,0.002897428790789247,-0.00036358093883270826,0.024313677112939525,-0.0021490618457525867,-0.0012015508467762004,-0.0009260002836328773,-0.002712647875316887,0.34117909117909045,0.017027715833067836,0.021548041508938853,-0.04191103839877064,-0.05124578081433062,False,False,False,True,False,True,False,False,False,False,False,False,False,False,False,True,True
31,2024-07-09,2024-07-08 23:00:00+00:00,0.007188048743900444,0.00987055158964778,True,-4.7500000000000036,-4.7500000000000036,0.002054916857215039,0.004814512696836415,0.01774020310440072,-0.005432397802467848,0.00552240103775703,-0.02376636102750751,0.01774020310440072,0.001204337759827201,0.0008398483708593751,0.003713846506739893,0.6116909702039477,0.024875568175683815,0.07294752696656359,0.0034575475743023887,-0.016285681318197187,True,True,True,False,True,False,True,True,True,True,True,True,False,True,True,False,False
32,2024-07-16,2024-07-15 23:00:00+00:00,0.0019188605016405846,0.008734391764760652,False,-4.7500000000000036,-4.7500000000000036,0.011830306920863398,0.015019555726718536,0.015939968404423466,0.027829011088770894,0.057541617401113854,0.05451144710436018,0.015939968404423466,0.003910468180972293,0.004669058114652458,0.007284414059157696,0.8874124359066953,0.028992114576912975,0.06852394981409571,0.18607651054609975,0.07191923756469354,True,True,True,True,True,True,True,True,True,True,True,True,True,True,True,False,False
33,2024-07-23,2024-07-22 23:00:00+00:00,0.0103771784901322,0.0017660135571861968,True,4.389040288478447,4.389040288478447,-0.001475412015081945,-0.006689164669809733,0.009259632450958843,0.003395605896006737,-0.007195301027900114,-0.005432879233075227,0.009259632450958843,-0.0008938441776201733,-0.0007451402016130926,-0.0026382414458905323,0.5577013169538281,0.018662677332760058,0.028871963041001703,-0.05125974465452432,0.014153983529002767,False,False,True,True,False,False,True,False,False,False,True,False,True,False,False,True,False
34,2024-07-30,2024-07-29 23:00:00+00:00,0.020467205295608526,0.0006890362867641997,True,5.999999999999979,5.999999999999979,-0.003072590886971205,-0.0009782771914227384,0.005917664670658684,-0.03444624061500878,-0.01076457641715678,-0.012574291902994084,0.005917664670658684,-0.0007536391295066558,-0.001180166613128919,7.807854730845776e-05,0.22327196382428957,0.017766681031494924,0.05598064063116848,-0.03316797933331017,-0.03476143257625519,False,False,True,False,False,False,True,False,False,True,False,False,False,False,False,True,False
35,2024-08-06,2024-08-05 23:00:00+00:00,0.013878956042046475,0.007120555597217582,True,5.999999999999979,5.999999999999979,0.0009355290499162283,0.01695842145499782,0.009403045973934265,0.0727395448676944,-0.06816539405508593,-0.07735758818003247,0.009403045973934265,0.0021059308398414522,0.0019292514097861702,0.005313792042153986,0.5871617369414723,0.050871661297324344,0.20151775486827028,-0.07450284063661405,0.01106264002082491,True,True,True,True,False,False,True,True,True,True,True,False,True,True,True,False,False
36,2024-08-13,2024-08-12 23:00:00+00:00,0.0005488725243562032,0.011704198366595975,False,-4.7500000000000036,-4.7500000000000036,-0.0003386960203217715,-0.0023525753263521354,-0.010659336975832101,-0.0006077956993798539,0.004092574511731728,-0.010808082652778328,-0.010659336975832101,0.00010538213313915357,0.00035178765407684054,0.0010108231771743803,0.4637823664372337,0.025515419346995527,0.05295495964592556,0.015670721870386206,0.00572138123994792,False,False,False,False,True,False,False,True,True,True,False,True,True,False,False,False,False
37,2024-08-20,2024-08-19 23:00:00+00:00,0.002374875639957974,0.010082242315013978,False,-4.7500000000000036,-4.7500000000000036,0.0035087065077183954,0.0041129160829436184,0.008861154233501534,0.019488078468919312,-0.001681202236656687,-0.01867143920450276,0.008861154233501534,0.0007362937331683028,0.001842763217636323,0.0007080547845865759,0.8920196439533448,0.013771251615020352,0.028207792207792126,0.05265037488525093,0.01101312372774843,True,True,True,True,False,False,True,True,True,True,True,True,True,True,True,False,False
38,2024-08-27,2024-08-26 23:00:00+00:00,0.005114402787421035,0.004068961024723539,True,-1.318002173502058,0.2500000000000009,-0.004113930560016743,-0.006156659266253861,-0.01172149783941312,-0.013499746086280462,-0.025260565888711617,-0.005334837189829633,-0.01172149783941312,-0.0013703788660258676,-0.0019303983270833047,-0.0018638295047535003,0.06008240834174292,0.01691482077169293,0.03787442075258385,0.04550968990236237,-0.010524592392552545,False,False,False,False,False,False,False,False,False,False,False,True,False,False,False,False,True
39,2024-09-03,2024-09-02 23:00:00+00:00,0.005760700792538875,0.007996196622479523,True,1.2697013606852443,1.2697013606852443,0.0037329723326846587,0.016409061311216888,0.014951627088830133,0.015825933569098227,0.03315683132446168,0.0033757452189846493,0.014951627088830133,0.0016887176118183245,0.003586715456009193,0.0027577184956040224,0.9936516452074372,0.018233180131600246,0.03917818296463671,0.13074586988280723,0.15357967148366147,True,True,True,True,True,True,True,True,True,True,True,True,True,True,True,False,False
40,2024-09-10,2024-09-09 23:00:00+00:00,0.014469692333248796,0.0007886200897033735,True,6.000000000000034,6.000000000000034,-0.0051422915206117414,0.004611249692583419,0.012279006209420906,0.03515529546775076,0.0459104359689968,0.04510014326036882,0.012279006209420906,-0.0005491571695023234,-0.0015681011145386448,0.0002808267293523681,0.7422517901036662,0.03436426116838498,0.06878831988002276,-0.0628715316480648,0.08832732626493445,False,True,True,True,True,True,True,False,False,True,True,False,True,False,False,False,False
41,2024-09-17,2024-09-16 23:00:00+00:00,0.006210665640471569,0.0077516838168933955,True,-3.0667042573862817,0.2500000000000009,0.0005577013724977764,0.0012076981687563215,0.005062724713693401,-0.01334359458083545,-0.02193484359018505,-0.03678744126427447,0.005062724713693401,0.0004478389632469604,0.0009641815414691557,0.000759439861816924,0.2527677133655376,0.01399045717478753,0.03459230620596965,0.06414341086728514,0.009082182053030685,True,True,True,False,False,False,True,True,True,True,False,True,True,True,True,False,False
42,2024-09-24,2024-09-23 23:00:00+00:00,0.007952119536577373,0.0030273442136263817,True,0.34193283188824264,-0.9201199701854561,-0.0001819556914157694,-0.0006989811006264945,5.3808281094358534e-05,-0.003739679226334225,-0.009770552635620322,0.006372621612454665,5.3808281094358534e-05,-0.0004349647162286141,-0.0011011637446222133,-0.0008332132106918522,0.299625639152664,0.007635210150674032,0.03502712107256167,-0.03814342463197329,-0.048187932973292824,False,False,True,False,False,True,True,False,False,False,False,False,False,False,False,True,False
43,2024-10-01,2024-09-30 23:00:00+00:00,0.009979781998572301,0.006172557411717516,True,-3.7251821274758283,0.2500000000000009,-0.00413828818932227,-0.0006566929133857702,-0.00013235287166335485,-0.001648755331316365,-0.03369665850479353,-0.03598997493734335,-0.00013235287166335485,-0.0009536242506431591,-0.002440253631623368,-0.0010579275035365043,0.15816097122302358,0.012830722664119998,0.042337577455493935,-0.19176706529968324,-0.0462536259438997,False,False,False,False,False,False,False,False,False,False,False,False,False,False,False,True,True
44,2024-10-08,2024-10-07 23:00:00+00:00,0.005423639765242516,0.005824085701837456,True,-2.639303928855224,-1.309022527486519,-0.012674002637913184,-0.014405718715120419,-0.022069477578858132,-0.005684270545158077,-0.004947338892714148,0.018294892403174057,-0.022069477578858132,-0.0030401795359799033,-0.010017517412383103,-0.0026141202114337014,0.03831855876465617,0.024619085805934304,0.03365196471531662,-0.22602137528998334,-0.05964761424263709,False,False,False,False,False,True,False,False,False,False,False,False,False,False,False,True,True
45,2024-10-15,2024-10-14 23:00:00+00:00,0.014748960588152116,0.0015233668213114893,True,5.999999999999979,5.999999999999979,0.00812945207766158,0.009583397288503326,0.010601658172967099,0.02550806968253827,0.05895583532854887,0.0473745475419769,0.010601658172967099,0.002047290742488883,0.0059402190851876036,0.002910866986745697,0.9817447693625337,0.015056471306471364,0.06546779878244147,0.20672240285111387,0.07797169958271377,True,True,True,True,True,True,True,True,True,True,True,True,True,True,True,False,False
46,2024-10-22,2024-10-21 23:00:00+00:00,0.018199820274192424,1.4755813422251407e-06,True,5.999999999999979,5.999999999999979,0.0004413935636256028,-0.0002994533133108268,0.00668151116828386,-0.007377668674275473,-0.019447579361634437,-0.016946208559513898,0.00668151116828386,4.21567771340392e-05,0.0004057367731387096,5.9593773285460117e-05,0.3348024147253798,0.01380102649797088,0.04038082191371095,0.0022207028462188916,0.022960167704843215,True,False,True,False,False,False,True,True,True,True,False,True,True,True,True,False,False
47,2024-10-29,2024-10-28 23:00:00+00:00,0.0034471862753089333,0.010164266790199106,False,-4.7500000000000036,-4.7500000000000036,0.0009631636419320522,0.005391994089074759,0.01929099719459315,0.021249629485777355,0.025822594697025192,0.013363357602623083,0.01929099719459315,0.0008619857791363206,0.001888771070126971,0.0026716483878905795,0.8580894131352838,0.027079283902407658,0.04064263540886781,0.1637098571276414,0.14292081690559666,True,True,True,True,True,True,True,True,True,True,True,True,True,True,True,False,False
48,2024-11-05,2024-11-04 23:00:00+00:00,0.006653314876446936,0.008137719789120368,True,-4.7500000000000036,-0.2986407681206109,0.007546285168270606,0.0025985530783996236,0.00547409319136527,-0.01191993620971632,-0.01173155819717353,-0.008077494746553282,0.00547409319136527,0.0025710385512569545,0.004055310776004406,0.004630558257298079,0.40814806539306553,0.019203712019158825,0.04019308486753492,0.14024300890254193,0.01681735324394329,True,True,True,False,False,False,True,True,True,True,False,True,True,True,True,False,False
49,2024-11-12,2024-11-11 23:00:00+00:00,6.811293124076023e-06,0.011339667835938538,False,-4.7500000000000036,-4.7500000000000036,0.0022641938787120175,0.02009762198405385,0.042617735236713195,0.07464139581752471,0.09660818189287501,0.05598282618530548,0.042617735236713195,0.0012639065949129336,0.007600851707027179,-0.0006875054814456938,0.9517819214475991,0.050717040987508843,0.10655028495264962,-0.01759434901579182,0.028077249500660706,True,True,True,True,True,True,True,True,True,False,True,False,True,True,True,False,False
50,2024-11-19,2024-11-18 23:00:00+00:00,0.010334050625557034,0.007293140852002944,True,-2.8629609187187093,-2.8629609187187093,-0.0002378228143316008,0.004931974662627292,-0.003706773872595881,-0.0058955774451117104,0.017532450873332106,0.011552437564326112,-0.003706773872595881,-0.0004674023077215761,-0.0014719223213878196,-0.0012194054298543255,0.5579593058049064,0.02853760386684523,0.037400120862149944,0.011064780623978532,0.014308708253726321,False,True,False,False,True,True,False,False,False,False,True,True,True,False,False,False,False
51,2024-11-26,2024-11-25 23:00:00+00:00,0.016839720996200236,0.0,True,5.999999999999979,5.999999999999979,0.00738594016396843,-0.0010372489746461877,-0.012373683786888745,-0.040548623515947124,-0.037891077282156016,-0.003798922808172067,-0.012373683786888745,-0.0012329473386318845,0.004731787660676279,-0.005943622328464682,0.28627822516974577,0.036166447240627564,0.06834221828934028,-0.005416124029900882,-0.053108850755343884,True,False,False,False,False,False,False,True,False,False,False,False,False,False,False,True,True
52,2024-12-03,2024-12-02 23:00:00+00:00,0.0004914375649007763,0.009857043012837075,False,-4.7500000000000036,-4.7500000000000036,-0.0010812485542356365,-0.00671940049958375,-0.011330379443913352,0.0039818675116432,-0.023829810738297708,-0.009987108430140057,-0.011330379443913352,-0.0007235191202730196,-0.0006288861768767307,-0.001881708039654817,0.2675633729953425,0.023555084745762844,0.04095338983050856,-0.08325255795611741,-0.009614830829560495,False,False,False,True,False,False,False,False,False,False,False,False,False,False,False,True,True
53,2024-12-10,2024-12-09 23:00:00+00:00,0.002859645507007458,0.009344600164880479,False,-4.7500000000000036,-4.7500000000000036,0.0004134020618558054,-0.0028279212004689303,-0.010635857480325361,-0.015820486815415813,-0.03139286042249745,-0.020709402068539107,-0.010635857480325361,0.0004191006216374138,0.0011557133465089908,-0.00018895347626957104,0.4044646949394745,0.04538402398136121,0.07888370549884782,-0.029370530039934284,-0.06696027196986898,True,False,False,False,False,False,False,True,True,False,False,False,False,False,False,False,False
54,2024-12-17,2024-12-16 23:00:00+00:00,0.003282557066573877,0.009050667856656647,False,-4.7500000000000036,-4.7500000000000036,-0.0027493145570360866,-0.0041473773604979725,-0.010520525595954289,0.0099591132092407,0.02252685105519081,0.036719019298458555,-0.010520525595954289,-0.0007314762184751356,-0.0019135040154363292,-0.0005067978599401224,0.5617653484815375,0.020348848217700555,0.044350775193798375,0.011993461515294346,0.017057170607781558,False,False,False,True,True,True,False,False,False,False,True,True,True,False,False,False,False
55,2024-12-24,2024-12-23 23:00:00+00:00,0.014135864870715498,0.0033437646460463544,True,6.000000000000034,6.000000000000034,0.01344519737549743,0.023336390940735807,0.015738458730441662,-0.01105625189007986,-0.003436994713604702,-0.018336574198395184,0.015738458730441662,0.004182952476905699,0.008645771007695036,0.007088199500696835,0.6686660387646852,0.02917771596419816,0.043634090525650926,0.17438656410708564,0.05854582198064873,True,True,True,False,False,False,True,True,True,True,True,True,True,True,True,False,False
56,2024-12-31,2024-12-30 23:00:00+00:00,0.00827764776393547,0.0011588060094063213,True,1.0792965562440866,1.0792965562440866,0.0069774611072757065,-0.01813374710127824,0.006707549329950435,-0.008814761787740544,-0.0038677865565961422,-0.018761648109609674,0.006707549329950435,-0.0020063291627083757,-0.0015278304434562795,-0.006076525815711498,0.35722398909586495,0.03463908546543282,0.03848322587695341,0.07036727610770699,-0.004189057176147037,True,False,True,False,False,False,True,False,False,False,False,True,False,False,False,False,False
57,2025-01-07,2025-01-06 23:00:00+00:00,0.0049673469267667025,0.007808492839272763,False,0.9917587644496524,0.9917587644496524,0.0039857740948314735,-0.00018532155250428062,0.000477838404274733,0.032326647970599254,0.032855765256922576,0.04219010090556807,0.000477838404274733,0.00042103438600848975,0.0006677906081939966,6.0042150924255466e-05,0.8954368464802903,0.010628019323671634,0.04670765873186156,0.15505014619242252,0.05998035595065909,True,False,True,True,True,True,True,True,True,True,True,True,True,True,True,False,False
58,2025-01-14,2025-01-13 23:00:00+00:00,0.002293342207140614,0.008855437838662716,False,-4.7500000000000036,-4.7500000000000036,-0.00027970101656482615,0.02421601860866973,0.03186915090687603,0.029156868818630333,0.0032342468680859326,-0.03921199368753292,0.03186915090687603,0.0021239916813400317,0.002406991554714244,0.006188211953722655,0.775902071026974,0.038081172882143965,0.0790189969519397,-0.10219213232361868,0.015527317325318979,False,True,True,True,True,False,True,True,True,True,True,False,True,True,True,False,False
59,2025-01-21,2025-01-20 23:00:00+00:00,0.015090958940080168,0.0009055347675150927,True,5.999999999999923,5.999999999999923,0.015916667238773385,8.882366571394407e-05,-0.008851759108910895,-0.04166928795846392,0.0187722826808554,0.017849663643224156,-0.008851759108910895,0.0008889422685181003,0.002882005970074264,-0.002243320435752816,0.38900847699780905,0.06642819623280616,0.10551652747208573,0.008725969676203649,-0.0279312970651453,True,True,False,False,True,True,False,True,True,False,False,True,False,False,False,False,False
60,2025-01-28,2025-01-27 23:00:00+00:00,0.0,0.009359640340955488,False,-4.7500000000000036,-4.7500000000000036,0.0010179165131087853,0.017535020458859574,0.01753705890660817,0.02893910542095468,-0.021981682573027572,-0.04944491846569643,0.01753705890660817,0.001606920481748375,0.001244875480165275,0.002870019650368816,0.5922381631229343,0.036456973546001414,0.06750409500409504,-0.0263170657337074,-0.008628793308419258,True,True,True,True,False,False,True,True,True,True,True,False,False,True,True,False,False
61,2025-02-04,2025-02-03 23:00:00+00:00,0.014985971249916297,0.001346799359360329,True,6.000000000000034,6.000000000000034,-0.0013292881578405025,-0.00022621875353467935,0.033751755573341535,0.06369720023231107,0.043988887234184704,0.003021021913863775,0.033751755573341535,0.00040390928893563327,0.0006069652391391678,0.0025217656149962853,0.9287019786856441,0.04554086861040507,0.12428028877332786,0.061985422129805734,0.01294886214675195,False,False,True,True,True,True,True,True,True,True,True,True,True,True,True,False,False
62,2025-02-11,2025-02-10 23:00:00+00:00,0.0016159320835970048,0.00880184748395374,False,-4.7500000000000036,-4.7500000000000036,0.0008091338566484918,0.0009809990560196713,0.0015567140883139263,-0.003523484093137852,0.015367701437051684,0.008220910405448256,0.0015567140883139263,0.0002488452101687688,0.00033079882193254306,0.00047504564728662046,0.685156175069534,0.007961586121437492,0.0328560579243089,-0.17694612179946068,-0.004540685460447169,True,True,True,False,True,True,True,True,True,True,True,False,False,True,True,False,False
63,2025-02-18,2025-02-17 23:00:00+00:00,0.0035160643450208307,0.004702344808014569,False,-1.7740406987056527,-1.7740406987056527,-0.0033327683398446384,0.0038826877374309454,0.004874141468575122,-0.002563165962654601,-0.0061695879752138305,-0.017764762997343753,0.004874141468575122,-0.0004846378715065436,-0.0017582738639007056,0.00012292182072770608,0.37590569914566846,0.012993086748795957,0.019436556364331947,-0.11939496895740942,0.04957987131977304,False,True,True,False,False,False,True,False,False,True,False,False,True,False,False,False,False
64,2025-02-25,2025-02-24 23:00:00+00:00,0.01656309096872599,0.004854941702812532,True,5.999999999999979,5.999999999999979,-0.012762037480336441,-0.018015413234121702,-0.022380020106884002,-0.03307305840485664,-0.03776939638336241,-0.010482191281122932,-0.022380020106884002,-0.004949722874177054,-0.010564334083981719,-0.007976143815849768,0.019232613908872202,0.03122751895991338,0.04517876489707473,-0.16483501154066893,-0.07306355658406916,False,False,False,False,False,False,False,False,False,False,False,False,False,False,False,True,True
65,2025-03-04,2025-03-03 23:00:00+00:00,0.013743573398372955,0.002082149637615993,True,5.999999999999979,5.999999999999979,0.007191625472521057,0.00793607375031291,-0.039286887137430226,-0.06324048671991966,-0.08502333582347399,-0.007958272188541504,-0.039286887137430226,0.002213404528523366,0.003409640812156889,0.0028053446903733015,0.16009620304984168,0.06974208799350823,0.11491373531383409,0.09602507661847492,-0.007720732351289228,True,True,False,False,False,False,False,True,True,True,False,True,False,False,False,False,False
66,2025-03-11,2025-03-10 23:00:00+00:00,0.015427829998124976,0.0026818423791501456,True,5.999999999999979,5.999999999999979,-0.0026308555677864165,0.0061029422005791645,0.011970137696700522,-0.034707163621741755,-0.009037849971939904,-0.043409224687338654,0.011970137696700522,0.0007934615240383636,0.0012598228355655827,0.0007311802986751381,0.30963240402331815,0.03144680086965379,0.08553664185939547,6.909122553411251e-05,0.030816421200032362,False,True,True,False,False,False,True,True,True,True,False,True,True,True,True,False,False
67,2025-03-18,2025-03-17 23:00:00+00:00,0.013596883298675366,0.0010177129668536011,True,5.999999999999923,5.999999999999923,0.0005132864984214169,-0.002472096889099995,0.006129341317365311,0.009301085086547367,0.023938513815743745,-0.005708877071390117,0.006129341317365311,-1.3771867273471017e-05,-0.000776300056137158,0.0003035758321339177,0.7446724968766721,0.01689034299170178,0.03419566045289879,-0.06365307901251938,-0.048323067438191036,True,False,True,True,True,False,True,False,False,True,True,False,False,False,False,True,False
68,2025-03-25,2025-03-24 23:00:00+00:00,0.013173323876149001,0.0026598330883236265,True,4.406072141537404,4.406072141537404,-0.007139928282680397,-0.008523983984211059,-0.005905780454630305,-0.0027711101781541236,0.0230028321981135,0.03134309118395007,-0.005905780454630305,-0.002406003218104913,-0.003267598268353211,-0.0042021594283561114,0.6078918887296337,0.013946736117715464,0.04006290627457276,-0.061481785424146174,-0.03694297384729983,False,False,False,False,True,True,False,False,False,False,True,False,False,False,False,True,False
69,2025-04-01,2025-03-31 23:00:00+00:00,0.001576986438402317,0.00876508243669294,False,-4.7500000000000036,-4.7500000000000036,-0.0004574687537919342,-0.0006005692668686891,-0.011790520316093511,0.002851295561986378,0.002030280249229577,0.01383060342203013,-0.011790520316093511,-0.0009034170071368086,-0.0005089494015403373,-0.0023460327843927153,0.4302116837459801,0.016039697887401116,0.03291965231095029,0.009814594678990485,0.015659366228120808,False,False,False,True,True,True,False,False,False,False,False,True,True,False,False,False,True
70,2025-04-08,2025-04-07 23:00:00+00:00,0.014927520817822892,0.0017004610889705951,True,5.999999999999979,5.999999999999979,0.008801825750862857,0.01981844259784804,0.02725877519961739,0.03517304802859966,0.025475369575064022,-0.05462531819980754,0.02725877519961739,0.003996931354413258,0.004840281994301865,0.007493608529248075,0.8100993623016461,0.03611190076237225,0.09056233799374125,0.02824713570496895,0.012345791399979156,True,True,True,True,True,False,True,True,True,True,True,True,True,True,True,False,False
71,2025-04-15,2025-04-14 23:00:00+00:00,0.0018139580042673131,0.008223197349632061,False,-4.7500000000000036,-4.7500000000000036,-0.0017929746596065943,-0.00450972372343339,0.0012139332028513472,-0.0011105828253510364,0.01508267889723025,-0.00020517759128624302,0.0012139332028513472,-0.0007234338540750285,-0.0014716780848633704,-0.0014465622040212844,0.5074898555121544,0.011874438652099695,0.03172473865499814,-0.003588524927836456,-0.017032034211517888,False,False,True,False,True,False,True,False,False,False,True,False,False,False,False,True,False
72,2025-04-22,2025-04-21 23:00:00+00:00,0.0016677685646858675,0.015812236577504857,False,-4.7500000000000036,-4.7500000000000036,0.001332084384499943,-0.0011487848332887296,0.00601258404858096,-0.0014109610237778014,0.02517565298430635,0.03094303367622442,0.00601258404858096,-0.00022065283364203214,0.00044370814446748064,-0.0012249998344744384,0.6423800850030345,0.013052694985346447,0.04273139390622993,0.3166493207297185,0.1461932875626022,True,False,True,False,True,True,True,True,False,False,True,True,True,False,True,False,False
73,2025-04-29,2025-04-28 23:00:00+00:00,0.005477148126733056,0.0067538480368363185,True,1.704218174298084,1.704218174298084,0.003009804087576562,0.0017672849345302666,0.011225573095328345,-0.003410098223026403,0.010551681487642073,-0.0020507084265473097,0.011225573095328345,0.0012320670139844836,0.0022723193103741934,0.0016076587832787315,0.7209948589690162,0.015496690442958316,0.031055016181229744,-0.07063175255161325,0.011676910242895744,True,True,True,False,True,False,True,True,True,True,True,False,True,True,True,False,False
74,2025-05-06,2025-05-05 23:00:00+00:00,0.011046147531062367,0.0008367496224102045,True,1.722358318291179,1.722358318291179,0.0031092951560454107,0.008200539699080078,0.008480917934647003,0.00962330335614836,0.001988991994465561,-0.012840095315273192,0.008480917934647003,0.0018891342034721426,0.002080637440537547,0.0036148578508059526,0.9101162790697641,0.01439973905869274,0.018406529609364286,0.15933735886340306,0.07266563802707537,True,True,True,True,True,False,True,True,True,True,True,True,True,True,True,False,False
75,2025-05-13,2025-05-12 23:00:00+00:00,0.01373860182370823,0.0026105775075986326,True,5.999999999999979,5.999999999999979,0.0029196752751401434,0.009673392866437425,-0.0010901364030745375,-0.015978162348619596,-0.009911411702052897,-0.01090313604673765,-0.0010901364030745375,0.0014466132998609549,0.0017738153425119751,0.0024032302845504727,0.41131318585948096,0.023468880986908802,0.05150181767615569,0.02612139537566649,0.021646395863279766,True,True,False,False,False,False,False,True,True,True,False,True,True,False,False,False,False
76,2025-05-20,2025-05-19 23:00:00+00:00,0.0009705048046623199,0.009090900474921781,False,-4.7500000000000036,-4.7500000000000036,0.0017678462752277468,-0.0012362425420781031,0.0010664166975808964,0.024951551093561175,-0.0024986669994440103,-0.002979292638108366,0.0010664166975808964,0.0007205955098539274,0.0015069491023336212,0.0006165349564897227,0.684326667323417,0.011162848510345436,0.049740882879845794,0.09022357397692149,0.12145200610445572,True,False,True,True,False,False,True,True,True,True,True,True,True,True,True,False,False
77,2025-05-27,2025-05-26 23:00:00+00:00,0.015628922577370474,0.0044894900122589565,True,5.999999999999979,5.999999999999979,-0.0024686077363113013,0.0019130604009349739,-0.0038524759984629453,-0.0034841233175134656,0.000889526331813606,0.019916650965658755,-0.0038524759984629453,-0.00041491140964289297,-0.0014757220274137506,0.0004550631062392174,0.3391203703703729,0.009707096050805442,0.017519023181737703,0.020057692051599574,0.024869129917651334,False,True,False,False,True,True,False,False,False,True,False,True,True,False,False,False,True
78,2025-06-03,2025-06-02 23:00:00+00:00,0.005560814008518711,0.007769048745859042,True,1.6877662091812913,1.6877662091812913,0.005151824211956368,0.011241880863820608,0.01391069516047927,0.013039601112283083,0.0002442624363188095,-0.007558900679339398,0.01391069516047927,0.002688662873963299,0.0035321796574157016,0.005296081119307461,0.8912324954335885,0.01716414609142536,0.022194852153365918,0.057613305339266674,0.040207634813716364,True,True,True,True,True,False,True,True,True,True,True,True,True,True,True,False,False
79,2025-06-10,2025-06-09 23:00:00+00:00,0.007363870544790263,0.0013411142780093144,True,2.1805662371529317,2.1805662371529317,0.001478587757729688,0.014758971202591509,0.020741557725370452,0.027834836990048517,0.042568982426378854,0.013630885122410508,0.020741557725370452,0.0021307951799962588,0.0022647682181609063,0.004559008008142573,0.9034886304718149,0.028379182156133886,0.05130865379864935,0.02935701505252819,0.14779892782388138,True,True,True,True,True,True,True,True,True,True,True,True,True,True,True,False,False
80,2025-06-17,2025-06-16 23:00:00+00:00,0.014310862971512961,0.0026921701325184344,True,5.999999999999979,5.999999999999979,-0.009286307252523107,-0.00830332326395311,-0.000550578478787811,0.008609841773427052,0.022883499592350365,0.021221082092205412,-0.000550578478787811,-0.0032504532616375315,-0.005065675701187766,-0.002997641199900536,0.6848241206030166,0.01455972393541094,0.0379336637438048,-0.0357830355815153,0.031091449839788954,False,False,False,True,True,True,False,False,False,False,True,False,True,False,False,True,False
81,2025-06-24,2025-06-23 23:00:00+00:00,0.007933581259722766,0.0013167337041168903,True,2.6219379305572894,2.6219379305572894,0.011668845324261934,0.02489419336284393,0.04651621921662419,0.03963565474324948,0.04687349584717371,0.010692099274740796,0.04651621921662419,0.004703429125631375,0.006626403428220851,0.011518878728786097,0.9132320374015752,0.055815347304012164,0.06531950544262233,0.10470570822474001,0.09094771296190962,True,True,True,True,True,True,True,True,True,True,True,True,True,True,True,False,False
82,2025-07-01,2025-06-30 23:00:00+00:00,0.0022587343801231397,0.004192390363106924,False,0.2532591911713351,0.2532591911713351,-0.001312600404135389,-0.0034898441718019813,-0.004679492424298659,-0.005387852941996174,-0.010414346025104937,0.00048093023255812994,-0.004679492424298659,-0.0007794966555094707,-0.0014136074969847146,-0.0012072817916499723,0.17387365911800318,0.008392926323039118,0.01966042532131551,-0.11677559365588885,-0.04759625434403114,False,False,False,False,False,True,False,False,False,False,False,False,False,False,False,True,True
83,2025-07-08,2025-07-07 23:00:00+00:00,0.005240548395880951,0.004716308312447071,True,-0.8435481420968332,0.2500000000000009,0.0002751625497283694,0.0009957490601111285,0.0015872750819148074,-0.006436277266063883,-0.010091091214992742,-0.006908138685392529,0.0015872750819148074,1.1872696923376225e-05,-0.00013224949994106172,2.8169458103244338e-05,0.23058834169944986,0.00797070428826685,0.020578655449672523,0.12614875503519474,0.01354982625793566,True,True,True,False,False,False,True,False,True,True,False,True,True,False,False,False,False
84,2025-07-15,2025-07-14 23:00:00+00:00,0.01364917268399013,0.00011248631416505006,True,5.999999999999979,5.999999999999979,0.0006778767865138757,0.00225145100004176,-0.0033657227750562013,-0.014880876649360775,0.012822460319067863,0.015748802960903197,-0.0033657227750562013,9.714703111374234e-05,-0.000494551902485485,0.0006172229436554044,0.3396711822165056,0.008417221036776557,0.04204873711806334,0.12758439798677945,0.13389590462425804,True,True,False,False,True,True,False,False,True,True,False,True,True,False,False,False,False
85,2025-07-22,2025-07-21 23:00:00+00:00,0.012298425423054038,0.005450622593401899,True,2.6926555119569935,2.6926555119569935,0.0012871638692759646,0.005135885910330318,-0.005426138386876889,-0.01185611602904768,0.00040252293186804344,-0.005018572436729096,-0.005426138386876889,0.0007801013038701843,-3.2742316608547206e-05,0.0015381562446397101,0.2612888412674116,0.013984244240860866,0.02804967794178137,0.08882391154633384,0.014500668295859054,True,True,False,False,True,False,False,False,True,True,False,True,True,False,False,False,False
86,2025-07-29,2025-07-28 23:00:00+00:00,0.0037049325839739744,0.007994541885849804,False,-3.5011203475135693,-3.5011203475135693,-0.00229017004830101,-0.0013711306658712452,-0.0013838244229333885,-0.008068079948485463,-0.013677097954336026,-0.009047710231395611,-0.0013838244229333885,-0.0005377651413432938,-0.0012311388475089169,-0.0003758986763995331,0.18770627062706272,0.008022966572392543,0.020649470133233372,-0.15896600996825938,-0.008326042793132205,False,False,False,False,False,False,False,False,False,False,False,False,False,False,False,True,True
87,2025-08-05,2025-08-04 23:00:00+00:00,0.010150567033470281,0.00012837839010026997,True,3.5714941856732914,3.5714941856732914,0.0010680689920468112,0.005717590795324412,-0.0006787306782798375,0.00911038109018203,0.008434227111815185,0.011196986061235092,-0.0006787306782798375,0.0006358435358571057,0.0014713405107027455,0.001041639863747612,0.753767920597969,0.009649119744738144,0.01431079017095449,0.12484394490464923,0.036653070968976964,True,True,False,True,True,True,False,True,True,True,True,True,True,False,False,False,False
88,2025-08-12,2025-08-11 23:00:00+00:00,0.0025958049772141223,0.0033724429007047085,False,-1.5005536595380224,-1.5005536595380224,0.0025509709126891877,0.00038383870693503575,-0.010022599161840118,-0.017117767561259822,-0.0025941088300410753,0.010896341021330747,-0.010022599161840118,0.00030960840410032553,0.0013575985145906078,-0.000810769215623619,0.18079545454545454,0.01752562473528152,0.03727234222786957,0.09960249882309324,-0.11120099605146394,True,True,False,False,False,True,False,True,True,False,False,True,False,False,False,False,False
89,2025-08-19,2025-08-18 23:00:00+00:00,0.013816986599027192,0.0029688256120086187,True,6.000000000000034,6.000000000000034,-0.004922265833145922,0.0006829355563429118,0.0027338935574230394,0.010930248522170283,-0.012583927505985582,-0.016024754030170008,0.0027338935574230394,-0.0002615969884913749,-0.0024163632198542784,0.001450972198898226,0.5237578388808477,0.008864544582404488,0.028941145674272528,-0.09856497653371621,-0.058038524192038476,False,True,True,True,False,False,True,False,False,True,True,False,False,False,False,False,False
90,2025-08-26,2025-08-25 23:00:00+00:00,0.013961350375306103,0.0011371810988147768,True,5.999999999999979,5.999999999999979,0.0008799992000005918,-0.007425137823937056,-0.018788807282378528,-0.007421558401047301,-0.028977160476405528,-0.017163739469870598,-0.018788807282378528,0.0006228789523876621,-0.0006854531856650414,0.0014259654519364062,0.1981385682336711,0.032455653645218296,0.040530196905689264,-0.010698818993277848,-0.07418800845631868,True,False,False,False,False,False,False,False,True,True,False,False,False,False,False,False,False
91,2025-09-02,2025-09-01 23:00:00+00:00,0.0001522332619527944,0.009449533751036743,False,-4.7500000000000036,-4.7500000000000036,0.006850053135752487,-0.006720155425932184,-0.0035990832679859697,-0.0017379707464616478,-0.002127653697891696,-0.0010730422032642073,-0.0035990832679859697,0.0004992842119342367,0.002459170813126077,-0.0007168376739055127,0.44106935005444214,0.017677839851024224,0.024841551512664317,0.19305901646607637,-0.0028387491927405195,True,False,False,False,False,False,False,True,True,False,False,True,False,False,False,False,False
92,2025-09-09,2025-09-08 23:00:00+00:00,0.010132217098818286,0.0006088065697626988,True,0.1716778816027449,0.1716778816027449,-0.0010773971864795895,0.0015158426987356144,-0.000671642522276028,0.0026445427148611422,0.008509521296726552,0.010582048657274523,-0.000671642522276028,0.0001761361475740575,-0.00031814557283138534,0.001120444223053907,0.7040980400677906,0.005787370246855161,0.02081190957478074,-0.0880228503052991,0.020215685157449537,False,True,False,True,True,True,False,False,True,True,True,False,True,False,False,False,False
93,2025-09-16,2025-09-15 23:00:00+00:00,0.0030983128514893155,0.0024994792751509287,False,-1.7667152676525681,-1.7667152676525681,-0.0023947906809221875,0.0001241213855072143,0.004478233882891258,0.004203350479075718,-0.005691913530548209,-0.006361359552052082,0.004478233882891258,-0.00043039204833716926,-0.0005953475296213151,-0.00046593377137649217,0.365738828776744,0.0087280511077239,0.021177468656664145,-0.21224034819978443,-0.11387729233389499,False,True,True,True,False,False,True,False,False,False,False,False,False,False,False,False,False
94,2025-09-23,2025-09-22 23:00:00+00:00,0.010473050392506122,0.001991398437791503,True,0.16753549787620958,0.16753549787620958,-0.0012969006558130047,0.0049110135414371925,0.0014035861715631093,-0.0017316992287597088,-0.023440732436148193,-0.02308152306459854,0.0014035861715631093,-0.00028513272102603793,-0.0004895836284436461,-0.0003605472457793857,0.27757998257189315,0.009619519015109823,0.036032374862293715,-0.11109492688436284,-0.07076872256866484,False,True,True,False,False,False,True,False,False,False,False,False,False,False,False,False,False
95,2025-09-30,2025-09-29 23:00:00+00:00,0.0012337252104911434,0.005906634690285184,False,-0.3613940832010991,-0.3613940832010991,0.00018141153952666578,-0.0002470344910958655,0.005383438987691447,0.01941541174232242,0.01825392576730911,0.030186273095931915,0.005383438987691447,-0.00013289164182472835,0.0003900812173971424,-0.0006181093434538543,0.9126277727557183,0.008577261043432927,0.025795284347225556,-0.16156291478219686,-0.002530602746480537,True,False,True,True,True,True,True,True,False,False,True,False,False,False,True,True,False
96,2025-10-07,2025-10-06 23:00:00+00:00,0.007559206047364819,0.00048080038464037855,True,1.45040176032138,1.45040176032138,-0.0015057317656681501,-0.0023647982658678846,-0.002935362987944279,0.009001925985957948,0.013970096757237371,0.016927741078617498,-0.002935362987944279,-0.00023845530015298433,-6.549594707183637e-05,-9.693909326702332e-06,0.6210971786833865,0.01402424817013892,0.02593105914964,-0.14409303041751853,-0.052774848994124435,False,False,False,True,True,True,False,False,False,False,True,False,False,False,False,True,False
97,2025-10-14,2025-10-13 23:00:00+00:00,0.01382411436966402,8.662268544679108e-07,True,5.999999999999923,5.999999999999923,-0.002683278921919663,-0.002492832566330039,0.006253165152768636,0.009149747457529278,0.0045361201510589755,0.004264306371045468,0.006253165152768636,-0.0003397523182006035,-0.000883750954706719,-9.759011321819333e-05,0.7972312351287055,0.014687562964844858,0.0203476217094114,-0.08853400006958423,0.04756890687189008,False,False,True,True,True,True,True,False,False,False,True,False,True,False,False,True,False
98,2025-10-21,2025-10-20 23:00:00+00:00,0.01383075276682788,0.0003097582891951056,True,5.999999999999979,5.999999999999979,0.0029191407962381177,-0.0003999068388583771,-0.0009166936592047703,0.0007374611273938125,0.01697974058321483,0.017972782731112247,-0.0009166936592047703,5.5473598995492424e-05,0.00022169352217527027,-0.0004782150851174727,0.7850355738625727,0.01288979963570136,0.03979243265795729,0.12153903669816302,-0.0155273264019965,True,False,False,True,True,True,False,True,True,False,True,True,False,False,False,False,False
99,2025-10-28,2025-10-27 23:00:00+00:00,0.005271789962911555,0.0036921814638817274,True,-0.028131188151397257,0.22914688868844246,-0.0026507644115645324,-0.006122061375690935,-0.012306461541658376,-0.011541370875714496,-0.005860494948209838,0.016905540041755263,-0.012306461541658376,-0.001078930800928135,-0.0021038313407369946,-0.001211421779914179,0.02824930326830262,0.015198400168403348,0.020771497737080313,0.08137407211776493,-0.062247021330439134,False,False,False,False,False,True,False,False,False,False,False,True,False,False,False,False,True
100,2025-11-04,2025-11-03 23:00:00+00:00,0.0058398220244716414,0.007800521600577204,True,-1.9769638938159355,0.23269849382204288,-5.1668857113051914e-05,-0.005643384087356984,-0.0014999788933550695,-0.00798613214537014,-0.03330787373613986,-0.03140196219121638,-0.0014999788933550695,-0.0008047435672011716,-0.0006413195457500853,-0.002465608481909576,0.2109776381445215,0.019357901316405357,0.05138651471984801,-0.019766282808085567,0.005884774627429312,False,False,False,False,False,False,False,False,False,False,False,False,True,False,False,True,True
101,2025-11-11,2025-11-10 23:00:00+00:00,0.005700733652252321,0.012624063831613963,True,-4.7500000000000036,0.2500000000000564,0.003536867297420754,0.0012222029121298217,0.0068711745016167836,-0.00014808596531767915,0.008401778528661419,0.014344027147096039,0.0068711745016167836,0.0009933632161931438,0.003089184210537388,0.0005330114543877773,0.7308239502459268,0.01062756165326939,0.023608068257171766,0.07905995421567558,0.011814049246821945,True,True,True,False,True,True,True,True,True,True,True,True,True,True,True,False,False
102,2025-11-18,2025-11-17 23:00:00+00:00,0.016408731514286012,0.001326275767759455,True,5.999999999999979,5.999999999999979,0.004124820464684875,0.007090130499028735,-0.01928188024388977,-0.03505335229466655,-0.008723498945440222,0.0008993197235573902,-0.01928188024388977,0.0013943025988207847,0.0016560350181649142,0.002467870977193254,0.20223846121540598,0.03405917808219172,0.052188493150684856,0.01516710939834609,-0.02066749730351014,True,True,False,False,False,True,False,True,True,True,False,True,False,False,False,False,False
103,2025-11-25,2025-11-24 23:00:00+00:00,0.01361296025160097,0.0007427919268225835,True,6.000000000000034,6.000000000000034,-0.0030106176324278255,0.001519497390059632,0.016358627747711463,0.02871851327984465,0.012509972545496462,0.0051606040433385125,0.016358627747711463,-0.0007581396235960547,-0.001956669490923324,-0.00030694426642696726,0.8500088587410451,0.026347711997053658,0.04635770136952888,-0.21107630851004644,-0.027498952386577402,False,True,True,True,True,True,True,False,False,False,True,False,False,False,False,False,False
104,2025-12-02,2025-12-01 23:00:00+00:00,0.004372480304767445,0.010004808225764661,False,-4.7500000000000036,-4.7500000000000036,-0.0008326567756434811,0.012788891399192481,0.020394154902168893,-0.00011788037222459913,-0.04928607063032808,-0.07696918546695641,0.020394154902168893,0.0024167551778913055,0.001998681387958001,0.005169405601985977,0.3678640672124082,0.02846562363396621,0.08864488100637335,-0.002894921874900147,0.09626636660529764,False,True,True,False,False,False,True,True,True,True,False,False,True,True,True,False,False
105,2025-12-09,2025-12-08 23:00:00+00:00,0.012502671040196756,0.00205312120684753,True,4.279265788876636,4.279265788876636,-0.004831775721423015,0.00617300369271967,0.00956875548354752,-0.012856226419197259,0.011770553334135903,0.0021395809095894336,0.00956875548354752,-0.000396828962271778,-0.0008004992357089069,4.853277086214192e-06,0.47153305607342827,0.01892307057302456,0.031173510786446146,-0.1705133659568434,0.059203767161220666,False,True,True,False,True,True,True,False,False,True,False,False,True,False,False,False,False
106,2025-12-16,2025-12-15 23:00:00+00:00,0.011629525170244737,0.0028969439444825884,True,1.7369881060620713,0.24999999999994538,0.0024681311143792684,0.000958835096614985,0.0003329462494823243,-0.039710628478772714,-0.023374552340739818,-0.028347177827207637,0.0003329462494823243,0.0007224139419814701,0.002420182892404865,0.0006810311003631053,0.23590643752296286,0.01702302728245142,0.05759053988927154,0.022676376135379428,0.01722383383473436,True,True,True,False,False,False,True,True,True,True,False,True,True,True,True,False,False
107,2025-12-23,2025-12-22 23:00:00+00:00,0.009904531912972803,0.00326013361018318,True,3.335041076103635,3.335041076103635,0.0044978819827408145,0.00547806561197639,-0.007771788664676538,-0.012420512066117939,-0.000505296021132029,0.01286615352930931,-0.007771788664676538,0.0009916360703710048,0.0025176933190305117,0.0004995210767988478,0.2799927378358772,0.019034374765285023,0.03135067448346529,0.22245450374121045,0.01822779177181655,True,True,False,False,False,True,False,True,True,True,False,True,True,False,False,False,False
108,2025-12-30,2025-12-29 23:00:00+00:00,0.006048070767352587,0.0015724296844488173,True,-0.4344833371699157,-0.4344833371699157,0.0010891747494898851,-0.0005334029275351204,-0.004276330794143135,-0.004243400833170874,-0.005018380216369134,-0.0025588845222219714,-0.004276330794143135,0.0003194253416773929,0.00045865509802056614,-0.00028002209683841706,0.15414844744561934,0.010623436124967744,0.04164822498847398,0.05278275309876945,0.04399548374465123,True,False,False,False,False,False,False,True,True,False,False,True,True,False,False,False,False
109,2026-01-06,2026-01-05 23:00:00+00:00,0.006992806397429829,0.00030703753401040146,True,1.1968729448936517,1.1968729448936517,0.0010837739156144277,-0.003053588734661883,0.004884287753409211,0.01218381756749487,0.02930154178928035,0.025552685096256633,0.004884287753409211,0.00012533616721666085,-0.00023902626713101505,0.0006976705502113045,0.8225630709915331,0.016730507183399412,0.03925488862811344,-0.035783208906678854,0.02429442375589841,True,False,True,True,True,True,True,False,True,True,True,False,True,False,False,False,False
110,2026-01-13,2026-01-12 23:00:00+00:00,0.002115041133109341,0.004573269344841702,False,-2.2598038570720007,-2.2598038570720007,0.00020946450563630314,-0.008274887185342195,-0.011190833967574476,0.008295966108590402,0.009587338204673834,0.011622605357670679,-0.011190833967574476,-0.0004076826571596248,-0.0007871460408982456,-0.000525977125094057,0.46985962014863747,0.015342797402883246,0.02689139075788871,0.035315192399670625,0.010165295868859392,True,False,False,True,True,True,False,False,False,False,False,True,True,False,False,False,True
111,2026-01-20,2026-01-19 23:00:00+00:00,0.006787134705170339,0.0034259899706035046,True,1.961611620266341,1.961611620266341,-0.004957570295873404,-0.006422467576256641,-0.006347777901871909,-0.004499372218151776,-0.025753364078589858,-0.01977891006318666,-0.006347777901871909,-0.0014490586299230612,-0.003662425177891615,-0.0018989694712083782,0.1998627504803749,0.009053735476569402,0.039684095860566426,-0.18900458326221992,-0.07909462322446414,False,False,False,False,False,False,False,False,False,False,False,False,False,False,False,True,True
112,2026-01-27,2026-01-26 23:00:00+00:00,0.0013440051580737578,0.008266085777950849,False,-4.7500000000000036,-4.7500000000000036,0.0003099887927129341,0.0010385938757049296,0.004450160595726338,0.002456784377627752,0.019070776805049316,-0.0040631499703764895,0.004450160595726338,0.0007143786035921362,0.0007054721934509622,0.001454104995986416,0.7371995448727053,0.017667893284268654,0.03269407602965302,-0.010689826216887854,-0.014349601008766588,True,True,True,True,True,False,True,True,True,True,True,False,False,True,True,False,False
113,2026-02-03,2026-02-02 23:00:00+00:00,0.01513237334985651,0.0051385060368240865,True,5.999999999999979,5.999999999999979,0.002012722646310472,0.005839005887536608,-0.0015757614172978718,0.016447308985878317,0.022534973546690873,0.01274487820844894,-0.0015757614172978718,0.0016015601811478763,0.0019201782644879817,0.0033806889170071575,0.8837678721614797,0.01699570418482277,0.06379183153376711,0.2109533337851821,0.05641496766713594,True,True,False,True,True,True,False,True,True,True,True,True,True,False,False,False,False
114,2026-02-10,2026-02-09 23:00:00+00:00,0.016754295918628426,0.0029672620147809248,True,6.000000000000034,6.000000000000034,0.00028870536266656366,-0.006406480221846422,0.0017233226800659196,0.02109577228005932,-0.014520004763873051,-0.007848086205724303,0.0017233226800659196,-0.00015210099226636853,-0.0008449019057964469,0.00035854259547529743,0.51200258173423,0.018758572061207124,0.05900395039232942,-0.05142173149534801,-0.07497494309799124,True,False,True,True,False,False,True,False,False,True,True,False,False,False,False,True,False
115,2026-02-17,2026-02-16 23:00:00+00:00,0.00307900544186146,0.009735841461120165,False,-4.7500000000000036,-4.7500000000000036,-0.0029811200577029018,0.009546064953882105,0.010627932447033528,-0.003195654607601628,-0.0011669376409502163,-0.01590414006549623,0.010627932447033528,0.0006220058345973722,-0.00016345842641074526,0.00228334192541757,0.4582823586983147,0.02029983480665276,0.04254126394052027,-0.08703281141527064,0.049802961909363175,False,True,True,False,False,False,True,False,True,True,False,False,True,False,False,False,False
116,2026-02-24,2026-02-23 23:00:00+00:00,0.02038507196913497,0.0044146015729336074,True,5.999999999999979,5.999999999999979,-0.0008617747308498069,0.005345740423898571,-0.010610493346648653,-0.023091500751243887,-0.043423809460440554,-0.03298555614751675,-0.010610493346648653,0.0007438186384738366,-0.0003013039013307628,0.00343315840619951,0.21683083400473102,0.02460695270905111,0.06025211399937369,-0.000588431210501672,0.0025713563056766198,False,True,False,False,False,False,False,False,True,True,False,False,True,False,False,False,False
117,2026-03-03,2026-03-02 23:00:00+00:00,0.015432000945051594,0.0005704884591337667,True,5.999999999999923,5.999999999999923,0.0017201818313008488,0.004635720374736474,-0.0017817570511706737,0.04781528410514646,0.05697192288424269,0.049905442001906275,-0.0017817570511706737,0.000612000495518572,0.0017699380375888474,0.0006941367584545333,0.8630481667864839,0.015023394697591064,0.07693064013617557,0.09609672601460639,0.04673655816116762,True,True,False,True,True,True,False,True,True,True,True,True,True,False,False,False,False
118,2026-03-10,2026-03-09 23:00:00+00:00,0.003924072405841139,0.008359790210809459,False,-4.7500000000000036,-4.7500000000000036,-0.002290585910060705,-0.005084637607174813,-0.004164664656672978,0.014360278570477947,0.03393488529116517,0.027163294231265178,-0.004164664656672978,-0.0011650640015175018,-0.002249832625430437,-0.001965981506088288,0.759678068410462,0.019030763884510415,0.0566743448810636,-0.08739299501600617,0.049770718011627135,False,False,False,True,True,True,False,False,False,False,True,False,True,False,False,True,False
119,2026-03-17,2026-03-16 23:00:00+00:00,0.0069313026137929334,0.009674915349509483,True,-4.7500000000000036,-4.7500000000000036,0.0012180414857694277,0.011179708983825032,0.013191206043438042,0.014122185063736525,0.024888758428846636,0.03192941153417106,0.013191206043438042,0.001609478811197551,0.0018309570750973947,0.004064791442789817,0.9408577707054611,0.017124366971679628,0.036538770356998374,0.04348622730285201,0.07769830855034288,True,True,True,True,True,True,True,True,True,True,True,True,True,True,True,False,False
120,2026-03-24,2026-03-23 23:00:00+00:00,0.007502993140161007,0.00473389676458158,True,2.1138025813803036,2.1138025813803036,0.0023746944847862217,0.0018792733287640306,0.002133310668678279,0.03223721359816878,0.0353461661732275,0.025687406394951484,0.002133310668678279,-0.00043026576265647876,0.00026497972091221733,-0.0018784806109521934,0.7620110713716204,0.012888620928936279,0.06512898348815499,0.07113609563865109,0.0335029392035151,True,True,True,True,True,True,True,True,False,False,True,True,True,False,True,False,False
121,2026-03-31,2026-03-30 23:00:00+00:00,0.005532882672323769,0.009790790214903033,True,-4.7500000000000036,0.2500000000000564,-0.003035114421722551,0.003403482556400217,-0.007355620297704868,-0.010941706959630926,0.011378031262690103,0.013193652360502073,-0.007355620297704868,-7.584520745473888e-05,-0.00020344914252035107,0.00018614048120779714,0.4144599448667631,0.018786980684319055,0.03641136231601938,0.095763870125529,0.05045679544745196,False,True,False,False,True,True,False,False,False,True,False,True,True,False,False,False,True
122,2026-04-07,2026-04-06 23:00:00+00:00,0.007989589543015874,0.004867906422205248,True,-1.0575155938758733,0.2500000000000009,-0.008855538710737298,-0.01251281432792617,-0.011183955143411639,-0.012817550139873513,0.0070531836697642625,0.03836455706753905,-0.011183955143411639,-0.0034071552138036365,-0.007725474410737676,-0.004480711058830411,0.2595096405617738,0.017132180816261222,0.03078467581193567,-0.20194433506038512,-0.09085523235220527,False,False,False,False,True,True,False,False,False,False,False,False,False,False,False,True,True
123,2026-04-14,2026-04-13 23:00:00+00:00,0.00875469168900811,0.0036193029490616535,True,0.8887399463806962,0.8887399463806962,0.018293823207029103,0.018694294348424068,0.033146600375312474,0.05377211370583601,0.054357427647097945,0.01737325714027893,0.033146600375312474,0.006147044193988815,0.009961380366542816,0.01029247323201754,0.9645380017482916,0.03819444444444442,0.06002356868456382,0.13145483354453424,0.13206689766867097,True,True,True,True,True,True,True,True,True,True,True,True,True,True,True,False,False
124,2026-04-21,2026-04-20 23:00:00+00:00,0.006514091695125623,0.0040117111409934125,True,0.2996827903386796,0.2996827903386796,-0.001541194741527696,-0.003572183165594711,0.006566143991176165,0.012260009252333948,0.027705439031521006,0.0025603233756326116,0.006566143991176165,-0.0003881754210147692,-0.00039825161141304743,-0.0005537429640831704,0.789203354297693,0.017124630361829984,0.038849448207522785,-0.019392583976284516,0.06344221886956869,False,False,True,True,True,True,True,False,False,False,True,False,True,False,False,True,False
125,2026-04-28,2026-04-27 23:00:00+00:00,0.005107379605275186,0.005507245624193358,True,0.4223344645560574,0.4223344645560574,0.0034601264717915026,0.0015968167691768897,0.0035124198436087273,-0.009323388728332938,-0.015930202995424914,-0.017247087204229405,0.0035124198436087273,0.0008534204961574421,0.0015319682945900137,0.0007729190908942751,0.20484451718494368,0.008337696335078526,0.03998691099476437,-0.02506680409588591,-0.09198964380721053,True,True,True,False,False,False,True,True,True,True,False,False,False,True,True,False,False
126,2026-05-05,2026-05-04 23:00:00+00:00,0.003948425565305835,0.008647801689076529,False,-4.7500000000000036,-4.7500000000000036,-0.0032717019575414508,0.0008979478514907768,-0.0019690783615872176,0.014649502259231006,0.0101326406585458,0.018188854489163964,-0.0019690783615872176,-0.00041054895891323717,-0.0013340971917984445,0.0002728375876250855,0.7201331618370264,0.011587233003325093,0.033834090848002596,-0.045139909268010925,-0.03127459324660964,False,True,False,True,True,True,False,False,False,True,True,False,False,False,False,False,False
127,2026-05-12,2026-05-11 23:00:00+00:00,0.013781905502491809,0.0,True,5.999999999999979,5.999999999999979,-0.0014735847421105674,-0.002496551539093117,0.003728311852791766,0.010328304445951453,-0.004909242881597775,0.0021215868387864933,0.003728311852791766,9.15951215003652e-05,0.0001733113105333306,0.0003389277365930532,0.6747640938785358,0.009549656121383476,0.02570465457621207,0.007897679361843934,0.07103244590002378,False,False,True,True,False,True,True,True,True,True,True,True,True,True,True,False,False
128,2026-05-19,2026-05-18 23:00:00+00:00,0.0077058861704198955,0.004407813615419531,True,0.2597994678435196,0.2597994678435196,-0.00045147956860336347,0.0015599589730790342,0.00686357405067195,0.004179895834962588,-0.010918460092739557,-0.02069587159609898,0.00686357405067195,0.00012524477243736065,0.00028297382781117264,0.0010116106066120345,0.5270988853666055,0.014185161291170312,0.025729403190456468,-0.0718458105886155,-0.013442959499396001,False,True,True,True,False,False,True,True,True,True,True,False,False,True,True,False,False
129,2026-05-26,2026-05-25 23:00:00+00:00,0.00844136385041383,0.003285995794236829,True,1.6551465465909638,1.6551465465909638,-0.0025658941811265157,-0.004168852073574314,-0.008211222175188992,-0.004239603476939857,0.002765632784846428,0.013377001626474483,-0.008211222175188992,-0.0008667968054109076,-0.0020379887345464143,-0.0010598064587151734,0.2808022922636054,0.009851800969468139,0.014547140786050905,-0.00018059847987228483,-0.07779717632677607,False,False,False,False,True,True,False,False,False,False,False,False,False,False,False,True,True
130,2026-06-02,2026-06-01 23:00:00+00:00,0.018755420186139182,0.002624105625505191,True,5.999999999999979,5.999999999999979,0.007259159326128861,-0.0018584943259286613,-0.0026715925318369083,-0.017873949441077897,-0.03597505139100099,-0.02620244859288956,-0.0026715925318369083,0.0007888324584208739,0.002521418998274738,-0.0003195114075473793,0.20563899121564513,0.013875942716718992,0.049949823710667474,0.031200847082986094,-0.011611524971362863,True,False,False,False,False,False,False,True,True,False,False,True,False,False,False,False,False
131,2026-06-09,2026-06-08 23:00:00+00:00,0.013919467067039282,0.00252335682157967,True,5.999999999999979,5.999999999999979,-0.0017915250475037947,0.001132061172354204,-0.0005044175947162,0.0056318236895027685,0.009299097627790909,0.020596186796195237,-0.0005044175947162,-0.0010701201381000391,4.917321740749436e-05,-0.0030965666395281755,0.5717059639389737,0.011281614184954547,0.02889686903826738,0.10191514180461358,0.0407809109393813,False,True,False,True,True,True,False,True,False,False,True,True,True,False,False,False,False
132,2026-06-16,2026-06-15 23:00:00+00:00,0.008506876227897697,0.0038824240592412185,True,1.9619540577300594,1.9619540577300594,-0.0036484205486032595,-0.005554587042903902,-0.009816538473049419,0.004603229548118204,0.013891400080290106,0.049113785557986844,-0.009816538473049419,-0.0013549048502354832,-0.0020168283400909814,-0.0023601946541310648,0.46752354788069206,0.01600391129355727,0.03125565420059173,-0.03084760123798147,-0.0549494461295833,False,False,False,True,True,True,False,False,False,False,False,False,False,False,False,True,True
133,2026-06-23,2026-06-22 23:00:00+00:00,0.005931335371431756,0.004670946151981603,True,2.0147247394387287,2.0147247394387287,-0.006106497692772828,-0.01014031747505939,-0.011688486307795176,-0.002980997698769472,0.004374123408392272,0.00828186390251262,-0.011688486307795176,-0.0021619238919521333,-0.0026533371986978693,-0.003033551691516312,0.30641090358404943,0.015497590117678817,0.03760202467573559,-0.02725626412815818,-0.025823122950827004,False,False,False,False,True,True,False,False,False,False,False,False,False,False,False,True,True
134,2026-06-30,2026-06-29 23:00:00+00:00,0.01502493104179925,0.00045585349034582556,True,5.999999999999979,5.999999999999979,-0.0018580779234531608,-0.0026089414939083344,0.003092757792169998,0.0052339183235463604,0.01871725030016158,0.0035619460126319336,0.003092757792169998,-0.00024121067834126375,-0.0010380962825912166,-9.278504999976622e-05,0.7737253052455053,0.013290262882301729,0.03242650807136793,-0.0810451162057585,0.007830911914566308,False,False,True,True,True,True,True,False,False,False,True,False,True,False,False,True,False
135,2026-07-07,2026-07-06 23:00:00+00:00,0.01510574958895916,0.001608352847391803,True,5.999999999999979,5.999999999999979,-0.0017485316220000602,0.010215846122146655,0.007619839508012705,0.021907612215056993,0.0067038142932154265,0.015998162890385803,0.007619839508012705,0.0003714234370197911,0.00037651052999976287,0.0013196578490664024,0.8631182067218462,0.018244119572881967,0.055384439695254306,-0.053072727193353986,0.1150117912605344,False,True,True,True,True,True,True,True,True,True,True,False,True,True,True,False,False
136,2026-07-14,2026-07-13 23:00:00+00:00,0.0007011546433723925,0.00919740411225578,False,-4.7500000000000036,-4.7500000000000036,-0.003687607642409829,-0.0060107078278910375,-0.0057664291026375825,-0.01671951250508341,-0.029544246601329816,-0.029098354903553947,-0.0057664291026375825,-0.0007939662195960429,-0.002434251198632942,-0.000174392205621543,0.035267480236396254,0.008756431414425725,0.042160955247063425,-0.04481109704808761,-0.062427815063302194,False,False,False,False,False,False,False,False,False,False,False,False,False,False,False,True,True
137,2026-07-21,2026-07-20 23:00:00+00:00,0.00030713096678680607,0.008412317180292117,False,-4.7500000000000036,-4.7500000000000036,-0.0004021803702208837,0.0010791947546830993,-0.004582801501104461,0.01264903514951321,0.008389997042286046,0.014794495071601244,-0.004582801501104461,-0.0008434018312672986,-0.0009709886420712355,-0.0017027677893498572,0.6738145133778437,0.01194559723371591,0.03219368615274543,-0.08639315675433856,0.08206087165148679,False,True,False,True,True,True,False,False,False,False,True,False,True,False,False,False,False
138,2026-07-28,2026-07-27 23:00:00+00:00,0.011520574695516483,0.002322936844664447,True,2.6379430009959854,2.6379430009959854,-0.01440927536231884,-0.018897133729537052,-0.016171990975782147,-0.02312432773662898,-0.0250573447105239,0.003024333827081005,-0.016171990975782147,-0.00499465085874351,-0.011188812582892949,-0.00584325866216262,5.0833672223741846e-05,0.020611619739849152,0.03085547397628119,-0.2977371835120829,-0.2269093782641043,False,False,False,False,False,True,False,False,False,False,False,False,False,False,False,True,True
