partition,date_utc,signal_ts,entry_start,entry_px,H,L,range,F65,E20_DOWN,session_end,e20_reached,e20_bar_start,ratchets,final_ceiling,exit_bar_start,exit_ts,exit_px,exit_reason,net_pnl_usd,win,hold_minutes,trough_extension_r,realized_exit_extension_r,capture_ratio,giveback_r
august,2026-08-14,2026-08-14 14:05:00+00:00,2026-08-14 14:10:00+00:00,62618.335,62974.4,62555.5,418.90000000000146,62827.785,62471.72,2026-08-14 20:00:00+00:00,False,,0,,2026-08-14 15:30:00+00:00,2026-08-14 15:35:00+00:00,62871.3,PRE_E20_CLOSE_INVALIDATION_F65,-2.41989561044702,False,85.0,,,,
development,2022-01-03,2022-01-03 15:10:00+00:00,2022-01-03 15:15:00+00:00,46896.733,47575.22,46777.0,798.2200000000012,47295.843,46617.356,2022-01-03 20:00:00+00:00,True,2022-01-03 15:55:00+00:00,0,46617.356,2022-01-03 16:00:00+00:00,2022-01-03 16:00:00+00:00,46689.99,PROFIT_CEILING_GAP_OPEN,1.804236700240947,True,45.0,0.6471899977449799,0.10900503620555976,0.16842818428184725,0.5381849615394201
development,2022-01-17,2022-01-17 15:15:00+00:00,2022-01-17 15:30:00+00:00,42490.1445,42887.63,42420.0,467.6299999999974,42723.9595,42326.474,2022-01-17 20:00:00+00:00,True,2022-01-17 16:05:00+00:00,0,42326.474,2022-01-17 16:10:00+00:00,2022-01-17 16:10:00+00:00,42368.89,PROFIT_CEILING_GAP_OPEN,1.0268544085558888,True,40.0,1.2702350148621844,0.10929581079058416,0.08604377104377202,1.1609392040716002
development,2022-03-14,2022-03-14 13:35:00+00:00,2022-03-14 14:50:00+00:00,38728.61,39287.4,38630.0,657.4000000000015,39057.31,38498.52,2022-03-14 20:00:00+00:00,False,,0,,2022-03-14 14:55:00+00:00,2022-03-14 15:00:00+00:00,39101.0,PRE_E20_CLOSE_INVALIDATION_F65,-5.207686100792186,False,10.0,,,,
development,2022-03-24,2022-03-24 13:35:00+00:00,2022-03-24 13:50:00+00:00,42793.854999999996,43206.7,42721.0,485.6999999999971,43036.705,42623.86,2022-03-24 20:00:00+00:00,False,,0,,2022-03-24 14:00:00+00:00,2022-03-24 14:05:00+00:00,43063.3,PRE_E20_CLOSE_INVALIDATION_F65,-3.5481739609577896,False,15.0,,,,
development,2022-04-15,2022-04-15 14:00:00+00:00,2022-04-15 14:10:00+00:00,40064.76,40400.0,40005.6,394.40000000000146,40261.96,39926.72,2022-04-15 20:00:00+00:00,True,2022-04-15 14:25:00+00:00,0,39926.72,2022-04-15 14:30:00+00:00,2022-04-15 14:30:00+00:00,39975.7,PROFIT_CEILING_GAP_OPEN,0.7114505615409387,True,20.0,0.39655172413793327,0.07581135902637258,0.19117647058824283,0.3207403651115607
development,2022-05-03,2022-05-03 13:35:00+00:00,2022-05-03 13:40:00+00:00,38311.455,38659.7,38250.0,409.6999999999971,38516.305,38168.06,2022-05-03 20:00:00+00:00,True,2022-05-03 13:45:00+00:00,0,38168.06,2022-05-03 13:50:00+00:00,2022-05-03 13:50:00+00:00,38201.5,PROFIT_CEILING_GAP_OPEN,1.0350146711995527,True,10.0,1.830363680742023,0.11837930192824102,0.0646752900386717,1.7119843788137818
development,2022-05-16,2022-05-16 13:55:00+00:00,2022-05-16 14:00:00+00:00,29547.905,30288.0,29417.3,870.7000000000007,29983.255,29243.16,2022-05-16 20:00:00+00:00,True,2022-05-16 16:40:00+00:00,0,29243.16,2022-05-16 16:45:00+00:00,2022-05-16 16:45:00+00:00,29243.16,PROFIT_CEILING_HIT,4.75679538024777,True,165.0,0.41920294016308685,0.19999999999999915,0.4770958904109573,0.2192029401630877
development,2022-06-10,2022-06-10 13:35:00+00:00,2022-06-10 13:45:00+00:00,29418.010000000002,30177.4,29284.0,893.4000000000015,29864.71,29105.32,2022-06-10 20:00:00+00:00,True,2022-06-10 16:25:00+00:00,0,29105.32,2022-06-10 16:30:00+00:00,2022-06-10 16:30:00+00:00,29105.32,PROFIT_CEILING_HIT,4.914601497518056,True,165.0,0.5361540183568382,0.2,0.3730271398747396,0.33615401835683817
development,2022-06-13,2022-06-13 13:45:00+00:00,2022-06-13 13:50:00+00:00,23579.06,24934.3,23339.9,1594.3999999999978,24376.26,23021.02,2022-06-13 20:00:00+00:00,True,2022-06-13 14:40:00+00:00,0,23021.02,2022-06-13 14:45:00+00:00,2022-06-13 14:45:00+00:00,23047.8,PROFIT_CEILING_GAP_OPEN,10.865504222814693,True,55.0,0.48933768188660426,0.18320371299548582,0.37439118174827213,0.30613396889111844
development,2022-07-05,2022-07-05 13:35:00+00:00,2022-07-05 13:40:00+00:00,19436.38,20209.2,19300.0,909.2000000000007,19890.98,19118.16,2022-07-05 20:00:00+00:00,False,,0,,2022-07-05 18:35:00+00:00,2022-07-05 18:40:00+00:00,19918.5,PRE_E20_CLOSE_INVALIDATION_F65,-12.802515283195692,False,300.0,,,,
development,2022-07-15,2022-07-15 16:05:00+00:00,2022-07-15 16:10:00+00:00,20768.105,21090.0,20711.3,378.7000000000007,20957.454999999998,20635.559999999998,2022-07-15 20:00:00+00:00,True,2022-07-15 16:25:00+00:00,0,20635.559999999998,2022-07-15 16:30:00+00:00,2022-07-15 16:30:00+00:00,20697.9,PROFIT_CEILING_GAP_OPEN,1.290211986120016,True,20.0,0.23580670715605784,0.03538420913651384,0.15005599104141015,0.20042249801954398
development,2022-07-25,2022-07-25 13:40:00+00:00,2022-07-25 13:45:00+00:00,21841.190000000002,22095.0,21796.4,298.59999999999854,21990.49,21736.68,2022-07-25 20:00:00+00:00,True,2022-07-25 14:25:00+00:00,0,21736.68,2022-07-25 14:30:00+00:00,2022-07-25 14:30:00+00:00,21760.0,PROFIT_CEILING_GAP_OPEN,1.458644148968136,True,45.0,0.8436034829203037,0.12190221031480789,0.14450178642318875,0.7217012726054959
development,2022-09-01,2022-09-01 14:20:00+00:00,2022-09-01 14:35:00+00:00,19855.85,20115.1,19810.1,305.0,20008.35,19749.1,2022-09-01 20:00:00+00:00,True,2022-09-01 14:45:00+00:00,0,19749.1,2022-09-01 14:50:00+00:00,2022-09-01 14:50:00+00:00,19750.9,PROFIT_CEILING_GAP_OPEN,2.242797966342314,True,15.0,0.836393442622946,0.19409836065572816,0.23206585652684214,0.6422950819672179
development,2022-09-27,2022-09-27 14:05:00+00:00,2022-09-27 14:10:00+00:00,20120.85,20375.0,20076.0,299.0,20270.35,20016.2,2022-09-27 20:00:00+00:00,True,2022-09-27 15:55:00+00:00,4,18976.6,2022-09-27 18:00:00+00:00,2022-09-27 18:00:00+00:00,18976.6,PROFIT_CEILING_HIT,28.034434926953914,True,230.0,4.262541806020067,3.6769230769230816,0.8626127893291499,0.5856187290969856
development,2022-10-10,2022-10-10 16:25:00+00:00,2022-10-10 16:50:00+00:00,19161.145,19430.0,19113.7,316.2999999999993,19319.295000000002,19050.440000000002,2022-10-10 20:00:00+00:00,False,,0,,2022-10-10 17:50:00+00:00,2022-10-10 17:55:00+00:00,19339.8,PRE_E20_CLOSE_INVALIDATION_F65,-5.061908252351244,False,65.0,,,,
development,2022-10-24,2022-10-24 13:45:00+00:00,2022-10-24 14:00:00+00:00,19310.260000000002,19439.8,19287.4,152.39999999999782,19386.46,19256.920000000002,2022-10-24 20:00:00+00:00,True,2022-10-24 14:15:00+00:00,0,19256.920000000002,2022-10-24 14:20:00+00:00,2022-10-24 14:20:00+00:00,19258.4,PROFIT_CEILING_GAP_OPEN,0.9428094701987692,True,20.0,0.9278215223097341,0.19028871391076388,0.205091937765203,0.7375328083989703
development,2022-10-27,2022-10-27 13:55:00+00:00,2022-10-27 16:25:00+00:00,20498.465,20773.1,20450.0,323.09999999999854,20660.015,20385.38,2022-10-27 20:00:00+00:00,False,,0,,2022-10-27 20:00:00+00:00,2022-10-27 20:00:00+00:00,20620.0,TIME_EXIT_SESSION_END,-3.3644902679297757,False,215.0,,,,
development,2022-12-15,2022-12-15 13:50:00+00:00,2022-12-15 14:00:00+00:00,17489.989999999998,17716.6,17450.0,266.59999999999854,17623.29,17396.68,2022-12-15 20:00:00+00:00,True,2022-12-15 14:55:00+00:00,0,17396.68,2022-12-15 15:00:00+00:00,2022-12-15 15:00:00+00:00,17448.0,PROFIT_CEILING_GAP_OPEN,0.8004009150376471,True,60.0,0.5251312828207081,0.007501875468867257,0.014285714285714285,0.5176294073518408
development,2022-12-16,2022-12-16 14:20:00+00:00,2022-12-16 14:25:00+00:00,17000.075,17510.5,16910.0,600.5,17300.325,16789.9,2022-12-16 20:00:00+00:00,True,2022-12-16 16:05:00+00:00,0,16789.9,2022-12-16 16:10:00+00:00,2022-12-16 16:10:00+00:00,16858.2,PROFIT_CEILING_GAP_OPEN,3.7727757083424582,True,105.0,0.34970857618651124,0.08626144879267156,0.2466666666666632,0.2634471273938397
development,2023-01-05,2023-01-05 13:40:00+00:00,2023-01-05 13:50:00+00:00,16783.335,16830.0,16775.1,54.900000000001455,16810.785,16764.12,2023-01-05 20:00:00+00:00,True,2023-01-05 14:00:00+00:00,0,16764.12,2023-01-05 14:05:00+00:00,2023-01-05 14:05:00+00:00,16780.5,PROFIT_CEILING_GAP_OPEN,-0.31554121990655626,False,15.0,0.632058287795923,-0.09836065573772881,0.0,0.7304189435336518
development,2023-01-24,2023-01-24 14:35:00+00:00,2023-01-24 14:45:00+00:00,22808.96,23086.4,22760.0,326.40000000000146,22972.16,22694.72,2023-01-24 20:00:00+00:00,False,,0,,2023-01-24 18:10:00+00:00,2023-01-24 18:15:00+00:00,22993.7,PRE_E20_CLOSE_INVALIDATION_F65,-4.44972431886419,False,210.0,,,,
development,2023-01-25,2023-01-25 14:40:00+00:00,2023-01-25 14:45:00+00:00,22503.745,22747.1,22460.8,286.2999999999993,22646.895,22403.54,2023-01-25 20:00:00+00:00,True,2023-01-25 15:00:00+00:00,0,22403.54,2023-01-25 15:05:00+00:00,2023-01-25 15:05:00+00:00,22457.2,PROFIT_CEILING_GAP_OPEN,0.6341612029464153,True,20.0,0.46664338106880504,0.012574222843166448,0.02694610778442054,0.4540691582256386
development,2023-01-27,2023-01-27 14:25:00+00:00,2023-01-27 14:35:00+00:00,22884.5,23080.0,22850.0,230.0,22999.5,22804.0,2023-01-27 20:00:00+00:00,False,,0,,2023-01-27 14:50:00+00:00,2023-01-27 14:55:00+00:00,23024.3,PRE_E20_CLOSE_INVALIDATION_F65,-3.454469182197539,False,20.0,,,,
development,2023-02-08,2023-02-08 13:35:00+00:00,2023-02-08 14:00:00+00:00,23080.73,23232.2,23054.0,178.20000000000073,23169.83,23018.36,2023-02-08 20:00:00+00:00,True,2023-02-08 14:30:00+00:00,0,23018.36,2023-02-08 14:35:00+00:00,2023-02-08 14:35:00+00:00,23055.3,PROFIT_CEILING_GAP_OPEN,0.15089245444145394,True,35.0,2.194725028058344,-0.007295173961836516,0.0,2.2020202020201807
development,2023-02-13,2023-02-13 16:40:00+00:00,2023-02-13 16:55:00+00:00,21478.265,21865.1,21410.0,455.09999999999854,21705.815,21318.98,2023-02-13 20:00:00+00:00,False,,0,,2023-02-13 20:00:00+00:00,2023-02-13 20:00:00+00:00,21597.9,TIME_EXIT_SESSION_END,-3.185024768062083,False,185.0,,,,
development,2023-02-14,2023-02-14 13:35:00+00:00,2023-02-14 14:00:00+00:00,21694.35,21894.1,21659.1,235.0,21811.85,21612.1,2023-02-14 20:00:00+00:00,True,2023-02-14 14:25:00+00:00,0,21612.1,2023-02-14 14:30:00+00:00,2023-02-14 14:30:00+00:00,21612.1,PROFIT_CEILING_HIT,1.495654859444984,True,30.0,0.42170212765956827,0.2,0.47426841574168205,0.22170212765956826
development,2023-02-21,2023-02-21 15:20:00+00:00,2023-02-21 15:35:00+00:00,24605.719999999998,25347.6,24474.8,872.7999999999993,25042.12,24300.239999999998,2023-02-21 20:00:00+00:00,True,2023-02-21 16:30:00+00:00,0,24300.239999999998,2023-02-21 16:35:00+00:00,2023-02-21 16:35:00+00:00,24303.4,PROFIT_CEILING_GAP_OPEN,5.743287008061437,True,60.0,0.23785517873510395,0.19637946837763287,0.8256262042389163,0.04147571035747108
development,2023-03-02,2023-03-02 14:15:00+00:00,2023-03-02 14:45:00+00:00,23250.9,23460.0,23214.0,246.0,23373.9,23164.8,2023-03-02 20:00:00+00:00,False,,0,,2023-03-02 18:35:00+00:00,2023-03-02 18:40:00+00:00,23400.5,PRE_E20_CLOSE_INVALIDATION_F65,-3.6170797689551333,False,235.0,,,,
development,2023-03-07,2023-03-07 14:20:00+00:00,2023-03-07 14:25:00+00:00,22320.76,22419.7,22303.3,116.40000000000146,22378.96,22280.02,2023-03-07 20:00:00+00:00,True,2023-03-07 14:30:00+00:00,0,22280.02,2023-03-07 14:35:00+00:00,2023-03-07 14:35:00+00:00,22313.9,PROFIT_CEILING_GAP_OPEN,-0.24633139731809994,False,10.0,3.396048109965587,-0.09106529209623755,0.0,3.487113402061824
development,2023-03-08,2023-03-08 14:10:00+00:00,2023-03-08 14:20:00+00:00,21963.13,22135.0,21932.8,202.20000000000073,22064.23,21892.36,2023-03-08 20:00:00+00:00,True,2023-03-08 15:00:00+00:00,0,21892.36,2023-03-08 15:05:00+00:00,2023-03-08 15:05:00+00:00,22008.3,PROFIT_CEILING_GAP_OPEN,-1.4283142703247926,False,45.0,0.2611275964391646,-0.3733926805143409,0.0,0.6345202769535054
development,2023-03-23,2023-03-23 13:50:00+00:00,2023-03-23 14:00:00+00:00,27339.835,27735.0,27270.1,464.90000000000146,27572.285,27177.12,2023-03-23 20:00:00+00:00,False,,0,,2023-03-23 14:45:00+00:00,2023-03-23 14:50:00+00:00,27588.4,PRE_E20_CLOSE_INVALIDATION_F65,-4.94583943173037,False,50.0,,,,
development,2023-04-17,2023-04-17 13:35:00+00:00,2023-04-17 13:45:00+00:00,29378.27,29913.6,29283.8,629.7999999999993,29693.17,29157.84,2023-04-17 20:00:00+00:00,False,,0,,2023-04-17 20:00:00+00:00,2023-04-17 20:00:00+00:00,29459.6,TIME_EXIT_SESSION_END,-1.784186339086657,False,375.0,,,,
development,2023-04-20,2023-04-20 16:05:00+00:00,2023-04-20 17:00:00+00:00,28396.0,28940.0,28300.0,640.0,28716.0,28172.0,2023-04-20 20:00:00+00:00,True,2023-04-20 19:15:00+00:00,0,28172.0,2023-04-20 19:20:00+00:00,2023-04-20 19:20:00+00:00,28174.7,PROFIT_CEILING_GAP_OPEN,3.496675588110965,True,140.0,0.4953125,0.19578124999999885,0.39526813880125955,0.29953125000000114
development,2023-05-02,2023-05-02 13:40:00+00:00,2023-05-02 14:00:00+00:00,27970.86,28250.0,27921.6,328.40000000000146,28135.059999999998,27855.92,2023-05-02 20:00:00+00:00,False,,0,,2023-05-02 14:20:00+00:00,2023-05-02 14:25:00+00:00,28249.9,PRE_E20_CLOSE_INVALIDATION_F65,-5.388048275955781,False,25.0,,,,
development,2023-05-03,2023-05-03 14:55:00+00:00,2023-05-03 15:05:00+00:00,28211.925000000003,28758.9,28115.4,643.5,28533.675000000003,27986.7,2023-05-03 20:00:00+00:00,False,,0,,2023-05-03 17:20:00+00:00,2023-05-03 17:25:00+00:00,28566.3,PRE_E20_CLOSE_INVALIDATION_F65,-6.6805887935686314,False,140.0,,,,
development,2023-05-18,2023-05-18 14:50:00+00:00,2023-05-18 15:05:00+00:00,27211.485,27471.5,27165.6,305.90000000000146,27364.434999999998,27104.42,2023-05-18 20:00:00+00:00,True,2023-05-18 15:20:00+00:00,0,27104.42,2023-05-18 15:25:00+00:00,2023-05-18 15:25:00+00:00,27105.6,PROFIT_CEILING_GAP_OPEN,1.5455939284460656,True,20.0,2.714285714285699,0.19614253023863915,0.07226303745634115,2.5181431840470596
development,2023-06-07,2023-06-07 14:55:00+00:00,2023-06-07 15:40:00+00:00,26426.38,26968.0,26330.8,637.2000000000007,26744.98,26203.36,2023-06-07 20:00:00+00:00,False,,0,,2023-06-07 20:00:00+00:00,2023-06-07 20:00:00+00:00,26469.2,TIME_EXIT_SESSION_END,-1.2101752869670297,False,260.0,,,,
development,2023-06-08,2023-06-08 13:40:00+00:00,2023-06-08 13:55:00+00:00,26344.235,26594.9,26300.0,294.90000000000146,26491.685,26241.02,2023-06-08 20:00:00+00:00,False,,0,,2023-06-08 14:30:00+00:00,2023-06-08 14:35:00+00:00,26590.0,PRE_E20_CLOSE_INVALIDATION_F65,-5.064493009571169,False,40.0,,,,
development,2023-07-05,2023-07-05 13:35:00+00:00,2023-07-05 13:40:00+00:00,30294.71,30797.4,30206.0,591.4000000000015,30590.41,30087.72,2023-07-05 20:00:00+00:00,False,,0,,2023-07-05 20:00:00+00:00,2023-07-05 20:00:00+00:00,30420.0,TIME_EXIT_SESSION_END,-2.4678527703351656,False,380.0,,,,
development,2023-07-17,2023-07-17 17:25:00+00:00,2023-07-17 18:10:00+00:00,29969.91,30309.4,29910.0,399.40000000000146,30169.61,29830.12,2023-07-17 20:00:00+00:00,True,2023-07-17 18:30:00+00:00,0,29830.12,2023-07-17 18:35:00+00:00,2023-07-17 18:35:00+00:00,29830.12,PROFIT_CEILING_HIT,1.932172502353236,True,25.0,0.7010515773660465,0.20000000000000182,0.2852857142857179,0.5010515773660447
development,2023-07-24,2023-07-24 15:10:00+00:00,2023-07-24 15:20:00+00:00,29041.875,29820.9,28904.4,916.5,29500.125,28721.100000000002,2023-07-24 20:00:00+00:00,False,,0,,2023-07-24 20:00:00+00:00,2023-07-24 20:00:00+00:00,29106.8,TIME_EXIT_SESSION_END,-1.5177825123205309,False,280.0,,,,
development,2023-07-31,2023-07-31 13:55:00+00:00,2023-07-31 14:15:00+00:00,29339.0,29461.4,29317.4,144.0,29411.0,29288.600000000002,2023-07-31 20:00:00+00:00,True,2023-07-31 14:30:00+00:00,0,29288.600000000002,2023-07-31 14:35:00+00:00,2023-07-31 14:35:00+00:00,29288.600000000002,PROFIT_CEILING_HIT,0.45892498040146534,True,20.0,1.5097222222222324,0.19999999999999496,0.1324747010119553,1.3097222222222373
development,2023-08-02,2023-08-02 13:35:00+00:00,2023-08-02 13:50:00+00:00,29395.85,29599.0,29360.0,239.0,29515.35,29312.2,2023-08-02 20:00:00+00:00,True,2023-08-02 14:05:00+00:00,0,29312.2,2023-08-02 14:10:00+00:00,2023-08-02 14:10:00+00:00,29312.2,PROFIT_CEILING_HIT,1.0228198878412647,True,20.0,1.898326359832639,0.19999999999999696,0.10535596208948467,1.6983263598326421
development,2023-08-14,2023-08-14 13:35:00+00:00,2023-08-14 13:40:00+00:00,29353.4,29486.0,29330.0,156.0,29431.4,29298.8,2023-08-14 20:00:00+00:00,False,,0,,2023-08-14 14:25:00+00:00,2023-08-14 14:30:00+00:00,29439.8,PRE_E20_CLOSE_INVALIDATION_F65,-1.8717204821247386,False,50.0,,,,
development,2023-08-22,2023-08-22 13:35:00+00:00,2023-08-22 13:45:00+00:00,26007.52,26100.0,25991.2,108.79999999999927,26061.920000000002,25969.440000000002,2023-08-22 20:00:00+00:00,True,2023-08-22 13:55:00+00:00,0,25969.440000000002,2023-08-22 14:00:00+00:00,2023-08-22 14:00:00+00:00,25986.2,PROFIT_CEILING_GAP_OPEN,0.009881449673021847,True,15.0,2.735294117647097,0.045955882352941485,0.016801075268817082,2.6893382352941555
development,2023-08-31,2023-08-31 14:20:00+00:00,2023-08-31 14:25:00+00:00,27109.645,27674.3,27010.0,664.2999999999993,27441.795,26877.14,2023-08-31 20:00:00+00:00,True,2023-08-31 15:40:00+00:00,0,26877.14,2023-08-31 15:45:00+00:00,2023-08-31 15:45:00+00:00,26904.8,PROFIT_CEILING_GAP_OPEN,3.378083409059774,True,80.0,1.7061568568417924,0.1583621857594473,0.09281806952532257,1.5477946710823451
development,2023-09-05,2023-09-05 14:40:00+00:00,2023-09-05 14:45:00+00:00,25667.65,25830.0,25639.0,191.0,25763.15,25600.8,2023-09-05 20:00:00+00:00,False,,0,,2023-09-05 15:05:00+00:00,2023-09-05 15:10:00+00:00,25766.6,PRE_E20_CLOSE_INVALIDATION_F65,-2.3275235559156333,False,25.0,,,,
development,2023-09-18,2023-09-18 17:35:00+00:00,2023-09-18 17:40:00+00:00,26775.99,27397.0,26666.4,730.5999999999985,27141.29,26520.280000000002,2023-09-18 20:00:00+00:00,False,,0,,2023-09-18 20:00:00+00:00,2023-09-18 20:00:00+00:00,26803.2,TIME_EXIT_SESSION_END,-0.908104462243919,False,140.0,,,,
development,2023-09-26,2023-09-26 13:35:00+00:00,2023-09-26 13:50:00+00:00,26192.945,26322.4,26170.1,152.3000000000029,26269.095,26139.64,2023-09-26 20:00:00+00:00,True,2023-09-26 13:55:00+00:00,0,26139.64,2023-09-26 14:00:00+00:00,2023-09-26 14:00:00+00:00,26168.3,PROFIT_CEILING_GAP_OPEN,0.07045110811327893,True,10.0,0.6323046618515918,0.01181877872619329,0.018691588785039313,0.6204858831253985
development,2023-10-09,2023-10-09 16:05:00+00:00,2023-10-09 16:10:00+00:00,27429.690000000002,27834.8,27358.2,476.59999999999854,27667.989999999998,27262.88,2023-10-09 20:00:00+00:00,True,2023-10-09 16:40:00+00:00,0,27262.88,2023-10-09 16:45:00+00:00,2023-10-09 16:45:00+00:00,27309.0,PROFIT_CEILING_GAP_OPEN,1.7999884067228082,True,35.0,0.22702475870751376,0.10323122114981301,0.4547134935305027,0.12379353755770076
development,2023-11-13,2023-11-13 14:50:00+00:00,2023-11-13 14:55:00+00:00,36722.585,37065.9,36662.0,403.90000000000146,36924.535,36581.22,2023-11-13 20:00:00+00:00,False,,0,,2023-11-13 16:15:00+00:00,2023-11-13 16:20:00+00:00,36963.0,PRE_E20_CLOSE_INVALIDATION_F65,-3.6733942885556643,False,85.0,,,,
development,2023-11-23,2023-11-23 14:35:00+00:00,2023-11-23 14:40:00+00:00,37212.93,37650.0,37135.8,514.1999999999971,37470.03,37032.96000000001,2023-11-23 20:00:00+00:00,True,2023-11-23 15:25:00+00:00,0,37032.96000000001,2023-11-23 15:30:00+00:00,2023-11-23 15:30:00+00:00,37063.7,PROFIT_CEILING_GAP_OPEN,1.605082641974243,True,50.0,0.5435628160248961,0.1402178140801366,0.25796064400717644,0.40334500194475953
development,2023-11-27,2023-11-27 13:55:00+00:00,2023-11-27 14:10:00+00:00,36861.744999999995,37457.0,36756.7,700.3000000000029,37211.895,36616.64,2023-11-27 20:00:00+00:00,False,,0,,2023-11-27 20:00:00+00:00,2023-11-27 20:00:00+00:00,36868.5,TIME_EXIT_SESSION_END,-0.49162615605973203,False,350.0,,,,
development,2024-01-22,2024-01-22 15:25:00+00:00,2024-01-22 15:30:00+00:00,40488.7,41253.7,40353.7,900.0,40938.7,40173.7,2024-01-22 20:00:00+00:00,True,2024-01-22 18:45:00+00:00,0,40173.7,2024-01-22 18:50:00+00:00,2024-01-22 18:50:00+00:00,40279.9,PROFIT_CEILING_GAP_OPEN,2.1784972103327087,True,200.0,1.0574444444444413,0.08199999999999515,0.07754544499316576,0.9754444444444461
development,2024-01-25,2024-01-25 13:50:00+00:00,2024-01-25 14:05:00+00:00,39858.17,40300.0,39780.2,519.8000000000029,40118.07,39676.24,2024-01-25 20:00:00+00:00,True,2024-01-25 15:45:00+00:00,0,39676.24,2024-01-25 15:50:00+00:00,2024-01-25 15:50:00+00:00,39676.24,PROFIT_CEILING_HIT,1.882217171535983,True,105.0,0.47114274721045174,0.1999999999999972,0.4244997958350412,0.2711427472104545
development,2024-01-29,2024-01-29 13:35:00+00:00,2024-01-29 13:40:00+00:00,41998.270000000004,42368.7,41932.9,435.79999999999563,42216.17,41845.740000000005,2024-01-29 20:00:00+00:00,True,2024-01-29 14:30:00+00:00,0,41845.740000000005,2024-01-29 14:35:00+00:00,2024-01-29 14:35:00+00:00,41884.3,PROFIT_CEILING_GAP_OPEN,0.9568416032374575,True,55.0,0.3776961909132634,0.11151904543368295,0.295261239368159,0.26617714547958043
development,2024-01-30,2024-01-30 14:15:00+00:00,2024-01-30 16:15:00+00:00,43244.125,43888.0,43130.5,757.5,43622.875,42979.0,2024-01-30 20:00:00+00:00,False,,0,,2024-01-30 20:00:00+00:00,2024-01-30 20:00:00+00:00,43525.1,TIME_EXIT_SESSION_END,-3.6487071943299028,False,225.0,,,,
development,2024-02-19,2024-02-19 14:10:00+00:00,2024-02-19 14:15:00+00:00,52151.759999999995,52509.1,52088.7,420.40000000000146,52361.96,52004.619999999995,2024-02-19 20:00:00+00:00,True,2024-02-19 16:50:00+00:00,1,51945.9,2024-02-19 17:15:00+00:00,2024-02-19 17:15:00+00:00,51945.9,PROFIT_CEILING_HIT,1.5736630173171067,True,180.0,0.9512369172216765,0.33967649857277626,0.3570892723180738,0.6115604186489002
development,2024-03-18,2024-03-18 13:50:00+00:00,2024-03-18 13:55:00+00:00,67550.80500000001,68685.3,67350.6,1334.699999999997,68218.155,67083.66,2024-03-18 20:00:00+00:00,True,2024-03-18 14:30:00+00:00,0,67083.66,2024-03-18 14:35:00+00:00,2024-03-18 14:35:00+00:00,67083.66,PROFIT_CEILING_HIT,3.0577308146069297,True,40.0,0.5611747958342711,0.20000000000000218,0.3563951935914584,0.3611747958342689
development,2024-03-21,2024-03-21 14:00:00+00:00,2024-03-21 14:50:00+00:00,66857.405,67774.3,66695.6,1078.699999999997,67396.755,66479.86,2024-03-21 20:00:00+00:00,True,2024-03-21 15:05:00+00:00,0,66479.86,2024-03-21 15:10:00+00:00,2024-03-21 15:10:00+00:00,66660.6,PROFIT_CEILING_GAP_OPEN,1.0718264940135618,True,20.0,1.6417910447761306,0.03244646333549652,0.01976284584980229,1.609344581440634
development,2024-03-26,2024-03-26 13:45:00+00:00,2024-03-26 13:55:00+00:00,70452.635,71340.8,70295.9,1044.9000000000087,70975.085,70086.92,2024-03-26 20:00:00+00:00,True,2024-03-26 14:20:00+00:00,0,70086.92,2024-03-26 14:45:00+00:00,2024-03-26 14:45:00+00:00,70086.92,PROFIT_CEILING_HIT,2.195467153215736,True,50.0,0.9339649727246493,0.19999999999999443,0.21414079311404569,0.7339649727246549
development,2024-05-16,2024-05-16 14:25:00+00:00,2024-05-16 14:30:00+00:00,65896.19499999999,66800.0,65736.7,1063.300000000003,66427.845,65524.03999999999,2024-05-16 20:00:00+00:00,True,2024-05-16 14:55:00+00:00,0,65524.03999999999,2024-05-16 15:00:00+00:00,2024-05-16 15:00:00+00:00,65577.2,PROFIT_CEILING_GAP_OPEN,2.020435656413811,True,30.0,1.100065832784721,0.1500047023417658,0.13635975036334136,0.9500611304429553
development,2024-05-20,2024-05-20 14:40:00+00:00,2024-05-20 14:45:00+00:00,66813.97499999999,67341.4,66720.9,620.5,67124.22499999999,66596.79999999999,2024-05-20 20:00:00+00:00,False,,0,,2024-05-20 15:15:00+00:00,2024-05-20 15:20:00+00:00,67148.1,PRE_E20_CLOSE_INVALIDATION_F65,-2.9004125259724396,False,35.0,,,,
development,2024-05-28,2024-05-28 14:05:00+00:00,2024-05-28 14:40:00+00:00,67800.62000000001,68921.6,67602.8,1318.800000000003,68460.02,67339.04000000001,2024-05-28 20:00:00+00:00,True,2024-05-28 18:35:00+00:00,0,67339.04000000001,2024-05-28 18:40:00+00:00,2024-05-28 18:40:00+00:00,67339.04000000001,PROFIT_CEILING_HIT,3.0039511733078843,True,240.0,0.25007582650894916,0.1999999999999956,0.7997574287446708,0.050075826508953564
development,2024-05-29,2024-05-29 14:35:00+00:00,2024-05-29 14:45:00+00:00,67724.89,68330.6,67618.0,712.6000000000058,68081.19,67475.48,2024-05-29 20:00:00+00:00,True,2024-05-29 15:15:00+00:00,0,67475.48,2024-05-29 15:20:00+00:00,2024-05-29 15:20:00+00:00,67709.5,PROFIT_CEILING_GAP_OPEN,-0.2863785529958359,False,35.0,0.6862194779679989,-0.12840303115352125,0.0,0.8146225091215201
development,2024-06-13,2024-06-13 14:30:00+00:00,2024-06-13 14:35:00+00:00,67385.995,68607.7,67170.4,1437.300000000003,68104.64499999999,66882.93999999999,2024-06-13 20:00:00+00:00,True,2024-06-13 15:35:00+00:00,3,66765.1,2024-06-13 16:45:00+00:00,2024-06-13 16:45:00+00:00,66765.1,PROFIT_CEILING_HIT,4.207003280132526,True,130.0,0.639602031586994,0.2819870590690792,0.44087892962035624,0.3576149725179148
development,2024-06-21,2024-06-21 13:35:00+00:00,2024-06-21 13:45:00+00:00,63614.75,64350.0,63485.0,865.0,64047.25,63312.0,2024-06-21 20:00:00+00:00,False,,0,,2024-06-21 14:30:00+00:00,2024-06-21 14:35:00+00:00,64141.1,PRE_E20_CLOSE_INVALIDATION_F65,-4.537012249517569,False,50.0,,,,
development,2024-07-01,2024-07-01 13:55:00+00:00,2024-07-01 14:00:00+00:00,62688.405,63302.7,62580.0,722.6999999999971,63049.755,62435.46,2024-07-01 20:00:00+00:00,False,,0,,2024-07-01 15:55:00+00:00,2024-07-01 16:00:00+00:00,63119.9,PRE_E20_CLOSE_INVALIDATION_F65,-3.841585409614478,False,120.0,,,,
development,2024-07-09,2024-07-09 13:55:00+00:00,2024-07-09 14:00:00+00:00,57134.985,57899.9,57000.0,899.9000000000015,57584.935,56820.02,2024-07-09 20:00:00+00:00,False,,0,,2024-07-09 14:10:00+00:00,2024-07-09 14:15:00+00:00,57844.6,PRE_E20_CLOSE_INVALIDATION_F65,-6.60998675330009,False,15.0,,,,
development,2024-07-17,2024-07-17 13:35:00+00:00,2024-07-17 13:40:00+00:00,64673.275,65479.5,64531.0,948.5,65147.525,64341.3,2024-07-17 20:00:00+00:00,False,,0,,2024-07-17 13:50:00+00:00,2024-07-17 13:55:00+00:00,65178.4,PRE_E20_CLOSE_INVALIDATION_F65,-4.305206594222999,False,15.0,,,,
development,2024-08-08,2024-08-08 13:50:00+00:00,2024-08-08 14:00:00+00:00,57177.145,58500.0,56943.7,1556.300000000003,57955.295,56632.439999999995,2024-08-08 20:00:00+00:00,False,,0,,2024-08-08 14:25:00+00:00,2024-08-08 14:30:00+00:00,58152.6,PRE_E20_CLOSE_INVALIDATION_F65,-8.93011286240335,False,30.0,,,,
development,2024-08-26,2024-08-26 15:20:00+00:00,2024-08-26 17:45:00+00:00,63216.655,64022.2,63074.5,947.6999999999971,63690.505,62884.96,2024-08-26 20:00:00+00:00,False,,0,,2024-08-26 20:00:00+00:00,2024-08-26 20:00:00+00:00,63305.0,TIME_EXIT_SESSION_END,-1.0987478220731313,False,135.0,,,,
development,2024-09-12,2024-09-12 13:35:00+00:00,2024-09-12 13:40:00+00:00,57669.375,58317.5,57555.0,762.5,58050.625,57402.5,2024-09-12 20:00:00+00:00,True,2024-09-12 13:45:00+00:00,0,57402.5,2024-09-12 13:50:00+00:00,2024-09-12 13:50:00+00:00,57402.5,PROFIT_CEILING_HIT,1.9138364166422899,True,10.0,0.32131147540983607,0.2,0.6224489795918368,0.12131147540983606
development,2024-10-09,2024-10-09 13:40:00+00:00,2024-10-09 13:50:00+00:00,61814.005,62261.7,61735.0,526.6999999999971,62077.354999999996,61629.66,2024-10-09 20:00:00+00:00,True,2024-10-09 14:45:00+00:00,0,61629.66,2024-10-09 14:50:00+00:00,2024-10-09 14:50:00+00:00,61720.9,PROFIT_CEILING_GAP_OPEN,0.3531060315538185,True,60.0,1.7748243782039266,0.026770457565974223,0.015083440308085687,1.7480539206379524
development,2024-10-10,2024-10-10 13:50:00+00:00,2024-10-10 14:20:00+00:00,60704.55,61297.0,60600.0,697.0,61053.05,60460.6,2024-10-10 20:00:00+00:00,True,2024-10-10 15:00:00+00:00,0,60460.6,2024-10-10 15:05:00+00:00,2024-10-10 15:05:00+00:00,60603.9,PROFIT_CEILING_GAP_OPEN,0.4290152879809054,True,45.0,2.4390243902439024,-0.005595408895267511,0.0,2.44461979913917
development,2024-10-17,2024-10-17 13:40:00+00:00,2024-10-17 14:00:00+00:00,66878.605,67516.7,66766.0,750.6999999999971,67253.955,66615.86,2024-10-17 20:00:00+00:00,True,2024-10-17 14:05:00+00:00,0,66615.86,2024-10-17 14:10:00+00:00,2024-10-17 14:10:00+00:00,66790.0,PROFIT_CEILING_GAP_OPEN,0.26243158032375236,True,10.0,0.22112694818169795,-0.03197016118289609,0.0,0.25309710936459406
development,2024-10-22,2024-10-22 13:55:00+00:00,2024-10-22 14:00:00+00:00,66857.69,67524.6,66740.0,784.6000000000058,67249.99,66583.08,2024-10-22 20:00:00+00:00,False,,0,,2024-10-22 14:05:00+00:00,2024-10-22 14:10:00+00:00,67264.1,PRE_E20_CLOSE_INVALIDATION_F65,-3.439366152195799,False,10.0,,,,
development,2024-11-18,2024-11-18 14:00:00+00:00,2024-11-18 14:10:00+00:00,89927.535,92338.9,89502.0,2836.899999999994,91345.985,88934.62,2024-11-18 20:00:00+00:00,False,,0,,2024-11-18 15:35:00+00:00,2024-11-18 15:40:00+00:00,91849.7,PRE_E20_CLOSE_INVALIDATION_F65,-11.08729950175995,False,90.0,,,,
development,2024-11-22,2024-11-22 13:45:00+00:00,2024-11-22 13:55:00+00:00,97861.085,99340.0,97600.1,1739.8999999999942,98731.035,97252.12000000001,2024-11-22 20:00:00+00:00,True,2024-11-22 14:55:00+00:00,0,97252.12000000001,2024-11-22 15:00:00+00:00,2024-11-22 15:00:00+00:00,97370.4,PROFIT_CEILING_GAP_OPEN,2.107048639405596,True,65.0,0.23001321915053335,0.13201908155641842,0.573963018490767,0.09799413759411493
external,2020-01-02,2020-01-02 13:55:00+00:00,2020-01-02 15:35:00+00:00,7116.9875,7175.0,7106.75,68.25,7151.1125,7093.1,2020-01-02 20:00:00+00:00,True,2020-01-02 16:45:00+00:00,4,6968.0,2020-01-02 18:20:00+00:00,2020-01-02 18:20:00+00:00,6968.0,PROFIT_CEILING_HIT,10.06703398031823,True,165.0,2.706959706959707,2.032967032967033,0.7510148849797023,0.6739926739926743
external,2020-01-22,2020-01-22 16:40:00+00:00,2020-01-22 18:40:00+00:00,8636.0265,8749.0,8616.09,132.90999999999985,8702.4815,8589.508,2020-01-22 20:00:00+00:00,False,,0,,2020-01-22 20:00:00+00:00,2020-01-22 20:00:00+00:00,8671.66,TIME_EXIT_SESSION_END,-2.4630726411040578,False,80.0,,,,
external,2020-02-03,2020-02-03 15:30:00+00:00,2020-02-03 15:40:00+00:00,9319.45,9407.0,9304.0,103.0,9370.95,9283.4,2020-02-03 20:00:00+00:00,True,2020-02-03 15:55:00+00:00,0,9283.4,2020-02-03 16:00:00+00:00,2020-02-03 16:00:00+00:00,9283.93,PROFIT_CEILING_GAP_OPEN,1.505691859498182,True,20.0,0.5242718446601942,0.194854368932036,0.37166666666666126,0.32941747572815816
external,2020-02-24,2020-02-24 15:50:00+00:00,2020-02-24 16:10:00+00:00,9723.93,9848.2,9702.0,146.20000000000073,9797.03,9672.76,2020-02-24 20:00:00+00:00,True,2020-02-24 16:50:00+00:00,0,9672.76,2020-02-24 16:55:00+00:00,2020-02-24 16:55:00+00:00,9672.76,PROFIT_CEILING_HIT,2.231137821847762,True,45.0,1.4679890560875495,0.1999999999999975,0.13624079768893707,1.267989056087552
external,2020-02-26,2020-02-26 14:05:00+00:00,2020-02-26 14:15:00+00:00,9059.161,9300.0,9016.66,283.34000000000015,9200.831,8959.992,2020-02-26 20:00:00+00:00,True,2020-02-26 16:05:00+00:00,4,8720.0,2020-02-26 17:55:00+00:00,2020-02-26 17:55:00+00:00,8720.0,PROFIT_CEILING_HIT,18.319227972656627,True,220.0,1.4352368179572232,1.0470106585727383,0.7295037623567598,0.3882261593844849
external,2020-03-03,2020-03-03 14:10:00+00:00,2020-03-03 14:15:00+00:00,8762.5595,8907.0,8737.07,169.9300000000003,8847.5245,8703.083999999999,2020-03-03 20:00:00+00:00,False,,0,,2020-03-03 15:00:00+00:00,2020-03-03 15:05:00+00:00,8866.5,PRE_E20_CLOSE_INVALIDATION_F65,-6.330944035244523,False,50.0,,,,
external,2020-03-27,2020-03-27 13:50:00+00:00,2020-03-27 13:55:00+00:00,6597.0,6699.0,6579.0,120.0,6657.0,6555.0,2020-03-27 20:00:00+00:00,False,,0,,2020-03-27 19:10:00+00:00,2020-03-27 19:15:00+00:00,6662.0,PRE_E20_CLOSE_INVALIDATION_F65,-5.32648173412158,False,320.0,,,,
external,2020-04-01,2020-04-01 13:40:00+00:00,2020-04-01 13:50:00+00:00,6203.55,6337.0,6180.0,157.0,6282.05,6148.6,2020-04-01 20:00:00+00:00,True,2020-04-01 16:40:00+00:00,0,6148.6,2020-04-01 16:45:00+00:00,2020-04-01 16:45:00+00:00,6176.52,PROFIT_CEILING_GAP_OPEN,1.7785912904707661,True,175.0,0.25477707006369427,0.02216560509553862,0.08699999999998909,0.23261146496815566
external,2020-04-08,2020-04-08 14:00:00+00:00,2020-04-08 14:05:00+00:00,7230.41,7343.46,7210.46,133.0,7296.91,7183.86,2020-04-08 20:00:00+00:00,False,,0,,2020-04-08 16:30:00+00:00,2020-04-08 16:35:00+00:00,7312.89,PRE_E20_CLOSE_INVALIDATION_F65,-6.103687619374343,False,150.0,,,,
external,2020-04-17,2020-04-17 13:35:00+00:00,2020-04-17 13:45:00+00:00,7029.7265,7122.64,7013.33,109.3100000000004,7084.3815,6991.468,2020-04-17 20:00:00+00:00,False,,0,,2020-04-17 20:00:00+00:00,2020-04-17 20:00:00+00:00,7068.35,TIME_EXIT_SESSION_END,-3.1471552413881327,False,375.0,,,,
external,2020-04-27,2020-04-27 13:35:00+00:00,2020-04-27 14:25:00+00:00,7663.2,7738.0,7650.0,88.0,7707.2,7632.4,2020-04-27 20:00:00+00:00,True,2020-04-27 14:45:00+00:00,0,7632.4,2020-04-27 14:50:00+00:00,2020-04-27 14:50:00+00:00,7661.0,PROFIT_CEILING_GAP_OPEN,-0.25645683265478303,False,25.0,0.22727272727272727,-0.125,0.0,0.3522727272727273
external,2020-05-11,2020-05-11 16:40:00+00:00,2020-05-11 17:05:00+00:00,8575.808500000001,9164.0,8472.01,691.9899999999998,8921.8035,8333.612000000001,2020-05-11 20:00:00+00:00,True,2020-05-11 18:10:00+00:00,0,8333.612000000001,2020-05-11 18:15:00+00:00,2020-05-11 18:15:00+00:00,8398.74,PROFIT_CEILING_GAP_OPEN,9.923720498189859,True,70.0,0.46372057399673466,0.1058830329918069,0.22833369690548275,0.35783754100492776
external,2020-05-15,2020-05-15 15:10:00+00:00,2020-05-15 15:15:00+00:00,9496.0,9700.0,9460.0,240.0,9616.0,9412.0,2020-05-15 20:00:00+00:00,True,2020-05-15 19:15:00+00:00,0,9412.0,2020-05-15 19:25:00+00:00,2020-05-15 19:25:00+00:00,9412.0,PROFIT_CEILING_HIT,4.022914911541675,True,250.0,0.5833333333333334,0.2,0.34285714285714286,0.38333333333333336
external,2020-05-29,2020-05-29 15:20:00+00:00,2020-05-29 15:30:00+00:00,9377.4745,9590.0,9339.97,250.03000000000065,9502.4895,9289.964,2020-05-29 20:00:00+00:00,False,,0,,2020-05-29 20:00:00+00:00,2020-05-29 20:00:00+00:00,9401.95,TIME_EXIT_SESSION_END,-1.7050155454968903,False,270.0,,,,
external,2020-06-03,2020-06-03 14:15:00+00:00,2020-06-03 19:30:00+00:00,9509.989,9644.0,9486.34,157.65999999999985,9588.819,9454.808,2020-06-03 20:00:00+00:00,False,,0,,2020-06-03 20:00:00+00:00,2020-06-03 20:00:00+00:00,9576.01,TIME_EXIT_SESSION_END,-3.8711396616757816,False,30.0,,,,
external,2020-06-17,2020-06-17 13:35:00+00:00,2020-06-17 13:40:00+00:00,9467.85,9569.0,9450.0,119.0,9527.35,9426.2,2020-06-17 20:00:00+00:00,True,2020-06-17 13:55:00+00:00,0,9426.2,2020-06-17 14:00:00+00:00,2020-06-17 14:00:00+00:00,9438.0,PROFIT_CEILING_GAP_OPEN,1.1763874586099403,True,20.0,1.3972268907563061,0.10084033613445378,0.07217176880976706,1.2963865546218523
external,2020-06-18,2020-06-18 16:20:00+00:00,2020-06-18 16:40:00+00:00,9389.8825,9483.85,9373.3,110.55000000000109,9445.1575,9351.189999999999,2020-06-18 20:00:00+00:00,True,2020-06-18 19:15:00+00:00,0,9351.189999999999,2020-06-18 19:20:00+00:00,2020-06-18 19:20:00+00:00,9404.55,PROFIT_CEILING_GAP_OPEN,-1.1810268126358099,False,160.0,0.39439167797375047,-0.28267752148348885,0.0,0.6770691994572393
external,2020-06-19,2020-06-19 18:35:00+00:00,2020-06-19 18:40:00+00:00,9297.518,9453.0,9270.08,182.92000000000007,9388.978,9233.496,2020-06-19 20:00:00+00:00,False,,0,,2020-06-19 20:00:00+00:00,2020-06-19 20:00:00+00:00,9303.11,TIME_EXIT_SESSION_END,-0.7007254194076215,False,80.0,,,,
external,2020-06-29,2020-06-29 13:35:00+00:00,2020-06-29 13:40:00+00:00,9044.298999999999,9136.66,9028.0,108.65999999999985,9098.629,9006.268,2020-06-29 20:00:00+00:00,False,,0,,2020-06-29 15:40:00+00:00,2020-06-29 15:45:00+00:00,9124.03,PRE_E20_CLOSE_INVALIDATION_F65,-4.807804297491769,False,125.0,,,,
external,2020-07-09,2020-07-09 14:25:00+00:00,2020-07-09 14:40:00+00:00,9364.4585,9435.0,9352.01,82.98999999999978,9405.9535,9335.412,2020-07-09 20:00:00+00:00,True,2020-07-09 14:50:00+00:00,0,9335.412,2020-07-09 14:55:00+00:00,2020-07-09 14:55:00+00:00,9339.6,PROFIT_CEILING_GAP_OPEN,0.927279094674838,True,15.0,2.26147728642006,0.14953608868538243,0.06612318840579623,2.1119411977346774
external,2020-07-15,2020-07-15 16:55:00+00:00,2020-07-15 18:45:00+00:00,9198.7,9248.0,9190.0,58.0,9227.7,9178.4,2020-07-15 20:00:00+00:00,True,2020-07-15 18:50:00+00:00,0,9178.4,2020-07-15 18:55:00+00:00,2020-07-15 18:55:00+00:00,9179.23,PROFIT_CEILING_GAP_OPEN,0.6583017165469721,True,10.0,0.5862068965517241,0.1856896551724213,0.31676470588236577,0.4005172413793028
external,2020-08-11,2020-08-11 13:35:00+00:00,2020-08-11 14:05:00+00:00,11612.55,11780.0,11583.0,197.0,11711.05,11543.6,2020-08-11 20:00:00+00:00,True,2020-08-11 14:55:00+00:00,0,11543.6,2020-08-11 15:00:00+00:00,2020-08-11 15:00:00+00:00,11587.27,PROFIT_CEILING_GAP_OPEN,0.6884775523032908,True,55.0,1.5823857868020283,-0.021675126903555515,0.0,1.604060913705584
external,2020-08-21,2020-08-21 17:05:00+00:00,2020-08-21 18:10:00+00:00,11660.773000000001,11842.01,11628.79,213.21999999999935,11767.383,11586.146,2020-08-21 20:00:00+00:00,False,,0,,2020-08-21 20:00:00+00:00,2020-08-21 20:00:00+00:00,11679.69,TIME_EXIT_SESSION_END,-1.211138335340189,False,110.0,,,,
external,2020-08-27,2020-08-27 14:10:00+00:00,2020-08-27 14:25:00+00:00,11325.318,11593.0,11278.08,314.9200000000001,11482.778,11215.096,2020-08-27 20:00:00+00:00,True,2020-08-27 17:00:00+00:00,0,11215.096,2020-08-27 17:05:00+00:00,2020-08-27 17:05:00+00:00,11216.7,PROFIT_CEILING_GAP_OPEN,4.395362037516238,True,160.0,0.46761082179601227,0.19490664295693885,0.4168137987233404,0.2727041788390734
external,2020-09-03,2020-09-03 15:40:00+00:00,2020-09-03 16:10:00+00:00,10741.586,11475.0,10612.16,862.8400000000001,11173.006,10439.592,2020-09-03 20:00:00+00:00,False,,0,,2020-09-03 20:00:00+00:00,2020-09-03 20:00:00+00:00,10689.78,TIME_EXIT_SESSION_END,2.011468846406806,True,230.0,,,,
external,2020-11-10,2020-11-10 15:00:00+00:00,2020-11-10 15:10:00+00:00,15210.6955,15474.17,15164.2,309.96999999999935,15365.6805,15102.206,2020-11-10 20:00:00+00:00,True,2020-11-10 15:25:00+00:00,0,15102.206,2020-11-10 15:30:00+00:00,2020-11-10 15:30:00+00:00,15108.89,PROFIT_CEILING_GAP_OPEN,2.946510355164256,True,20.0,0.30067425879924164,0.17843662289899484,0.593454935622327,0.1222376359002468
external,2020-11-26,2020-11-26 17:30:00+00:00,2020-11-26 17:35:00+00:00,16512.1315,17646.21,16312.0,1334.2099999999991,17179.2365,16045.158,2020-11-26 20:00:00+00:00,False,,0,,2020-11-26 20:00:00+00:00,2020-11-26 20:00:00+00:00,16536.56,TIME_EXIT_SESSION_END,-1.1397137068585468,False,145.0,,,,
external,2020-12-02,2020-12-02 15:05:00+00:00,2020-12-02 15:10:00+00:00,18884.75,19365.0,18800.0,565.0,19167.25,18687.0,2020-12-02 20:00:00+00:00,False,,0,,2020-12-02 20:00:00+00:00,2020-12-02 20:00:00+00:00,19106.0,TIME_EXIT_SESSION_END,-6.257901216590134,False,290.0,,,,
external,2020-12-07,2020-12-07 14:20:00+00:00,2020-12-07 17:40:00+00:00,19144.4915,19396.61,19100.0,296.6100000000006,19292.7965,19040.678,2020-12-07 20:00:00+00:00,True,2020-12-07 18:15:00+00:00,0,19040.678,2020-12-07 18:20:00+00:00,2020-12-07 18:20:00+00:00,19040.678,PROFIT_CEILING_HIT,2.311315158201,True,40.0,0.64508951147972,0.2,0.3100344935716529,0.44508951147972003
external,2021-01-01,2021-01-01 18:45:00+00:00,2021-01-01 19:00:00+00:00,29015.329,29668.86,28900.0,768.8600000000006,29399.759000000002,28746.228,2021-01-01 20:00:00+00:00,False,,0,,2021-01-01 20:00:00+00:00,2021-01-01 20:00:00+00:00,29048.48,TIME_EXIT_SESSION_END,-0.9712670016596588,False,60.0,,,,
external,2021-02-10,2021-02-10 15:15:00+00:00,2021-02-10 15:20:00+00:00,44884.6675,47475.0,44427.55,3047.449999999997,46408.3925,43818.060000000005,2021-02-10 20:00:00+00:00,True,2021-02-10 15:45:00+00:00,0,43818.060000000005,2021-02-10 15:50:00+00:00,2021-02-10 15:50:00+00:00,43993.71,PROFIT_CEILING_GAP_OPEN,9.524964911458945,True,30.0,0.21577056227337726,0.14236164662258746,0.6597825260436497,0.0734089156507898
external,2021-02-17,2021-02-17 13:35:00+00:00,2021-02-17 14:40:00+00:00,50837.069,51806.46,50666.0,1140.4599999999991,51407.299,50437.908,2021-02-17 20:00:00+00:00,False,,0,,2021-02-17 15:00:00+00:00,2021-02-17 15:05:00+00:00,51513.87,PRE_E20_CLOSE_INVALIDATION_F65,-7.056569834897486,False,25.0,,,,
external,2021-03-18,2021-03-18 14:15:00+00:00,2021-03-18 14:25:00+00:00,57811.5215,58726.81,57650.0,1076.8099999999977,58349.9265,57434.638,2021-03-18 20:00:00+00:00,False,,0,,2021-03-18 15:20:00+00:00,2021-03-18 15:25:00+00:00,58495.0,PRE_E20_CLOSE_INVALIDATION_F65,-6.31126545596965,False,60.0,,,,
external,2021-05-06,2021-05-06 15:55:00+00:00,2021-05-06 16:05:00+00:00,57088.334,58450.0,56848.04,1601.9599999999991,57889.314,56527.648,2021-05-06 20:00:00+00:00,True,2021-05-06 18:30:00+00:00,2,56050.0,2021-05-06 19:40:00+00:00,2021-05-06 19:40:00+00:00,56050.0,PROFIT_CEILING_HIT,8.694099680680866,True,215.0,0.9676458837923533,0.49816474818347606,0.5148213375652378,0.4694811356088772
external,2021-05-12,2021-05-12 13:35:00+00:00,2021-05-12 14:55:00+00:00,56076.7,57265.0,55867.0,1398.0,56775.7,55587.4,2021-05-12 20:00:00+00:00,True,2021-05-12 15:25:00+00:00,0,55587.4,2021-05-12 15:30:00+00:00,2021-05-12 15:30:00+00:00,55659.62,PROFIT_CEILING_GAP_OPEN,3.3188350955030814,True,35.0,1.6531831187410597,0.14834048640915407,0.08973022088570506,1.5048426323319057
external,2021-06-07,2021-06-07 14:55:00+00:00,2021-06-07 15:00:00+00:00,36037.4255,36799.0,35903.03,895.9700000000012,36485.4105,35723.835999999996,2021-06-07 20:00:00+00:00,True,2021-06-07 16:25:00+00:00,0,35723.835999999996,2021-06-07 16:30:00+00:00,2021-06-07 16:30:00+00:00,35816.31,PROFIT_CEILING_GAP_OPEN,2.6678592731325783,True,90.0,0.613335267921915,0.09678895498733334,0.15780758102378642,0.5165463129345816
external,2021-06-18,2021-06-18 13:45:00+00:00,2021-06-18 13:50:00+00:00,37192.1345,38000.0,37049.57,950.4300000000003,37667.3495,36859.484,2021-06-18 20:00:00+00:00,True,2021-06-18 14:05:00+00:00,0,36859.484,2021-06-18 14:10:00+00:00,2021-06-18 14:10:00+00:00,36863.01,PROFIT_CEILING_GAP_OPEN,4.024651938167157,True,20.0,2.0512504866218437,0.19629010027040142,0.09569289638227799,1.8549603863514423
external,2021-07-07,2021-07-07 16:15:00+00:00,2021-07-07 16:20:00+00:00,34543.894,35089.56,34447.6,641.9599999999991,34864.873999999996,34319.208,2021-07-07 20:00:00+00:00,False,,0,,2021-07-07 20:00:00+00:00,2021-07-07 20:00:00+00:00,34610.56,TIME_EXIT_SESSION_END,-1.3649462217548032,False,220.0,,,,
external,2021-07-12,2021-07-12 13:35:00+00:00,2021-07-12 13:50:00+00:00,33506.5,34450.0,33340.0,1110.0,34061.5,33118.0,2021-07-12 20:00:00+00:00,True,2021-07-12 16:15:00+00:00,0,33118.0,2021-07-12 16:20:00+00:00,2021-07-12 16:20:00+00:00,33179.56,PROFIT_CEILING_GAP_OPEN,4.478754868458401,True,150.0,0.5635855855855871,0.14454054054054263,0.2564659995524184,0.4190450450450445
external,2021-07-28,2021-07-28 14:55:00+00:00,2021-07-28 15:10:00+00:00,39581.6,40894.0,39350.0,1544.0,40353.6,39041.2,2021-07-28 20:00:00+00:00,True,2021-07-28 17:50:00+00:00,0,39041.2,2021-07-28 17:55:00+00:00,2021-07-28 17:55:00+00:00,39041.2,PROFIT_CEILING_HIT,6.426404187804446,True,165.0,0.3866580310880829,0.2000000000000019,0.517252931323288,0.186658031088081
external,2021-07-29,2021-07-29 18:35:00+00:00,2021-07-29 19:10:00+00:00,39589.75,40665.0,39400.0,1265.0,40222.25,39147.0,2021-07-29 20:00:00+00:00,False,,0,,2021-07-29 20:00:00+00:00,2021-07-29 20:00:00+00:00,39647.85,TIME_EXIT_SESSION_END,-1.133775787924884,False,50.0,,,,
external,2021-08-03,2021-08-03 18:10:00+00:00,2021-08-03 18:15:00+00:00,37829.8205,38799.56,37658.69,1140.8699999999953,38400.2555,37430.516,2021-08-03 20:00:00+00:00,False,,0,,2021-08-03 20:00:00+00:00,2021-08-03 20:00:00+00:00,38015.27,TIME_EXIT_SESSION_END,-2.851102034703001,False,105.0,,,,
external,2021-08-12,2021-08-12 14:10:00+00:00,2021-08-12 14:15:00+00:00,44507.0,45680.0,44300.0,1380.0,45197.0,44024.0,2021-08-12 20:00:00+00:00,True,2021-08-12 14:55:00+00:00,0,44024.0,2021-08-12 15:00:00+00:00,2021-08-12 15:00:00+00:00,44141.43,PROFIT_CEILING_GAP_OPEN,3.7068820634956317,True,45.0,0.36231884057971014,0.11490579710144906,0.3171399999999994,0.2474130434782611
external,2021-08-17,2021-08-17 14:30:00+00:00,2021-08-17 14:45:00+00:00,46081.171500000004,47194.0,45884.79,1309.2099999999991,46735.7765,45622.948000000004,2021-08-17 20:00:00+00:00,True,2021-08-17 16:00:00+00:00,0,45622.948000000004,2021-08-17 16:05:00+00:00,2021-08-17 16:05:00+00:00,45660.62,PROFIT_CEILING_GAP_OPEN,4.163159814632788,True,80.0,0.4513637995432365,0.17122539546749443,0.37935119218858093,0.2801384040757421
external,2021-09-07,2021-09-07 14:05:00+00:00,2021-09-07 14:10:00+00:00,50784.619,52397.46,50500.0,1897.4599999999991,51733.349,50120.508,2021-09-07 20:00:00+00:00,True,2021-09-07 14:25:00+00:00,0,50120.508,2021-09-07 14:30:00+00:00,2021-09-07 14:30:00+00:00,50224.41,PROFIT_CEILING_GAP_OPEN,5.115538080535731,True,20.0,4.4332950365225114,0.1452415334183575,0.032761531145981515,4.288053503104154
external,2021-09-10,2021-09-10 14:10:00+00:00,2021-09-10 14:15:00+00:00,45759.475,46538.5,45622.0,916.5,46217.725,45438.7,2021-09-10 20:00:00+00:00,True,2021-09-10 14:25:00+00:00,0,45438.7,2021-09-10 14:35:00+00:00,2021-09-10 14:35:00+00:00,45438.7,PROFIT_CEILING_HIT,3.1050118035663825,True,20.0,0.9425531914893601,0.20000000000000318,0.2121896162528254,0.742553191489357
external,2021-10-07,2021-10-07 14:40:00+00:00,2021-10-07 14:50:00+00:00,53840.1305,54826.87,53666.0,1160.8700000000026,54420.565500000004,53433.826,2021-10-07 20:00:00+00:00,False,,0,,2021-10-07 20:00:00+00:00,2021-10-07 20:00:00+00:00,54019.5,TIME_EXIT_SESSION_END,-2.0657602640840484,False,310.0,,,,
external,2021-12-14,2021-12-14 16:00:00+00:00,2021-12-14 16:10:00+00:00,46946.601500000004,47958.62,46768.01,1190.6100000000006,47541.906500000005,46529.888,2021-12-14 20:00:00+00:00,True,2021-12-14 18:30:00+00:00,0,46529.888,2021-12-14 18:35:00+00:00,2021-12-14 18:35:00+00:00,46555.0,PROFIT_CEILING_GAP_OPEN,3.770711909785463,True,145.0,0.27948698566281305,0.17890829070812603,0.6401310253636276,0.10057869495468702
external,2021-12-20,2021-12-20 14:25:00+00:00,2021-12-20 14:30:00+00:00,45699.706,46548.04,45550.0,998.0400000000009,46198.726,45350.392,2021-12-20 20:00:00+00:00,False,,0,,2021-12-20 14:55:00+00:00,2021-12-20 15:00:00+00:00,46282.07,PRE_E20_CLOSE_INVALIDATION_F65,-6.771638364588206,False,30.0,,,,
external,2021-12-22,2021-12-22 13:35:00+00:00,2021-12-22 13:45:00+00:00,48605.742,49522.28,48444.0,1078.2799999999988,49144.882,48228.344,2021-12-22 20:00:00+00:00,False,,0,,2021-12-22 20:00:00+00:00,2021-12-22 20:00:00+00:00,48911.21,TIME_EXIT_SESSION_END,-3.5423036397634218,False,375.0,,,,
reference_validation,2025-01-24,2025-01-24 14:10:00+00:00,2025-01-24 14:15:00+00:00,105008.09,105758.3,104875.7,882.6000000000058,105449.39,104699.18,2025-01-24 20:00:00+00:00,True,2025-01-24 14:30:00+00:00,0,104699.18,2025-01-24 14:35:00+00:00,2025-01-24 14:35:00+00:00,104813.4,PROFIT_CEILING_GAP_OPEN,0.5270238131176556,True,20.0,0.286313165646947,0.07058690233401597,0.246537396121898,0.215726263312931
reference_validation,2025-01-29,2025-01-29 13:35:00+00:00,2025-01-29 13:40:00+00:00,101955.70999999999,103012.6,101769.2,1243.4000000000087,102577.41,101520.51999999999,2025-01-29 20:00:00+00:00,False,,0,,2025-01-29 17:30:00+00:00,2025-01-29 17:35:00+00:00,102667.7,PRE_E20_CLOSE_INVALIDATION_F65,-3.8916631937534913,False,235.0,,,,
reference_validation,2025-02-27,2025-02-27 13:55:00+00:00,2025-02-27 14:05:00+00:00,86012.935,87066.0,85827.1,1238.8999999999942,86632.38500000001,85579.32,2025-02-27 20:00:00+00:00,True,2025-02-27 14:15:00+00:00,0,85579.32,2025-02-27 14:20:00+00:00,2025-02-27 14:20:00+00:00,85579.32,PROFIT_CEILING_HIT,2.120638320271218,True,15.0,1.8239567358140465,0.2,0.10965172368013346,1.6239567358140465
reference_validation,2025-03-04,2025-03-04 13:35:00+00:00,2025-03-04 13:55:00+00:00,82778.925,84359.5,82500.0,1859.5,83708.675,82128.1,2025-03-04 20:00:00+00:00,True,2025-03-04 14:30:00+00:00,0,82128.1,2025-03-04 14:35:00+00:00,2025-03-04 14:35:00+00:00,82986.4,PROFIT_CEILING_GAP_OPEN,-1.6531873299875817,False,40.0,0.6991126646948105,-0.2615756923904244,0.0,0.9606883570852349
reference_validation,2025-03-17,2025-03-17 13:35:00+00:00,2025-03-17 13:45:00+00:00,82980.85,84000.0,82801.0,1199.0,83580.35,82561.2,2025-03-17 20:00:00+00:00,True,2025-03-17 14:05:00+00:00,0,82561.2,2025-03-17 14:10:00+00:00,2025-03-17 14:10:00+00:00,82694.7,PROFIT_CEILING_GAP_OPEN,1.3241929915155497,True,25.0,0.347789824854045,0.08865721434529017,0.25491606714628995,0.25913261050875486
reference_validation,2025-04-01,2025-04-01 13:40:00+00:00,2025-04-01 13:55:00+00:00,83562.07,84474.8,83401.0,1073.800000000003,84098.97,83186.24,2025-04-01 20:00:00+00:00,True,2025-04-01 14:05:00+00:00,0,83186.24,2025-04-01 14:35:00+00:00,2025-04-01 14:35:00+00:00,83186.24,PROFIT_CEILING_HIT,1.8488073835413847,True,40.0,0.8344198174706626,0.19999999999999457,0.23968749999999414,0.6344198174706681
reference_validation,2025-04-14,2025-04-14 13:50:00+00:00,2025-04-14 13:55:00+00:00,84358.105,85242.7,84202.0,1040.699999999997,84878.455,83993.86,2025-04-14 20:00:00+00:00,False,,0,,2025-04-14 14:25:00+00:00,2025-04-14 14:30:00+00:00,85045.7,PRE_E20_CLOSE_INVALIDATION_F65,-4.4754530936890635,False,35.0,,,,
reference_validation,2025-04-29,2025-04-29 14:05:00+00:00,2025-04-29 14:20:00+00:00,94648.905,95264.9,94540.2,724.6999999999971,95011.25499999999,94395.26,2025-04-29 20:00:00+00:00,False,,0,,2025-04-29 14:35:00+00:00,2025-04-29 14:40:00+00:00,95081.5,PRE_E20_CLOSE_INVALIDATION_F65,-2.685261514647252,False,20.0,,,,
reference_validation,2025-05-09,2025-05-09 14:45:00+00:00,2025-05-09 16:00:00+00:00,102608.025,103920.0,102376.5,1543.5,103379.775,102067.8,2025-05-09 20:00:00+00:00,False,,0,,2025-05-09 20:00:00+00:00,2025-05-09 20:00:00+00:00,103145.5,TIME_EXIT_SESSION_END,-3.019069025059262,False,240.0,,,,
reference_validation,2025-05-26,2025-05-26 14:00:00+00:00,2025-05-26 14:15:00+00:00,109595.82,110138.8,109500.0,638.8000000000029,109915.22,109372.24,2025-05-26 20:00:00+00:00,False,,0,,2025-05-26 15:30:00+00:00,2025-05-26 15:35:00+00:00,110098.8,PRE_E20_CLOSE_INVALIDATION_F65,-2.69470430532841,False,80.0,,,,
reference_validation,2025-06-12,2025-06-12 13:35:00+00:00,2025-06-12 13:55:00+00:00,106854.5,107798.0,106688.0,1110.0,107409.5,106466.0,2025-06-12 20:00:00+00:00,False,,0,,2025-06-12 14:10:00+00:00,2025-06-12 14:15:00+00:00,107421.8,PRE_E20_CLOSE_INVALIDATION_F65,-3.0545442634611226,False,20.0,,,,
reference_validation,2025-06-16,2025-06-16 13:40:00+00:00,2025-06-16 13:45:00+00:00,106622.83499999999,107199.9,106521.0,678.8999999999942,106962.285,106385.22,2025-06-16 20:00:00+00:00,False,,0,,2025-06-16 13:55:00+00:00,2025-06-16 14:00:00+00:00,107109.0,PRE_E20_CLOSE_INVALIDATION_F65,-2.679835271684516,False,15.0,,,,
reference_validation,2025-06-18,2025-06-18 13:35:00+00:00,2025-06-18 13:40:00+00:00,104068.27,105276.8,103855.0,1421.800000000003,104779.17,103570.64,2025-06-18 20:00:00+00:00,False,,0,,2025-06-18 14:05:00+00:00,2025-06-18 14:10:00+00:00,104864.6,PRE_E20_CLOSE_INVALIDATION_F65,-4.225998068383352,False,30.0,,,,
reference_validation,2025-07-07,2025-07-07 13:45:00+00:00,2025-07-07 14:10:00+00:00,108128.98,109041.2,107968.0,1073.199999999997,108665.58,107753.36,2025-07-07 20:00:00+00:00,True,2025-07-07 17:05:00+00:00,0,107753.36,2025-07-07 17:10:00+00:00,2025-07-07 17:10:00+00:00,107811.8,PROFIT_CEILING_GAP_OPEN,1.0666743365192026,True,180.0,0.4770778978755138,0.14554603056280052,0.3050781249999943,0.3315318673127133
reference_validation,2025-07-09,2025-07-09 14:40:00+00:00,2025-07-09 14:50:00+00:00,108694.275,109738.5,108510.0,1228.5,109308.525,108264.3,2025-07-09 20:00:00+00:00,False,,0,,2025-07-09 16:45:00+00:00,2025-07-09 16:50:00+00:00,109343.4,PRE_E20_CLOSE_INVALIDATION_F65,-3.3860128327825474,False,120.0,,,,
reference_validation,2025-08-01,2025-08-01 14:05:00+00:00,2025-08-01 17:55:00+00:00,114340.66,115956.0,114055.6,1900.3999999999942,115290.86,113675.52,2025-08-01 20:00:00+00:00,True,2025-08-01 18:15:00+00:00,0,113675.52,2025-08-01 18:20:00+00:00,2025-08-01 18:20:00+00:00,113729.0,PROFIT_CEILING_GAP_OPEN,2.274726558338947,True,25.0,0.46406019785308955,0.1718585560934576,0.3703367728767463,0.2922016417596319
reference_validation,2025-08-21,2025-08-21 14:45:00+00:00,2025-08-21 14:50:00+00:00,113059.235,113947.4,112902.5,1044.8999999999942,113581.685,112693.52,2025-08-21 20:00:00+00:00,True,2025-08-21 15:10:00+00:00,0,112693.52,2025-08-21 15:15:00+00:00,2025-08-21 15:15:00+00:00,112693.52,PROFIT_CEILING_HIT,1.2173601386919035,True,25.0,0.9173126614987132,0.1999999999999972,0.21802816901408026,0.717312661498716
reference_validation,2025-10-20,2025-10-20 16:05:00+00:00,2025-10-20 16:30:00+00:00,110691.965,111650.0,110522.9,1127.1000000000058,111255.515,110297.48,2025-10-20 20:00:00+00:00,True,2025-10-20 16:45:00+00:00,0,110297.48,2025-10-20 16:50:00+00:00,2025-10-20 16:50:00+00:00,110297.48,PROFIT_CEILING_HIT,1.381904404714485,True,20.0,0.6413805341140897,0.19999999999999743,0.31182736201410993,0.4413805341140923
reference_validation,2025-12-04,2025-12-04 13:50:00+00:00,2025-12-04 14:00:00+00:00,92589.35,93600.0,92411.0,1189.0,93183.85,92173.2,2025-12-04 20:00:00+00:00,True,2025-12-04 14:50:00+00:00,0,92173.2,2025-12-04 15:00:00+00:00,2025-12-04 15:00:00+00:00,92173.2,PROFIT_CEILING_HIT,1.8472887000503095,True,60.0,1.3359966358284272,0.20000000000000245,0.14970097576330055,1.1359966358284248
reference_validation,2025-12-08,2025-12-08 13:45:00+00:00,2025-12-08 13:50:00+00:00,91557.95000000001,92262.6,91433.6,829.0,91972.45000000001,91267.8,2025-12-08 20:00:00+00:00,True,2025-12-08 14:20:00+00:00,0,91267.8,2025-12-08 14:25:00+00:00,2025-12-08 14:25:00+00:00,91267.8,PROFIT_CEILING_HIT,1.184515599136971,True,35.0,2.267551266586252,0.2000000000000035,0.08820087243323899,2.067551266586248
reference_validation,2025-12-10,2025-12-10 14:55:00+00:00,2025-12-10 15:10:00+00:00,91954.685,93278.9,91721.0,1557.8999999999942,92733.635,91409.42,2025-12-10 20:00:00+00:00,False,,0,,2025-12-10 18:35:00+00:00,2025-12-10 18:40:00+00:00,92955.5,PRE_E20_CLOSE_INVALIDATION_F65,-5.8418923842760595,False,210.0,,,,
reference_validation,2025-12-12,2025-12-12 14:35:00+00:00,2025-12-12 15:00:00+00:00,92120.94,92600.0,92036.4,563.6000000000058,92402.73999999999,91923.68,2025-12-12 20:00:00+00:00,True,2025-12-12 15:05:00+00:00,0,91923.68,2025-12-12 15:10:00+00:00,2025-12-12 15:10:00+00:00,91933.9,PROFIT_CEILING_GAP_OPEN,0.6151872093359659,True,10.0,4.626330731014846,0.18186657203690373,0.03931119122497516,4.444464158977943
reference_validation,2025-12-22,2025-12-22 17:15:00+00:00,2025-12-22 17:25:00+00:00,89282.435,90599.0,89050.1,1548.8999999999942,90056.88500000001,88740.32,2025-12-22 20:00:00+00:00,True,2025-12-22 19:05:00+00:00,0,88740.32,2025-12-22 19:10:00+00:00,2025-12-22 19:10:00+00:00,88899.9,PROFIT_CEILING_GAP_OPEN,1.7422746814644956,True,105.0,0.7382013041513417,0.09697204467687534,0.13136260276369643,0.6412292594744663
reference_validation,2026-02-09,2026-02-09 14:10:00+00:00,2026-02-09 14:30:00+00:00,68705.31,70583.3,68373.9,2209.4000000000087,69810.01,67932.01999999999,2026-02-09 20:00:00+00:00,False,,0,,2026-02-09 16:40:00+00:00,2026-02-09 16:45:00+00:00,69896.3,PRE_E20_CLOSE_INVALIDATION_F65,-9.067379566441147,False,135.0,,,,
reference_validation,2026-02-18,2026-02-18 14:00:00+00:00,2026-02-18 14:05:00+00:00,67247.31999999999,68438.0,67037.2,1400.800000000003,67947.72,66757.04,2026-02-18 20:00:00+00:00,True,2026-02-18 14:45:00+00:00,0,66757.04,2026-02-18 14:50:00+00:00,2026-02-18 14:50:00+00:00,66757.04,PROFIT_CEILING_HIT,3.2453497328964303,True,45.0,0.864577384351791,0.20000000000000207,0.23132689290727892,0.6645773843517889
reference_validation,2026-02-23,2026-02-23 14:45:00+00:00,2026-02-23 14:50:00+00:00,65690.58499999999,66574.5,65534.6,1039.9000000000015,66210.535,65326.619999999995,2026-02-23 20:00:00+00:00,True,2026-02-23 16:05:00+00:00,0,65326.619999999995,2026-02-23 16:10:00+00:00,2026-02-23 16:10:00+00:00,65395.8,PROFIT_CEILING_GAP_OPEN,1.8437385814115252,True,80.0,1.4276372728146902,0.13347437253581637,0.0934931968206896,1.294162900278874
reference_validation,2026-02-27,2026-02-27 13:40:00+00:00,2026-02-27 13:45:00+00:00,66076.23999999999,68127.8,65714.2,2413.600000000006,67283.04000000001,65231.479999999996,2026-02-27 20:00:00+00:00,True,2026-02-27 17:20:00+00:00,0,65231.479999999996,2026-02-27 17:25:00+00:00,2026-02-27 17:25:00+00:00,65290.8,PROFIT_CEILING_GAP_OPEN,5.543437459516365,True,220.0,0.2627610208816687,0.17542260523698755,0.6676127404604165,0.08733841564468114
reference_validation,2026-04-24,2026-04-24 18:20:00+00:00,2026-04-24 18:30:00+00:00,77517.365,78432.9,77355.8,1077.0999999999913,78055.915,77140.38,2026-04-24 20:00:00+00:00,False,,0,,2026-04-24 20:00:00+00:00,2026-04-24 20:00:00+00:00,77596.0,TIME_EXIT_SESSION_END,-0.9072089331209506,False,90.0,,,,
reference_validation,2026-05-06,2026-05-06 14:10:00+00:00,2026-05-06 14:55:00+00:00,81512.305,82828.7,81280.0,1548.699999999997,82286.655,80970.26,2026-05-06 20:00:00+00:00,False,,0,,2026-05-06 20:00:00+00:00,2026-05-06 20:00:00+00:00,81416.5,TIME_EXIT_SESSION_END,0.18767200853904187,True,305.0,,,,
reference_validation,2026-05-08,2026-05-08 13:45:00+00:00,2026-05-08 15:20:00+00:00,79689.2,80478.0,79550.0,928.0,80153.2,79364.4,2026-05-08 20:00:00+00:00,False,,0,,2026-05-08 17:30:00+00:00,2026-05-08 17:35:00+00:00,80218.4,PRE_E20_CLOSE_INVALIDATION_F65,-3.720399753040548,False,135.0,,,,
reference_validation,2026-06-03,2026-06-03 13:50:00+00:00,2026-06-03 13:55:00+00:00,66744.2,67448.0,66620.0,828.0,67158.2,66454.4,2026-06-03 20:00:00+00:00,True,2026-06-03 15:15:00+00:00,0,66454.4,2026-06-03 15:25:00+00:00,2026-06-03 15:25:00+00:00,66454.4,PROFIT_CEILING_HIT,1.7709751558937064,True,90.0,1.7161835748792271,0.20000000000000703,0.11653764954257975,1.51618357487922
reference_validation,2026-06-12,2026-06-12 13:45:00+00:00,2026-06-12 13:50:00+00:00,63193.8,63929.9,63063.9,866.0,63626.8,62890.700000000004,2026-06-12 20:00:00+00:00,False,,0,,2026-06-12 14:30:00+00:00,2026-06-12 14:35:00+00:00,63656.8,PRE_E20_CLOSE_INVALIDATION_F65,-4.063334061252855,False,45.0,,,,
reference_validation,2026-06-30,2026-06-30 13:35:00+00:00,2026-06-30 13:45:00+00:00,58472.155,59532.7,58285.0,1247.699999999997,59096.005,58035.46,2026-06-30 20:00:00+00:00,False,,0,,2026-06-30 20:00:00+00:00,2026-06-30 20:00:00+00:00,58794.0,TIME_EXIT_SESSION_END,-3.152121928805251,False,375.0,,,,
reference_validation,2026-07-06,2026-07-06 13:35:00+00:00,2026-07-06 13:45:00+00:00,61676.595,63226.4,61403.1,1823.300000000003,62588.245,61038.439999999995,2026-07-06 20:00:00+00:00,False,,0,,2026-07-06 15:40:00+00:00,2026-07-06 15:45:00+00:00,62883.9,PRE_E20_CLOSE_INVALIDATION_F65,-10.187383690685214,False,120.0,,,,
