partition,date_utc,signal_ts,variant,H,L,range,F75,F15,E10,touch_bar_start,frozen_h2_bar_start,confirmation_status,confirmation_kind,confirmation_bar_start,confirmation_ts,entry_executed,entry_ts,entry_px,entry_fraction,exit_ts,exit_px,exit_reason,net_pnl_usd,hold_minutes,h2_before_exit
august,2026-08-13,2026-08-13 14:40:00+00:00,EARLY_RECLAIM,1896.19,1874.43,21.75999999999999,1890.75,1877.694,1898.366,2026-08-13 15:05:00+00:00,,CONFIRMED,SAME_BAR,2026-08-13 15:05:00+00:00,2026-08-13 15:10:00+00:00,True,2026-08-13 15:10:00+00:00,1890.85,0.7545955882352873,2026-08-13 16:40:00+00:00,1869.17,CLOSE_INVALIDATION_F15,-6.132871459925404,90.0,False
august,2026-08-13,2026-08-13 14:40:00+00:00,SAME_BAR_REJECTION,1896.19,1874.43,21.75999999999999,1890.75,1877.694,1898.366,2026-08-13 15:05:00+00:00,,CONFIRMED,SAME_BAR,2026-08-13 15:05:00+00:00,2026-08-13 15:10:00+00:00,True,2026-08-13 15:10:00+00:00,1890.85,0.7545955882352873,2026-08-13 16:40:00+00:00,1869.17,CLOSE_INVALIDATION_F15,-6.132871459925404,90.0,False
august,2026-08-20,2026-08-20 15:35:00+00:00,EARLY_RECLAIM,2318.78,2248.84,69.94000000000005,2301.295,2259.331,2325.7740000000003,2026-08-20 15:40:00+00:00,2026-08-20 15:45:00+00:00,CONFIRMED,SAME_BAR,2026-08-20 15:40:00+00:00,2026-08-20 15:45:00+00:00,True,2026-08-20 15:45:00+00:00,2302.46,0.7666571346868724,2026-08-20 15:50:00+00:00,2325.7740000000003,TP_E10,4.662845825768991,5.0,True
august,2026-08-20,2026-08-20 15:35:00+00:00,SAME_BAR_REJECTION,2318.78,2248.84,69.94000000000005,2301.295,2259.331,2325.7740000000003,2026-08-20 15:40:00+00:00,2026-08-20 15:45:00+00:00,CONFIRMED,SAME_BAR,2026-08-20 15:40:00+00:00,2026-08-20 15:45:00+00:00,True,2026-08-20 15:45:00+00:00,2302.46,0.7666571346868724,2026-08-20 15:50:00+00:00,2325.7740000000003,TP_E10,4.662845825768991,5.0,True
development,2022-01-03,2022-01-03 14:40:00+00:00,EARLY_RECLAIM,3844.67,3790.01,54.659999999999854,3831.005,3798.2090000000003,3850.136,2022-01-03 14:45:00+00:00,,LOW_BREAK_BEFORE_CONFIRMATION,,,,False,,,,,,LOW_BREAK_BEFORE_CONFIRMATION,,,False
development,2022-01-03,2022-01-03 14:40:00+00:00,SAME_BAR_REJECTION,3844.67,3790.01,54.659999999999854,3831.005,3798.2090000000003,3850.136,2022-01-03 14:45:00+00:00,,NO_CONFIRMATION,,,,False,,,,,,NO_CONFIRMATION,,,False
development,2022-01-25,2022-01-25 14:40:00+00:00,EARLY_RECLAIM,2460.7,2371.63,89.06999999999971,2438.4325,2384.9905,2469.607,2022-01-25 15:45:00+00:00,2022-01-25 17:20:00+00:00,CONFIRMED,LATER_RECLAIM,2022-01-25 16:15:00+00:00,2022-01-25 16:20:00+00:00,True,2022-01-25 16:20:00+00:00,2445.37,0.827888177837656,2022-01-25 17:20:00+00:00,2469.607,TP_E10,4.555691776704518,60.0,True
development,2022-01-25,2022-01-25 14:40:00+00:00,SAME_BAR_REJECTION,2460.7,2371.63,89.06999999999971,2438.4325,2384.9905,2469.607,2022-01-25 15:45:00+00:00,2022-01-25 17:20:00+00:00,NO_CONFIRMATION,,,,False,,,,,,NO_CONFIRMATION,,,False
development,2022-02-09,2022-02-09 14:45:00+00:00,EARLY_RECLAIM,3208.26,3066.48,141.7800000000002,3172.815,3087.747,3222.438,2022-02-09 15:15:00+00:00,2022-02-09 16:45:00+00:00,CONFIRMED,LATER_RECLAIM,2022-02-09 15:25:00+00:00,2022-02-09 15:30:00+00:00,True,2022-02-09 15:30:00+00:00,3176.01,0.7725349132458742,2022-02-09 19:00:00+00:00,3222.438,TP_E10,6.909170940897558,210.0,True
development,2022-02-09,2022-02-09 14:45:00+00:00,SAME_BAR_REJECTION,3208.26,3066.48,141.7800000000002,3172.815,3087.747,3222.438,2022-02-09 15:15:00+00:00,2022-02-09 16:45:00+00:00,NO_CONFIRMATION,,,,False,,,,,,NO_CONFIRMATION,,,False
development,2022-02-22,2022-02-22 14:00:00+00:00,EARLY_RECLAIM,2622.62,2512.67,109.94999999999982,2595.1324999999997,2529.1625,2633.615,2022-02-22 14:10:00+00:00,2022-02-22 14:45:00+00:00,CONFIRMED,LATER_RECLAIM,2022-02-22 14:40:00+00:00,2022-02-22 14:45:00+00:00,True,2022-02-22 14:45:00+00:00,2606.98,0.8577535243292415,2022-02-22 14:50:00+00:00,2633.615,TP_E10,4.708401291916253,5.0,True
development,2022-02-22,2022-02-22 14:00:00+00:00,SAME_BAR_REJECTION,2622.62,2512.67,109.94999999999982,2595.1324999999997,2529.1625,2633.615,2022-02-22 14:10:00+00:00,2022-02-22 14:45:00+00:00,NO_CONFIRMATION,,,,False,,,,,,NO_CONFIRMATION,,,False
development,2022-03-03,2022-03-03 14:05:00+00:00,EARLY_RECLAIM,2934.48,2877.35,57.13000000000011,2920.1975,2885.9195,2940.193,2022-03-03 14:10:00+00:00,,CONFIRMED,SAME_BAR,2022-03-03 14:10:00+00:00,2022-03-03 14:15:00+00:00,True,2022-03-03 14:15:00+00:00,2922.69,0.7936285664274472,2022-03-03 14:50:00+00:00,2883.28,CLOSE_INVALIDATION_F15,-7.142076648566853,35.0,False
development,2022-03-03,2022-03-03 14:05:00+00:00,SAME_BAR_REJECTION,2934.48,2877.35,57.13000000000011,2920.1975,2885.9195,2940.193,2022-03-03 14:10:00+00:00,,CONFIRMED,SAME_BAR,2022-03-03 14:10:00+00:00,2022-03-03 14:15:00+00:00,True,2022-03-03 14:15:00+00:00,2922.69,0.7936285664274472,2022-03-03 14:50:00+00:00,2883.28,CLOSE_INVALIDATION_F15,-7.142076648566853,35.0,False
development,2022-03-21,2022-03-21 13:45:00+00:00,EARLY_RECLAIM,2938.5,2873.0,65.5,2922.125,2882.825,2945.05,2022-03-21 13:50:00+00:00,2022-03-21 15:15:00+00:00,CONFIRMED,LATER_RECLAIM,2022-03-21 14:55:00+00:00,2022-03-21 15:00:00+00:00,True,2022-03-21 15:00:00+00:00,2923.5,0.7709923664122137,2022-03-21 15:15:00+00:00,2945.05,TP_E10,3.2856507610740775,15.0,True
development,2022-03-21,2022-03-21 13:45:00+00:00,SAME_BAR_REJECTION,2938.5,2873.0,65.5,2922.125,2882.825,2945.05,2022-03-21 13:50:00+00:00,2022-03-21 15:15:00+00:00,NO_CONFIRMATION,,,,False,,,,,,NO_CONFIRMATION,,,False
development,2022-03-22,2022-03-22 14:40:00+00:00,EARLY_RECLAIM,3027.92,2984.71,43.210000000000036,3017.1175000000003,2991.1915,3032.241,2022-03-22 15:15:00+00:00,,CONFIRMED,SAME_BAR,2022-03-22 15:15:00+00:00,2022-03-22 15:20:00+00:00,True,2022-03-22 15:20:00+00:00,3017.13,0.7502892848877585,2022-03-22 20:00:00+00:00,2982.71,CLOSE_INVALIDATION_F15,-6.10409627692542,280.0,False
development,2022-03-22,2022-03-22 14:40:00+00:00,SAME_BAR_REJECTION,3027.92,2984.71,43.210000000000036,3017.1175000000003,2991.1915,3032.241,2022-03-22 15:15:00+00:00,,CONFIRMED,SAME_BAR,2022-03-22 15:15:00+00:00,2022-03-22 15:20:00+00:00,True,2022-03-22 15:20:00+00:00,3017.13,0.7502892848877585,2022-03-22 20:00:00+00:00,2982.71,CLOSE_INVALIDATION_F15,-6.10409627692542,280.0,False
development,2022-04-18,2022-04-18 13:35:00+00:00,EARLY_RECLAIM,2947.0,2887.0,60.0,2932.0,2896.0,2953.0,2022-04-18 13:40:00+00:00,2022-04-18 17:10:00+00:00,CONFIRMED,LATER_RECLAIM,2022-04-18 14:10:00+00:00,2022-04-18 14:15:00+00:00,True,2022-04-18 14:15:00+00:00,2934.77,0.7961666666666664,2022-04-18 17:10:00+00:00,2953.0,TP_E10,2.705865195568991,175.0,True
development,2022-04-18,2022-04-18 13:35:00+00:00,SAME_BAR_REJECTION,2947.0,2887.0,60.0,2932.0,2896.0,2953.0,2022-04-18 13:40:00+00:00,2022-04-18 17:10:00+00:00,NO_CONFIRMATION,,,,False,,,,,,NO_CONFIRMATION,,,False
development,2022-05-19,2022-05-19 13:40:00+00:00,EARLY_RECLAIM,1985.99,1912.39,73.59999999999991,1967.5900000000001,1923.43,1993.35,2022-05-19 13:45:00+00:00,2022-05-19 14:20:00+00:00,CONFIRMED,LATER_RECLAIM,2022-05-19 14:00:00+00:00,2022-05-19 14:05:00+00:00,True,2022-05-19 14:05:00+00:00,1969.78,0.7797554347826079,2022-05-19 15:15:00+00:00,1993.35,TP_E10,5.582901643838412,70.0,True
development,2022-05-19,2022-05-19 13:40:00+00:00,SAME_BAR_REJECTION,1985.99,1912.39,73.59999999999991,1967.5900000000001,1923.43,1993.35,2022-05-19 13:45:00+00:00,2022-05-19 14:20:00+00:00,NO_CONFIRMATION,,,,False,,,,,,NO_CONFIRMATION,,,False
development,2022-06-01,2022-06-01 13:35:00+00:00,EARLY_RECLAIM,1967.86,1924.0,43.8599999999999,1956.895,1930.579,1972.2459999999999,2022-06-01 13:45:00+00:00,,CONFIRMED,LATER_RECLAIM,2022-06-01 13:50:00+00:00,2022-06-01 13:55:00+00:00,True,2022-06-01 13:55:00+00:00,1958.9,0.7957136342909296,2022-06-01 14:20:00+00:00,1927.6,CLOSE_INVALIDATION_F15,-8.389177599673324,25.0,False
development,2022-06-01,2022-06-01 13:35:00+00:00,SAME_BAR_REJECTION,1967.86,1924.0,43.8599999999999,1956.895,1930.579,1972.2459999999999,2022-06-01 13:45:00+00:00,,NO_CONFIRMATION,,,,False,,,,,,NO_CONFIRMATION,,,False
development,2022-06-28,2022-06-28 13:35:00+00:00,EARLY_RECLAIM,1234.0,1203.32,30.680000000000064,1226.33,1207.922,1237.068,2022-06-28 13:45:00+00:00,,CONFIRMED,SAME_BAR,2022-06-28 13:45:00+00:00,2022-06-28 13:50:00+00:00,True,2022-06-28 13:50:00+00:00,1228.94,0.835071707953066,2022-06-28 14:35:00+00:00,1200.87,CLOSE_INVALIDATION_F15,-11.820411085976579,45.0,False
development,2022-06-28,2022-06-28 13:35:00+00:00,SAME_BAR_REJECTION,1234.0,1203.32,30.680000000000064,1226.33,1207.922,1237.068,2022-06-28 13:45:00+00:00,,CONFIRMED,SAME_BAR,2022-06-28 13:45:00+00:00,2022-06-28 13:50:00+00:00,True,2022-06-28 13:50:00+00:00,1228.94,0.835071707953066,2022-06-28 14:35:00+00:00,1200.87,CLOSE_INVALIDATION_F15,-11.820411085976579,45.0,False
development,2022-07-15,2022-07-15 14:30:00+00:00,EARLY_RECLAIM,1235.35,1202.75,32.59999999999991,1227.1999999999998,1207.6399999999999,1238.61,2022-07-15 14:40:00+00:00,2022-07-15 15:05:00+00:00,CONFIRMED,LATER_RECLAIM,2022-07-15 15:00:00+00:00,2022-07-15 15:05:00+00:00,True,2022-07-15 15:05:00+00:00,1230.53,0.8521472392638052,2022-07-15 16:25:00+00:00,1205.78,CLOSE_INVALIDATION_F15,-10.456642259839265,80.0,True
development,2022-07-15,2022-07-15 14:30:00+00:00,SAME_BAR_REJECTION,1235.35,1202.75,32.59999999999991,1227.1999999999998,1207.6399999999999,1238.61,2022-07-15 14:40:00+00:00,2022-07-15 15:05:00+00:00,NO_CONFIRMATION,,,,False,,,,,,NO_CONFIRMATION,,,False
development,2022-07-19,2022-07-19 13:35:00+00:00,EARLY_RECLAIM,1574.53,1505.2,69.32999999999993,1557.1975,1515.5995,1581.463,2022-07-19 13:40:00+00:00,2022-07-19 16:25:00+00:00,CONFIRMED,LATER_RECLAIM,2022-07-19 13:55:00+00:00,2022-07-19 14:00:00+00:00,True,2022-07-19 14:00:00+00:00,1558.76,0.772537141208712,2022-07-19 16:30:00+00:00,1581.463,TP_E10,6.882391131412158,150.0,True
development,2022-07-19,2022-07-19 13:35:00+00:00,SAME_BAR_REJECTION,1574.53,1505.2,69.32999999999993,1557.1975,1515.5995,1581.463,2022-07-19 13:40:00+00:00,2022-07-19 16:25:00+00:00,NO_CONFIRMATION,,,,False,,,,,,NO_CONFIRMATION,,,False
development,2022-07-20,2022-07-20 13:40:00+00:00,EARLY_RECLAIM,1616.0,1525.59,90.41000000000008,1593.3975,1539.1515,1625.041,2022-07-20 13:50:00+00:00,,CONFIRMED,LATER_RECLAIM,2022-07-20 14:05:00+00:00,2022-07-20 14:10:00+00:00,True,2022-07-20 14:10:00+00:00,1598.1,0.8020130516535773,2022-07-20 20:00:00+00:00,1551.0,TIME_EXIT_SESSION_END,-15.136249296039006,350.0,False
development,2022-07-20,2022-07-20 13:40:00+00:00,SAME_BAR_REJECTION,1616.0,1525.59,90.41000000000008,1593.3975,1539.1515,1625.041,2022-07-20 13:50:00+00:00,,NO_CONFIRMATION,,,,False,,,,,,NO_CONFIRMATION,,,False
development,2022-07-28,2022-07-28 13:35:00+00:00,EARLY_RECLAIM,1659.0,1595.0,64.0,1643.0,1604.6,1665.4,2022-07-28 14:45:00+00:00,2022-07-28 15:15:00+00:00,CONFIRMED,SAME_BAR,2022-07-28 14:45:00+00:00,2022-07-28 14:50:00+00:00,True,2022-07-28 14:50:00+00:00,1647.84,0.8256249999999987,2022-07-28 15:20:00+00:00,1665.4,TP_E10,4.9281872026410545,30.0,True
development,2022-07-28,2022-07-28 13:35:00+00:00,SAME_BAR_REJECTION,1659.0,1595.0,64.0,1643.0,1604.6,1665.4,2022-07-28 14:45:00+00:00,2022-07-28 15:15:00+00:00,CONFIRMED,SAME_BAR,2022-07-28 14:45:00+00:00,2022-07-28 14:50:00+00:00,True,2022-07-28 14:50:00+00:00,1647.84,0.8256249999999987,2022-07-28 15:20:00+00:00,1665.4,TP_E10,4.9281872026410545,30.0,True
development,2022-08-22,2022-08-22 14:10:00+00:00,EARLY_RECLAIM,1580.0,1528.0,52.0,1567.0,1535.8,1585.2,2022-08-22 14:15:00+00:00,2022-08-22 15:40:00+00:00,CONFIRMED,LATER_RECLAIM,2022-08-22 14:35:00+00:00,2022-08-22 14:40:00+00:00,True,2022-08-22 14:40:00+00:00,1570.52,0.8176923076923074,2022-08-22 15:40:00+00:00,1585.2,TP_E10,4.2736112879810495,60.0,True
development,2022-08-22,2022-08-22 14:10:00+00:00,SAME_BAR_REJECTION,1580.0,1528.0,52.0,1567.0,1535.8,1585.2,2022-08-22 14:15:00+00:00,2022-08-22 15:40:00+00:00,NO_CONFIRMATION,,,,False,,,,,,NO_CONFIRMATION,,,False
development,2022-08-24,2022-08-24 14:30:00+00:00,EARLY_RECLAIM,1660.25,1625.18,35.069999999999936,1651.4825,1630.4405000000002,1663.757,2022-08-24 14:35:00+00:00,2022-08-24 15:15:00+00:00,CONFIRMED,LATER_RECLAIM,2022-08-24 15:05:00+00:00,2022-08-24 15:10:00+00:00,True,2022-08-24 15:10:00+00:00,1653.13,0.7969774736241829,2022-08-24 15:20:00+00:00,1663.757,TP_E10,2.8142057793397295,10.0,True
development,2022-08-24,2022-08-24 14:30:00+00:00,SAME_BAR_REJECTION,1660.25,1625.18,35.069999999999936,1651.4825,1630.4405000000002,1663.757,2022-08-24 14:35:00+00:00,2022-08-24 15:15:00+00:00,NO_CONFIRMATION,,,,False,,,,,,NO_CONFIRMATION,,,False
development,2022-09-02,2022-09-02 14:40:00+00:00,EARLY_RECLAIM,1644.8,1581.33,63.47000000000003,1628.9325,1590.8505,1651.147,2022-09-02 15:40:00+00:00,,CONFIRMED,SAME_BAR,2022-09-02 15:40:00+00:00,2022-09-02 15:45:00+00:00,True,2022-09-02 15:45:00+00:00,1630.65,0.7770600283598573,2022-09-02 17:50:00+00:00,1586.18,CLOSE_INVALIDATION_F15,-14.03566675865452,125.0,False
development,2022-09-02,2022-09-02 14:40:00+00:00,SAME_BAR_REJECTION,1644.8,1581.33,63.47000000000003,1628.9325,1590.8505,1651.147,2022-09-02 15:40:00+00:00,,CONFIRMED,SAME_BAR,2022-09-02 15:40:00+00:00,2022-09-02 15:45:00+00:00,True,2022-09-02 15:45:00+00:00,1630.65,0.7770600283598573,2022-09-02 17:50:00+00:00,1586.18,CLOSE_INVALIDATION_F15,-14.03566675865452,125.0,False
development,2022-09-08,2022-09-08 13:45:00+00:00,EARLY_RECLAIM,1646.6,1597.0,49.59999999999991,1634.1999999999998,1604.44,1651.56,2022-09-08 13:55:00+00:00,2022-09-08 15:05:00+00:00,CONFIRMED,SAME_BAR,2022-09-08 13:55:00+00:00,2022-09-08 14:00:00+00:00,True,2022-09-08 14:00:00+00:00,1634.26,0.7512096774193561,2022-09-08 15:05:00+00:00,1651.56,TP_E10,4.892915447970281,65.0,True
development,2022-09-08,2022-09-08 13:45:00+00:00,SAME_BAR_REJECTION,1646.6,1597.0,49.59999999999991,1634.1999999999998,1604.44,1651.56,2022-09-08 13:55:00+00:00,2022-09-08 15:05:00+00:00,CONFIRMED,SAME_BAR,2022-09-08 13:55:00+00:00,2022-09-08 14:00:00+00:00,True,2022-09-08 14:00:00+00:00,1634.26,0.7512096774193561,2022-09-08 15:05:00+00:00,1651.56,TP_E10,4.892915447970281,65.0,True
development,2022-09-20,2022-09-20 15:10:00+00:00,EARLY_RECLAIM,1366.4,1328.76,37.6400000000001,1356.99,1334.406,1370.1640000000002,2022-09-20 15:30:00+00:00,2022-09-20 15:50:00+00:00,H2_BEFORE_CONFIRMATION,,,,False,,,,,,H2_BEFORE_CONFIRMATION,,,False
development,2022-09-20,2022-09-20 15:10:00+00:00,SAME_BAR_REJECTION,1366.4,1328.76,37.6400000000001,1356.99,1334.406,1370.1640000000002,2022-09-20 15:30:00+00:00,2022-09-20 15:50:00+00:00,NO_CONFIRMATION,,,,False,,,,,,NO_CONFIRMATION,,,False
development,2022-10-04,2022-10-04 14:05:00+00:00,EARLY_RECLAIM,1359.8,1341.51,18.289999999999964,1355.2275,1344.2535,1361.629,2022-10-04 14:20:00+00:00,,LOW_BREAK_BEFORE_CONFIRMATION,,,,False,,,,,,LOW_BREAK_BEFORE_CONFIRMATION,,,False
development,2022-10-04,2022-10-04 14:05:00+00:00,SAME_BAR_REJECTION,1359.8,1341.51,18.289999999999964,1355.2275,1344.2535,1361.629,2022-10-04 14:20:00+00:00,,NO_CONFIRMATION,,,,False,,,,,,NO_CONFIRMATION,,,False
development,2022-10-06,2022-10-06 13:45:00+00:00,EARLY_RECLAIM,1378.0,1354.0,24.0,1372.0,1357.6,1380.4,2022-10-06 13:50:00+00:00,,CONFIRMED,SAME_BAR,2022-10-06 13:50:00+00:00,2022-10-06 13:55:00+00:00,True,2022-10-06 13:55:00+00:00,1372.1,0.7541666666666629,2022-10-06 14:05:00+00:00,1355.29,CLOSE_INVALIDATION_F15,-6.525646818744946,10.0,False
development,2022-10-06,2022-10-06 13:45:00+00:00,SAME_BAR_REJECTION,1378.0,1354.0,24.0,1372.0,1357.6,1380.4,2022-10-06 13:50:00+00:00,,CONFIRMED,SAME_BAR,2022-10-06 13:50:00+00:00,2022-10-06 13:55:00+00:00,True,2022-10-06 13:55:00+00:00,1372.1,0.7541666666666629,2022-10-06 14:05:00+00:00,1355.29,CLOSE_INVALIDATION_F15,-6.525646818744946,10.0,False
development,2022-11-30,2022-11-30 16:45:00+00:00,EARLY_RECLAIM,1276.93,1253.37,23.560000000000173,1271.04,1256.904,1279.286,2022-11-30 16:50:00+00:00,2022-11-30 18:30:00+00:00,CONFIRMED,SAME_BAR,2022-11-30 16:50:00+00:00,2022-11-30 16:55:00+00:00,True,2022-11-30 16:55:00+00:00,1272.01,0.7911714770797947,2022-11-30 18:35:00+00:00,1279.286,TP_E10,2.460040408487419,100.0,True
development,2022-11-30,2022-11-30 16:45:00+00:00,SAME_BAR_REJECTION,1276.93,1253.37,23.560000000000173,1271.04,1256.904,1279.286,2022-11-30 16:50:00+00:00,2022-11-30 18:30:00+00:00,CONFIRMED,SAME_BAR,2022-11-30 16:50:00+00:00,2022-11-30 16:55:00+00:00,True,2022-11-30 16:55:00+00:00,1272.01,0.7911714770797947,2022-11-30 18:35:00+00:00,1279.286,TP_E10,2.460040408487419,100.0,True
development,2022-12-08,2022-12-08 14:05:00+00:00,EARLY_RECLAIM,1247.33,1227.36,19.970000000000027,1242.3374999999999,1230.3555,1249.327,2022-12-08 14:10:00+00:00,2022-12-08 14:55:00+00:00,CONFIRMED,LATER_RECLAIM,2022-12-08 14:15:00+00:00,2022-12-08 14:20:00+00:00,True,2022-12-08 14:20:00+00:00,1242.5,0.758137205808717,2022-12-08 15:00:00+00:00,1249.327,TP_E10,2.3472837022133324,40.0,True
development,2022-12-08,2022-12-08 14:05:00+00:00,SAME_BAR_REJECTION,1247.33,1227.36,19.970000000000027,1242.3374999999999,1230.3555,1249.327,2022-12-08 14:10:00+00:00,2022-12-08 14:55:00+00:00,NO_CONFIRMATION,,,,False,,,,,,NO_CONFIRMATION,,,False
development,2022-12-21,2022-12-21 14:50:00+00:00,EARLY_RECLAIM,1218.99,1206.63,12.3599999999999,1215.9,1208.4840000000002,1220.226,2022-12-21 15:35:00+00:00,,NO_CONFIRMATION,,,,False,,,,,,NO_CONFIRMATION,,,False
development,2022-12-21,2022-12-21 14:50:00+00:00,SAME_BAR_REJECTION,1218.99,1206.63,12.3599999999999,1215.9,1208.4840000000002,1220.226,2022-12-21 15:35:00+00:00,,NO_CONFIRMATION,,,,False,,,,,,NO_CONFIRMATION,,,False
development,2022-12-29,2022-12-29 13:35:00+00:00,EARLY_RECLAIM,1203.85,1189.58,14.269999999999982,1200.2824999999998,1191.7205,1205.2769999999998,2022-12-29 13:50:00+00:00,2022-12-29 14:30:00+00:00,CONFIRMED,SAME_BAR,2022-12-29 13:50:00+00:00,2022-12-29 13:55:00+00:00,True,2022-12-29 13:55:00+00:00,1200.52,0.766643307638407,2022-12-29 15:05:00+00:00,1205.2769999999998,TP_E10,1.5812248025854463,70.0,True
development,2022-12-29,2022-12-29 13:35:00+00:00,SAME_BAR_REJECTION,1203.85,1189.58,14.269999999999982,1200.2824999999998,1191.7205,1205.2769999999998,2022-12-29 13:50:00+00:00,2022-12-29 14:30:00+00:00,CONFIRMED,SAME_BAR,2022-12-29 13:50:00+00:00,2022-12-29 13:55:00+00:00,True,2022-12-29 13:55:00+00:00,1200.52,0.766643307638407,2022-12-29 15:05:00+00:00,1205.2769999999998,TP_E10,1.5812248025854463,70.0,True
development,2023-01-09,2023-01-09 15:00:00+00:00,EARLY_RECLAIM,1328.0,1307.5,20.5,1322.875,1310.575,1330.05,2023-01-09 15:20:00+00:00,2023-01-09 15:40:00+00:00,CONFIRMED,LATER_RECLAIM,2023-01-09 15:25:00+00:00,2023-01-09 15:30:00+00:00,True,2023-01-09 15:30:00+00:00,1324.1,0.8097560975609712,2023-01-09 15:40:00+00:00,1330.05,TP_E10,1.8468091533872637,10.0,True
development,2023-01-09,2023-01-09 15:00:00+00:00,SAME_BAR_REJECTION,1328.0,1307.5,20.5,1322.875,1310.575,1330.05,2023-01-09 15:20:00+00:00,2023-01-09 15:40:00+00:00,NO_CONFIRMATION,,,,False,,,,,,NO_CONFIRMATION,,,False
development,2023-01-10,2023-01-10 14:10:00+00:00,EARLY_RECLAIM,1336.27,1321.27,15.0,1332.52,1323.52,1337.77,2023-01-10 14:20:00+00:00,2023-01-10 14:30:00+00:00,H2_BEFORE_CONFIRMATION,,,,False,,,,,,H2_BEFORE_CONFIRMATION,,,False
development,2023-01-10,2023-01-10 14:10:00+00:00,SAME_BAR_REJECTION,1336.27,1321.27,15.0,1332.52,1323.52,1337.77,2023-01-10 14:20:00+00:00,2023-01-10 14:30:00+00:00,NO_CONFIRMATION,,,,False,,,,,,NO_CONFIRMATION,,,False
development,2023-02-28,2023-02-28 14:45:00+00:00,EARLY_RECLAIM,1641.92,1615.6,26.320000000000164,1635.3400000000001,1619.548,1644.5520000000001,2023-02-28 14:55:00+00:00,2023-02-28 15:00:00+00:00,H2_BEFORE_CONFIRMATION,,,,False,,,,,,H2_BEFORE_CONFIRMATION,,,False
development,2023-02-28,2023-02-28 14:45:00+00:00,SAME_BAR_REJECTION,1641.92,1615.6,26.320000000000164,1635.3400000000001,1619.548,1644.5520000000001,2023-02-28 14:55:00+00:00,2023-02-28 15:00:00+00:00,NO_CONFIRMATION,,,,False,,,,,,NO_CONFIRMATION,,,False
development,2023-03-22,2023-03-22 13:35:00+00:00,EARLY_RECLAIM,1802.55,1780.02,22.529999999999973,1796.9175,1783.3995,1804.8029999999999,2023-03-22 13:55:00+00:00,2023-03-22 14:30:00+00:00,CONFIRMED,LATER_RECLAIM,2023-03-22 14:00:00+00:00,2023-03-22 14:05:00+00:00,True,2023-03-22 14:05:00+00:00,1798.89,0.8375499334221101,2023-03-22 14:30:00+00:00,1804.8029999999999,TP_E10,1.243513499991589,25.0,True
development,2023-03-22,2023-03-22 13:35:00+00:00,SAME_BAR_REJECTION,1802.55,1780.02,22.529999999999973,1796.9175,1783.3995,1804.8029999999999,2023-03-22 13:55:00+00:00,2023-03-22 14:30:00+00:00,NO_CONFIRMATION,,,,False,,,,,,NO_CONFIRMATION,,,False
development,2023-04-25,2023-04-25 13:35:00+00:00,EARLY_RECLAIM,1831.22,1804.44,26.779999999999973,1824.525,1808.457,1833.8980000000001,2023-04-25 13:40:00+00:00,2023-04-25 17:40:00+00:00,CONFIRMED,LATER_RECLAIM,2023-04-25 17:35:00+00:00,2023-04-25 17:40:00+00:00,True,2023-04-25 17:40:00+00:00,1826.47,0.8226288274831962,2023-04-25 17:40:00+00:00,1833.8980000000001,TP_E10,1.6334306065799002,0.0,True
development,2023-04-25,2023-04-25 13:35:00+00:00,SAME_BAR_REJECTION,1831.22,1804.44,26.779999999999973,1824.525,1808.457,1833.8980000000001,2023-04-25 13:40:00+00:00,2023-04-25 17:40:00+00:00,NO_CONFIRMATION,,,,False,,,,,,NO_CONFIRMATION,,,False
development,2023-04-27,2023-04-27 14:05:00+00:00,EARLY_RECLAIM,1895.0,1858.55,36.450000000000045,1885.8875,1864.0175,1898.645,2023-04-27 14:10:00+00:00,2023-04-27 15:20:00+00:00,CONFIRMED,SAME_BAR,2023-04-27 14:10:00+00:00,2023-04-27 14:15:00+00:00,True,2023-04-27 14:15:00+00:00,1890.15,0.8669410150891659,2023-04-27 15:20:00+00:00,1898.645,TP_E10,1.8471761500409971,65.0,True
development,2023-04-27,2023-04-27 14:05:00+00:00,SAME_BAR_REJECTION,1895.0,1858.55,36.450000000000045,1885.8875,1864.0175,1898.645,2023-04-27 14:10:00+00:00,2023-04-27 15:20:00+00:00,CONFIRMED,SAME_BAR,2023-04-27 14:10:00+00:00,2023-04-27 14:15:00+00:00,True,2023-04-27 14:15:00+00:00,1890.15,0.8669410150891659,2023-04-27 15:20:00+00:00,1898.645,TP_E10,1.8471761500409971,65.0,True
development,2023-05-09,2023-05-09 17:05:00+00:00,EARLY_RECLAIM,1853.83,1833.03,20.799999999999955,1848.6299999999999,1836.1499999999999,1855.9099999999999,2023-05-09 17:10:00+00:00,,CONFIRMED,LATER_RECLAIM,2023-05-09 17:15:00+00:00,2023-05-09 17:20:00+00:00,True,2023-05-09 17:20:00+00:00,1851.27,0.8769230769230792,2023-05-09 20:00:00+00:00,1851.79,TIME_EXIT_SESSION_END,-0.25955587245511913,160.0,False
development,2023-05-09,2023-05-09 17:05:00+00:00,SAME_BAR_REJECTION,1853.83,1833.03,20.799999999999955,1848.6299999999999,1836.1499999999999,1855.9099999999999,2023-05-09 17:10:00+00:00,,NO_CONFIRMATION,,,,False,,,,,,NO_CONFIRMATION,,,False
development,2023-05-12,2023-05-12 13:35:00+00:00,EARLY_RECLAIM,1776.68,1754.26,22.420000000000073,1771.075,1757.623,1778.922,2023-05-12 13:40:00+00:00,2023-05-12 14:10:00+00:00,CONFIRMED,SAME_BAR,2023-05-12 13:40:00+00:00,2023-05-12 13:45:00+00:00,True,2023-05-12 13:45:00+00:00,1773.91,0.8764495985727041,2023-05-12 14:10:00+00:00,1778.922,TP_E10,1.0126985021787331,25.0,True
development,2023-05-12,2023-05-12 13:35:00+00:00,SAME_BAR_REJECTION,1776.68,1754.26,22.420000000000073,1771.075,1757.623,1778.922,2023-05-12 13:40:00+00:00,2023-05-12 14:10:00+00:00,CONFIRMED,SAME_BAR,2023-05-12 13:40:00+00:00,2023-05-12 13:45:00+00:00,True,2023-05-12 13:45:00+00:00,1773.91,0.8764495985727041,2023-05-12 14:10:00+00:00,1778.922,TP_E10,1.0126985021787331,25.0,True
development,2023-05-16,2023-05-16 17:00:00+00:00,EARLY_RECLAIM,1826.92,1808.93,17.99000000000001,1822.4225000000001,1811.6285,1828.719,2023-05-16 17:05:00+00:00,2023-05-16 17:45:00+00:00,CONFIRMED,LATER_RECLAIM,2023-05-16 17:40:00+00:00,2023-05-16 17:45:00+00:00,True,2023-05-16 17:45:00+00:00,1824.07,0.8415786548082193,2023-05-16 18:00:00+00:00,1828.719,TP_E10,0.8743480239245652,15.0,True
development,2023-05-16,2023-05-16 17:00:00+00:00,SAME_BAR_REJECTION,1826.92,1808.93,17.99000000000001,1822.4225000000001,1811.6285,1828.719,2023-05-16 17:05:00+00:00,2023-05-16 17:45:00+00:00,NO_CONFIRMATION,,,,False,,,,,,NO_CONFIRMATION,,,False
development,2023-05-26,2023-05-26 13:40:00+00:00,EARLY_RECLAIM,1826.0,1807.81,18.190000000000055,1821.4524999999999,1810.5384999999999,1827.819,2023-05-26 13:55:00+00:00,2023-05-26 14:00:00+00:00,CONFIRMED,SAME_BAR,2023-05-26 13:55:00+00:00,2023-05-26 14:00:00+00:00,True,2023-05-26 14:00:00+00:00,1822.4,0.8020890599230402,2023-05-26 14:25:00+00:00,1827.819,TP_E10,1.0867756804214372,25.0,True
development,2023-05-26,2023-05-26 13:40:00+00:00,SAME_BAR_REJECTION,1826.0,1807.81,18.190000000000055,1821.4524999999999,1810.5384999999999,1827.819,2023-05-26 13:55:00+00:00,2023-05-26 14:00:00+00:00,CONFIRMED,SAME_BAR,2023-05-26 13:55:00+00:00,2023-05-26 14:00:00+00:00,True,2023-05-26 14:00:00+00:00,1822.4,0.8020890599230402,2023-05-26 14:25:00+00:00,1827.819,TP_E10,1.0867756804214372,25.0,True
development,2023-06-01,2023-06-01 16:25:00+00:00,EARLY_RECLAIM,1866.01,1851.21,14.799999999999955,1862.31,1853.43,1867.49,2023-06-01 16:30:00+00:00,2023-06-01 16:50:00+00:00,H2_BEFORE_CONFIRMATION,,,,False,,,,,,H2_BEFORE_CONFIRMATION,,,False
development,2023-06-01,2023-06-01 16:25:00+00:00,SAME_BAR_REJECTION,1866.01,1851.21,14.799999999999955,1862.31,1853.43,1867.49,2023-06-01 16:30:00+00:00,2023-06-01 16:50:00+00:00,NO_CONFIRMATION,,,,False,,,,,,NO_CONFIRMATION,,,False
development,2023-06-21,2023-06-21 14:00:00+00:00,EARLY_RECLAIM,1839.0,1806.58,32.42000000000007,1830.895,1811.443,1842.242,2023-06-21 14:20:00+00:00,2023-06-21 14:25:00+00:00,CONFIRMED,SAME_BAR,2023-06-21 14:20:00+00:00,2023-06-21 14:25:00+00:00,True,2023-06-21 14:25:00+00:00,1831.5,0.7686613201727334,2023-06-21 14:25:00+00:00,1842.242,TP_E10,2.53256893256888,0.0,True
development,2023-06-21,2023-06-21 14:00:00+00:00,SAME_BAR_REJECTION,1839.0,1806.58,32.42000000000007,1830.895,1811.443,1842.242,2023-06-21 14:20:00+00:00,2023-06-21 14:25:00+00:00,CONFIRMED,SAME_BAR,2023-06-21 14:20:00+00:00,2023-06-21 14:25:00+00:00,True,2023-06-21 14:25:00+00:00,1831.5,0.7686613201727334,2023-06-21 14:25:00+00:00,1842.242,TP_E10,2.53256893256888,0.0,True
development,2023-07-14,2023-07-14 15:35:00+00:00,EARLY_RECLAIM,2004.0,1984.07,19.930000000000064,1999.0175,1987.0594999999998,2005.993,2023-07-14 15:40:00+00:00,,CONFIRMED,SAME_BAR,2023-07-14 15:40:00+00:00,2023-07-14 15:45:00+00:00,True,2023-07-14 15:45:00+00:00,1999.54,0.7762167586552924,2023-07-14 17:05:00+00:00,1985.8,CLOSE_INVALIDATION_F15,-3.835790231753333,80.0,False
development,2023-07-14,2023-07-14 15:35:00+00:00,SAME_BAR_REJECTION,2004.0,1984.07,19.930000000000064,1999.0175,1987.0594999999998,2005.993,2023-07-14 15:40:00+00:00,,CONFIRMED,SAME_BAR,2023-07-14 15:40:00+00:00,2023-07-14 15:45:00+00:00,True,2023-07-14 15:45:00+00:00,1999.54,0.7762167586552924,2023-07-14 17:05:00+00:00,1985.8,CLOSE_INVALIDATION_F15,-3.835790231753333,80.0,False
development,2023-07-26,2023-07-26 14:05:00+00:00,EARLY_RECLAIM,1858.52,1846.9,11.61999999999989,1855.615,1848.643,1859.682,2023-07-26 14:10:00+00:00,2023-07-26 14:20:00+00:00,CONFIRMED,LATER_RECLAIM,2023-07-26 14:15:00+00:00,2023-07-26 14:20:00+00:00,True,2023-07-26 14:20:00+00:00,1856.66,0.8399311531841723,2023-07-26 14:30:00+00:00,1859.682,TP_E10,0.4138269796300612,10.0,True
development,2023-07-26,2023-07-26 14:05:00+00:00,SAME_BAR_REJECTION,1858.52,1846.9,11.61999999999989,1855.615,1848.643,1859.682,2023-07-26 14:10:00+00:00,2023-07-26 14:20:00+00:00,NO_CONFIRMATION,,,,False,,,,,,NO_CONFIRMATION,,,False
development,2023-08-03,2023-08-03 13:40:00+00:00,EARLY_RECLAIM,1838.5,1825.0,13.5,1835.125,1827.025,1839.85,2023-08-03 13:45:00+00:00,2023-08-03 13:55:00+00:00,CONFIRMED,SAME_BAR,2023-08-03 13:45:00+00:00,2023-08-03 13:50:00+00:00,True,2023-08-03 13:50:00+00:00,1837.14,0.8992592592592666,2023-08-03 14:00:00+00:00,1839.85,TP_E10,0.33755946743303544,10.0,True
development,2023-08-03,2023-08-03 13:40:00+00:00,SAME_BAR_REJECTION,1838.5,1825.0,13.5,1835.125,1827.025,1839.85,2023-08-03 13:45:00+00:00,2023-08-03 13:55:00+00:00,CONFIRMED,SAME_BAR,2023-08-03 13:45:00+00:00,2023-08-03 13:50:00+00:00,True,2023-08-03 13:50:00+00:00,1837.14,0.8992592592592666,2023-08-03 14:00:00+00:00,1839.85,TP_E10,0.33755946743303544,10.0,True
development,2023-08-25,2023-08-25 13:35:00+00:00,EARLY_RECLAIM,1663.97,1650.22,13.75,1660.5325,1652.2825,1665.345,2023-08-25 14:00:00+00:00,2023-08-25 14:15:00+00:00,H2_BEFORE_CONFIRMATION,,,,False,,,,,,H2_BEFORE_CONFIRMATION,,,False
development,2023-08-25,2023-08-25 13:35:00+00:00,SAME_BAR_REJECTION,1663.97,1650.22,13.75,1660.5325,1652.2825,1665.345,2023-08-25 14:00:00+00:00,2023-08-25 14:15:00+00:00,NO_CONFIRMATION,,,,False,,,,,,NO_CONFIRMATION,,,False
development,2023-08-29,2023-08-29 13:50:00+00:00,EARLY_RECLAIM,1647.24,1639.01,8.230000000000018,1645.1825,1640.2445,1648.063,2023-08-29 13:55:00+00:00,2023-08-29 14:00:00+00:00,H2_BEFORE_CONFIRMATION,,,,False,,,,,,H2_BEFORE_CONFIRMATION,,,False
development,2023-08-29,2023-08-29 13:50:00+00:00,SAME_BAR_REJECTION,1647.24,1639.01,8.230000000000018,1645.1825,1640.2445,1648.063,2023-08-29 13:55:00+00:00,2023-08-29 14:00:00+00:00,NO_CONFIRMATION,,,,False,,,,,,NO_CONFIRMATION,,,False
development,2023-09-14,2023-09-14 15:00:00+00:00,EARLY_RECLAIM,1635.8,1615.85,19.950000000000045,1630.8125,1618.8425,1637.795,2023-09-14 15:20:00+00:00,2023-09-14 17:05:00+00:00,CONFIRMED,SAME_BAR,2023-09-14 15:20:00+00:00,2023-09-14 15:25:00+00:00,True,2023-09-14 15:25:00+00:00,1631.26,0.7724310776942379,2023-09-14 18:00:00+00:00,1637.795,TP_E10,1.603052854848475,155.0,True
development,2023-09-14,2023-09-14 15:00:00+00:00,SAME_BAR_REJECTION,1635.8,1615.85,19.950000000000045,1630.8125,1618.8425,1637.795,2023-09-14 15:20:00+00:00,2023-09-14 17:05:00+00:00,CONFIRMED,SAME_BAR,2023-09-14 15:20:00+00:00,2023-09-14 15:25:00+00:00,True,2023-09-14 15:25:00+00:00,1631.26,0.7724310776942379,2023-09-14 18:00:00+00:00,1637.795,TP_E10,1.603052854848475,155.0,True
development,2023-09-20,2023-09-20 18:35:00+00:00,EARLY_RECLAIM,1637.51,1616.33,21.180000000000064,1632.215,1619.5069999999998,1639.628,2023-09-20 18:45:00+00:00,,LOW_BREAK_BEFORE_CONFIRMATION,,,,False,,,,,,LOW_BREAK_BEFORE_CONFIRMATION,,,False
development,2023-09-20,2023-09-20 18:35:00+00:00,SAME_BAR_REJECTION,1637.51,1616.33,21.180000000000064,1632.215,1619.5069999999998,1639.628,2023-09-20 18:45:00+00:00,,NO_CONFIRMATION,,,,False,,,,,,NO_CONFIRMATION,,,False
development,2023-10-05,2023-10-05 13:40:00+00:00,EARLY_RECLAIM,1648.43,1630.5,17.930000000000064,1643.9475,1633.1895,1650.223,2023-10-05 14:15:00+00:00,,CONFIRMED,SAME_BAR,2023-10-05 14:15:00+00:00,2023-10-05 14:20:00+00:00,True,2023-10-05 14:20:00+00:00,1645.18,0.8187395426659236,2023-10-05 15:05:00+00:00,1627.36,CLOSE_INVALIDATION_F15,-5.815820761254131,45.0,False
development,2023-10-05,2023-10-05 13:40:00+00:00,SAME_BAR_REJECTION,1648.43,1630.5,17.930000000000064,1643.9475,1633.1895,1650.223,2023-10-05 14:15:00+00:00,,CONFIRMED,SAME_BAR,2023-10-05 14:15:00+00:00,2023-10-05 14:20:00+00:00,True,2023-10-05 14:20:00+00:00,1645.18,0.8187395426659236,2023-10-05 15:05:00+00:00,1627.36,CLOSE_INVALIDATION_F15,-5.815820761254131,45.0,False
development,2023-10-19,2023-10-19 13:35:00+00:00,EARLY_RECLAIM,1558.67,1540.53,18.1400000000001,1554.135,1543.251,1560.4840000000002,2023-10-19 13:55:00+00:00,2023-10-19 14:50:00+00:00,CONFIRMED,LATER_RECLAIM,2023-10-19 14:05:00+00:00,2023-10-19 14:10:00+00:00,True,2023-10-19 14:10:00+00:00,1554.28,0.7579933847850013,2023-10-19 14:50:00+00:00,1560.4840000000002,TP_E10,1.5957793962478433,40.0,True
development,2023-10-19,2023-10-19 13:35:00+00:00,SAME_BAR_REJECTION,1558.67,1540.53,18.1400000000001,1554.135,1543.251,1560.4840000000002,2023-10-19 13:55:00+00:00,2023-10-19 14:50:00+00:00,NO_CONFIRMATION,,,,False,,,,,,NO_CONFIRMATION,,,False
development,2023-10-23,2023-10-23 14:50:00+00:00,EARLY_RECLAIM,1683.72,1661.2,22.519999999999982,1678.0900000000001,1664.578,1685.972,2023-10-23 14:55:00+00:00,2023-10-23 15:50:00+00:00,CONFIRMED,LATER_RECLAIM,2023-10-23 15:00:00+00:00,2023-10-23 15:05:00+00:00,True,2023-10-23 15:05:00+00:00,1679.03,0.7917406749555924,2023-10-23 16:45:00+00:00,1685.972,TP_E10,1.667265028022125,100.0,True
development,2023-10-23,2023-10-23 14:50:00+00:00,SAME_BAR_REJECTION,1683.72,1661.2,22.519999999999982,1678.0900000000001,1664.578,1685.972,2023-10-23 14:55:00+00:00,2023-10-23 15:50:00+00:00,NO_CONFIRMATION,,,,False,,,,,,NO_CONFIRMATION,,,False
development,2023-11-15,2023-11-15 16:05:00+00:00,EARLY_RECLAIM,2024.68,1982.01,42.67000000000007,2014.0125,1988.4105,2028.9470000000001,2023-11-15 16:20:00+00:00,2023-11-15 18:10:00+00:00,CONFIRMED,SAME_BAR,2023-11-15 16:20:00+00:00,2023-11-15 16:25:00+00:00,True,2023-11-15 16:25:00+00:00,2015.6,0.7872041246777562,2023-11-15 18:10:00+00:00,2028.9470000000001,TP_E10,2.91092478666406,105.0,True
development,2023-11-15,2023-11-15 16:05:00+00:00,SAME_BAR_REJECTION,2024.68,1982.01,42.67000000000007,2014.0125,1988.4105,2028.9470000000001,2023-11-15 16:20:00+00:00,2023-11-15 18:10:00+00:00,CONFIRMED,SAME_BAR,2023-11-15 16:20:00+00:00,2023-11-15 16:25:00+00:00,True,2023-11-15 16:25:00+00:00,2015.6,0.7872041246777562,2023-11-15 18:10:00+00:00,2028.9470000000001,TP_E10,2.91092478666406,105.0,True
development,2023-11-24,2023-11-24 15:45:00+00:00,EARLY_RECLAIM,2129.96,2075.14,54.820000000000164,2116.255,2083.363,2135.442,2023-11-24 15:55:00+00:00,,CONFIRMED,SAME_BAR,2023-11-24 15:55:00+00:00,2023-11-24 16:00:00+00:00,True,2023-11-24 16:00:00+00:00,2117.45,0.771798613644652,2023-11-24 19:10:00+00:00,2081.99,CLOSE_INVALIDATION_F15,-8.773279180145964,190.0,False
development,2023-11-24,2023-11-24 15:45:00+00:00,SAME_BAR_REJECTION,2129.96,2075.14,54.820000000000164,2116.255,2083.363,2135.442,2023-11-24 15:55:00+00:00,,CONFIRMED,SAME_BAR,2023-11-24 15:55:00+00:00,2023-11-24 16:00:00+00:00,True,2023-11-24 16:00:00+00:00,2117.45,0.771798613644652,2023-11-24 19:10:00+00:00,2081.99,CLOSE_INVALIDATION_F15,-8.773279180145964,190.0,False
development,2023-12-26,2023-12-26 13:45:00+00:00,EARLY_RECLAIM,2251.21,2216.86,34.34999999999991,2242.6225,2222.0125000000003,2254.645,2023-12-26 14:05:00+00:00,2023-12-26 14:25:00+00:00,CONFIRMED,SAME_BAR,2023-12-26 14:05:00+00:00,2023-12-26 14:10:00+00:00,True,2023-12-26 14:10:00+00:00,2244.21,0.7962154294032018,2023-12-26 16:25:00+00:00,2221.62,CLOSE_INVALIDATION_F15,-5.432951461761637,135.0,True
development,2023-12-26,2023-12-26 13:45:00+00:00,SAME_BAR_REJECTION,2251.21,2216.86,34.34999999999991,2242.6225,2222.0125000000003,2254.645,2023-12-26 14:05:00+00:00,2023-12-26 14:25:00+00:00,CONFIRMED,SAME_BAR,2023-12-26 14:05:00+00:00,2023-12-26 14:10:00+00:00,True,2023-12-26 14:10:00+00:00,2244.21,0.7962154294032018,2023-12-26 16:25:00+00:00,2221.62,CLOSE_INVALIDATION_F15,-5.432951461761637,135.0,True
development,2024-01-15,2024-01-15 13:55:00+00:00,EARLY_RECLAIM,2548.8,2507.93,40.870000000000346,2538.5825,2514.0605,2552.887,2024-01-15 14:00:00+00:00,2024-01-15 18:30:00+00:00,CONFIRMED,SAME_BAR,2024-01-15 14:00:00+00:00,2024-01-15 14:05:00+00:00,True,2024-01-15 14:05:00+00:00,2538.78,0.7548323954000514,2024-01-15 14:55:00+00:00,2511.69,CLOSE_INVALIDATION_F15,-5.735239760830058,50.0,False
development,2024-01-15,2024-01-15 13:55:00+00:00,SAME_BAR_REJECTION,2548.8,2507.93,40.870000000000346,2538.5825,2514.0605,2552.887,2024-01-15 14:00:00+00:00,2024-01-15 18:30:00+00:00,CONFIRMED,SAME_BAR,2024-01-15 14:00:00+00:00,2024-01-15 14:05:00+00:00,True,2024-01-15 14:05:00+00:00,2538.78,0.7548323954000514,2024-01-15 14:55:00+00:00,2511.69,CLOSE_INVALIDATION_F15,-5.735239760830058,50.0,False
development,2024-02-06,2024-02-06 13:35:00+00:00,EARLY_RECLAIM,2344.45,2308.16,36.289999999999964,2335.3774999999996,2313.6034999999997,2348.0789999999997,2024-02-06 13:45:00+00:00,2024-02-06 14:35:00+00:00,CONFIRMED,LATER_RECLAIM,2024-02-06 13:50:00+00:00,2024-02-06 13:55:00+00:00,True,2024-02-06 13:55:00+00:00,2337.4,0.8057316065031762,2024-02-06 16:20:00+00:00,2348.0789999999997,TP_E10,1.884375802173222,145.0,True
development,2024-02-06,2024-02-06 13:35:00+00:00,SAME_BAR_REJECTION,2344.45,2308.16,36.289999999999964,2335.3774999999996,2313.6034999999997,2348.0789999999997,2024-02-06 13:45:00+00:00,2024-02-06 14:35:00+00:00,NO_CONFIRMATION,,,,False,,,,,,NO_CONFIRMATION,,,False
development,2024-02-07,2024-02-07 14:05:00+00:00,EARLY_RECLAIM,2377.11,2352.06,25.050000000000182,2370.8475,2355.8175,2379.6150000000002,2024-02-07 14:15:00+00:00,2024-02-07 14:45:00+00:00,CONFIRMED,LATER_RECLAIM,2024-02-07 14:25:00+00:00,2024-02-07 14:30:00+00:00,True,2024-02-07 14:30:00+00:00,2372.24,0.8055888223552771,2024-02-07 14:45:00+00:00,2379.6150000000002,TP_E10,1.1544379995279246,15.0,True
development,2024-02-07,2024-02-07 14:05:00+00:00,SAME_BAR_REJECTION,2377.11,2352.06,25.050000000000182,2370.8475,2355.8175,2379.6150000000002,2024-02-07 14:15:00+00:00,2024-02-07 14:45:00+00:00,NO_CONFIRMATION,,,,False,,,,,,NO_CONFIRMATION,,,False
development,2024-02-15,2024-02-15 14:00:00+00:00,EARLY_RECLAIM,2816.13,2770.02,46.11000000000013,2804.6025,2776.9365,2820.741,2024-02-15 14:05:00+00:00,2024-02-15 14:10:00+00:00,CONFIRMED,SAME_BAR,2024-02-15 14:05:00+00:00,2024-02-15 14:10:00+00:00,True,2024-02-15 14:10:00+00:00,2809.07,0.8468878768163104,2024-02-15 14:15:00+00:00,2820.741,TP_E10,1.6773779222305056,5.0,True
development,2024-02-15,2024-02-15 14:00:00+00:00,SAME_BAR_REJECTION,2816.13,2770.02,46.11000000000013,2804.6025,2776.9365,2820.741,2024-02-15 14:05:00+00:00,2024-02-15 14:10:00+00:00,CONFIRMED,SAME_BAR,2024-02-15 14:05:00+00:00,2024-02-15 14:10:00+00:00,True,2024-02-15 14:10:00+00:00,2809.07,0.8468878768163104,2024-02-15 14:15:00+00:00,2820.741,TP_E10,1.6773779222305056,5.0,True
development,2024-03-28,2024-03-28 13:35:00+00:00,EARLY_RECLAIM,3597.61,3554.95,42.66000000000031,3586.945,3561.3489999999997,3601.876,2024-03-28 14:00:00+00:00,2024-03-28 14:05:00+00:00,CONFIRMED,SAME_BAR,2024-03-28 14:00:00+00:00,2024-03-28 14:05:00+00:00,True,2024-03-28 14:05:00+00:00,3593.28,0.8984997655883756,2024-03-28 14:05:00+00:00,3601.876,TP_E10,0.7961216493009408,0.0,True
development,2024-03-28,2024-03-28 13:35:00+00:00,SAME_BAR_REJECTION,3597.61,3554.95,42.66000000000031,3586.945,3561.3489999999997,3601.876,2024-03-28 14:00:00+00:00,2024-03-28 14:05:00+00:00,CONFIRMED,SAME_BAR,2024-03-28 14:00:00+00:00,2024-03-28 14:05:00+00:00,True,2024-03-28 14:05:00+00:00,3593.28,0.8984997655883756,2024-03-28 14:05:00+00:00,3601.876,TP_E10,0.7961216493009408,0.0,True
development,2024-04-04,2024-04-04 14:10:00+00:00,EARLY_RECLAIM,3383.0,3320.91,62.090000000000146,3367.4775,3330.2235,3389.209,2024-04-04 14:25:00+00:00,2024-04-04 14:40:00+00:00,CONFIRMED,SAME_BAR,2024-04-04 14:25:00+00:00,2024-04-04 14:30:00+00:00,True,2024-04-04 14:30:00+00:00,3370.19,0.7936865839909822,2024-04-04 14:40:00+00:00,3389.209,TP_E10,2.421651004839443,10.0,True
development,2024-04-04,2024-04-04 14:10:00+00:00,SAME_BAR_REJECTION,3383.0,3320.91,62.090000000000146,3367.4775,3330.2235,3389.209,2024-04-04 14:25:00+00:00,2024-04-04 14:40:00+00:00,CONFIRMED,SAME_BAR,2024-04-04 14:25:00+00:00,2024-04-04 14:30:00+00:00,True,2024-04-04 14:30:00+00:00,3370.19,0.7936865839909822,2024-04-04 14:40:00+00:00,3389.209,TP_E10,2.421651004839443,10.0,True
development,2024-04-10,2024-04-10 17:25:00+00:00,EARLY_RECLAIM,3543.94,3413.2,130.74000000000024,3511.255,3432.8109999999997,3557.014,2024-04-10 18:00:00+00:00,,CONFIRMED,SAME_BAR,2024-04-10 18:00:00+00:00,2024-04-10 18:05:00+00:00,True,2024-04-10 18:05:00+00:00,3512.13,0.7566926724797316,2024-04-10 20:00:00+00:00,3523.99,TIME_EXIT_SESSION_END,1.2884340841597512,115.0,False
development,2024-04-10,2024-04-10 17:25:00+00:00,SAME_BAR_REJECTION,3543.94,3413.2,130.74000000000024,3511.255,3432.8109999999997,3557.014,2024-04-10 18:00:00+00:00,,CONFIRMED,SAME_BAR,2024-04-10 18:00:00+00:00,2024-04-10 18:05:00+00:00,True,2024-04-10 18:05:00+00:00,3512.13,0.7566926724797316,2024-04-10 20:00:00+00:00,3523.99,TIME_EXIT_SESSION_END,1.2884340841597512,115.0,False
development,2024-05-21,2024-05-21 13:50:00+00:00,EARLY_RECLAIM,3830.53,3651.59,178.94000000000005,3785.795,3678.431,3848.424,2024-05-21 14:05:00+00:00,2024-05-21 14:35:00+00:00,CONFIRMED,SAME_BAR,2024-05-21 14:05:00+00:00,2024-05-21 14:10:00+00:00,True,2024-05-21 14:10:00+00:00,3788.16,0.7632167206884971,2024-05-21 16:30:00+00:00,3848.424,TP_E10,7.554257475925041,140.0,True
development,2024-05-21,2024-05-21 13:50:00+00:00,SAME_BAR_REJECTION,3830.53,3651.59,178.94000000000005,3785.795,3678.431,3848.424,2024-05-21 14:05:00+00:00,2024-05-21 14:35:00+00:00,CONFIRMED,SAME_BAR,2024-05-21 14:05:00+00:00,2024-05-21 14:10:00+00:00,True,2024-05-21 14:10:00+00:00,3788.16,0.7632167206884971,2024-05-21 16:30:00+00:00,3848.424,TP_E10,7.554257475925041,140.0,True
development,2024-05-22,2024-05-22 16:15:00+00:00,EARLY_RECLAIM,3782.34,3655.0,127.34000000000015,3750.505,3674.101,3795.074,2024-05-22 16:35:00+00:00,2024-05-22 17:15:00+00:00,CONFIRMED,SAME_BAR,2024-05-22 16:35:00+00:00,2024-05-22 16:40:00+00:00,True,2024-05-22 16:40:00+00:00,3752.56,0.7661378985393422,2024-05-22 17:15:00+00:00,3795.074,TP_E10,5.264666254503569,35.0,True
development,2024-05-22,2024-05-22 16:15:00+00:00,SAME_BAR_REJECTION,3782.34,3655.0,127.34000000000015,3750.505,3674.101,3795.074,2024-05-22 16:35:00+00:00,2024-05-22 17:15:00+00:00,CONFIRMED,SAME_BAR,2024-05-22 16:35:00+00:00,2024-05-22 16:40:00+00:00,True,2024-05-22 16:40:00+00:00,3752.56,0.7661378985393422,2024-05-22 17:15:00+00:00,3795.074,TP_E10,5.264666254503569,35.0,True
development,2024-07-26,2024-07-26 14:15:00+00:00,EARLY_RECLAIM,3262.72,3227.7,35.01999999999998,3253.9649999999997,3232.953,3266.2219999999998,2024-07-26 14:25:00+00:00,,LOW_BREAK_BEFORE_CONFIRMATION,,,,False,,,,,,LOW_BREAK_BEFORE_CONFIRMATION,,,False
development,2024-07-26,2024-07-26 14:15:00+00:00,SAME_BAR_REJECTION,3262.72,3227.7,35.01999999999998,3253.9649999999997,3232.953,3266.2219999999998,2024-07-26 14:25:00+00:00,,NO_CONFIRMATION,,,,False,,,,,,NO_CONFIRMATION,,,False
development,2024-08-12,2024-08-12 13:40:00+00:00,EARLY_RECLAIM,2698.85,2556.62,142.23000000000002,2663.2925,2577.9545,2713.073,2024-08-12 14:10:00+00:00,2024-08-12 14:35:00+00:00,CONFIRMED,SAME_BAR,2024-08-12 14:10:00+00:00,2024-08-12 14:15:00+00:00,True,2024-08-12 14:15:00+00:00,2671.01,0.8042607044927252,2024-08-12 14:35:00+00:00,2713.073,TP_E10,7.473987742464394,20.0,True
development,2024-08-12,2024-08-12 13:40:00+00:00,SAME_BAR_REJECTION,2698.85,2556.62,142.23000000000002,2663.2925,2577.9545,2713.073,2024-08-12 14:10:00+00:00,2024-08-12 14:35:00+00:00,CONFIRMED,SAME_BAR,2024-08-12 14:10:00+00:00,2024-08-12 14:15:00+00:00,True,2024-08-12 14:15:00+00:00,2671.01,0.8042607044927252,2024-08-12 14:35:00+00:00,2713.073,TP_E10,7.473987742464394,20.0,True
development,2024-08-15,2024-08-15 13:40:00+00:00,EARLY_RECLAIM,2666.65,2604.29,62.36000000000013,2651.06,2613.644,2672.886,2024-08-15 13:45:00+00:00,2024-08-15 14:00:00+00:00,CONFIRMED,SAME_BAR,2024-08-15 13:45:00+00:00,2024-08-15 13:50:00+00:00,True,2024-08-15 13:50:00+00:00,2653.91,0.795702373316225,2024-08-15 15:50:00+00:00,2672.886,TP_E10,3.175102396087271,120.0,True
development,2024-08-15,2024-08-15 13:40:00+00:00,SAME_BAR_REJECTION,2666.65,2604.29,62.36000000000013,2651.06,2613.644,2672.886,2024-08-15 13:45:00+00:00,2024-08-15 14:00:00+00:00,CONFIRMED,SAME_BAR,2024-08-15 13:45:00+00:00,2024-08-15 13:50:00+00:00,True,2024-08-15 13:50:00+00:00,2653.91,0.795702373316225,2024-08-15 15:50:00+00:00,2672.886,TP_E10,3.175102396087271,120.0,True
development,2024-11-21,2024-11-21 14:10:00+00:00,EARLY_RECLAIM,3370.0,3120.14,249.86000000000013,3307.535,3157.6189999999997,3394.986,2024-11-21 15:10:00+00:00,2024-11-21 18:55:00+00:00,CONFIRMED,SAME_BAR,2024-11-21 15:10:00+00:00,2024-11-21 15:15:00+00:00,True,2024-11-21 15:15:00+00:00,3323.06,0.8121347954854717,2024-11-21 20:00:00+00:00,3349.99,TIME_EXIT_SESSION_END,3.6519882277177955,285.0,True
development,2024-11-21,2024-11-21 14:10:00+00:00,SAME_BAR_REJECTION,3370.0,3120.14,249.86000000000013,3307.535,3157.6189999999997,3394.986,2024-11-21 15:10:00+00:00,2024-11-21 18:55:00+00:00,CONFIRMED,SAME_BAR,2024-11-21 15:10:00+00:00,2024-11-21 15:15:00+00:00,True,2024-11-21 15:15:00+00:00,3323.06,0.8121347954854717,2024-11-21 20:00:00+00:00,3349.99,TIME_EXIT_SESSION_END,3.6519882277177955,285.0,True
development,2024-11-29,2024-11-29 14:05:00+00:00,EARLY_RECLAIM,3618.0,3547.58,70.42000000000007,3600.395,3558.143,3625.042,2024-11-29 14:15:00+00:00,2024-11-29 14:35:00+00:00,CONFIRMED,SAME_BAR,2024-11-29 14:15:00+00:00,2024-11-29 14:20:00+00:00,True,2024-11-29 14:20:00+00:00,3603.52,0.794376597557512,2024-11-29 14:45:00+00:00,3625.042,TP_E10,2.5862467809252947,25.0,True
development,2024-11-29,2024-11-29 14:05:00+00:00,SAME_BAR_REJECTION,3618.0,3547.58,70.42000000000007,3600.395,3558.143,3625.042,2024-11-29 14:15:00+00:00,2024-11-29 14:35:00+00:00,CONFIRMED,SAME_BAR,2024-11-29 14:15:00+00:00,2024-11-29 14:20:00+00:00,True,2024-11-29 14:20:00+00:00,3603.52,0.794376597557512,2024-11-29 14:45:00+00:00,3625.042,TP_E10,2.5862467809252947,25.0,True
external,2020-02-04,2020-02-04 15:20:00+00:00,EARLY_RECLAIM,188.6,184.71,3.8899999999999864,187.6275,185.2935,188.989,2020-02-04 15:30:00+00:00,2020-02-04 15:40:00+00:00,CONFIRMED,SAME_BAR,2020-02-04 15:30:00+00:00,2020-02-04 15:35:00+00:00,True,2020-02-04 15:35:00+00:00,187.65,0.7557840616966601,2020-02-04 16:00:00+00:00,188.989,TP_E10,3.167812416733318,25.0,True
external,2020-02-04,2020-02-04 15:20:00+00:00,SAME_BAR_REJECTION,188.6,184.71,3.8899999999999864,187.6275,185.2935,188.989,2020-02-04 15:30:00+00:00,2020-02-04 15:40:00+00:00,CONFIRMED,SAME_BAR,2020-02-04 15:30:00+00:00,2020-02-04 15:35:00+00:00,True,2020-02-04 15:35:00+00:00,187.65,0.7557840616966601,2020-02-04 16:00:00+00:00,188.989,TP_E10,3.167812416733318,25.0,True
external,2020-02-19,2020-02-19 16:20:00+00:00,EARLY_RECLAIM,283.46,274.54,8.919999999999959,281.23,275.87800000000004,284.352,2020-02-19 16:25:00+00:00,2020-02-19 17:05:00+00:00,CONFIRMED,LATER_RECLAIM,2020-02-19 16:30:00+00:00,2020-02-19 16:35:00+00:00,True,2020-02-19 16:35:00+00:00,281.95,0.8307174887892379,2020-02-19 17:25:00+00:00,284.352,TP_E10,3.8596205000886568,50.0,True
external,2020-02-19,2020-02-19 16:20:00+00:00,SAME_BAR_REJECTION,283.46,274.54,8.919999999999959,281.23,275.87800000000004,284.352,2020-02-19 16:25:00+00:00,2020-02-19 17:05:00+00:00,NO_CONFIRMATION,,,,False,,,,,,NO_CONFIRMATION,,,False
external,2020-03-31,2020-03-31 15:20:00+00:00,EARLY_RECLAIM,133.26,131.0,2.259999999999991,132.695,131.339,133.486,2020-03-31 15:30:00+00:00,2020-03-31 19:50:00+00:00,CONFIRMED,SAME_BAR,2020-03-31 15:30:00+00:00,2020-03-31 15:35:00+00:00,True,2020-03-31 15:35:00+00:00,132.83,0.8097345132743451,2020-03-31 19:50:00+00:00,133.486,TP_E10,2.069321689377302,255.0,True
external,2020-03-31,2020-03-31 15:20:00+00:00,SAME_BAR_REJECTION,133.26,131.0,2.259999999999991,132.695,131.339,133.486,2020-03-31 15:30:00+00:00,2020-03-31 19:50:00+00:00,CONFIRMED,SAME_BAR,2020-03-31 15:30:00+00:00,2020-03-31 15:35:00+00:00,True,2020-03-31 15:35:00+00:00,132.83,0.8097345132743451,2020-03-31 19:50:00+00:00,133.486,TP_E10,2.069321689377302,255.0,True
external,2020-04-06,2020-04-06 13:35:00+00:00,EARLY_RECLAIM,158.4,149.06,9.340000000000003,156.065,150.461,159.334,2020-04-06 13:50:00+00:00,2020-04-06 15:40:00+00:00,CONFIRMED,LATER_RECLAIM,2020-04-06 14:00:00+00:00,2020-04-06 14:05:00+00:00,True,2020-04-06 14:05:00+00:00,156.26,0.7708779443254803,2020-04-06 15:40:00+00:00,159.334,TP_E10,9.436170485089002,95.0,True
external,2020-04-06,2020-04-06 13:35:00+00:00,SAME_BAR_REJECTION,158.4,149.06,9.340000000000003,156.065,150.461,159.334,2020-04-06 13:50:00+00:00,2020-04-06 15:40:00+00:00,NO_CONFIRMATION,,,,False,,,,,,NO_CONFIRMATION,,,False
external,2020-04-21,2020-04-21 14:35:00+00:00,EARLY_RECLAIM,173.36,167.92,5.440000000000026,172.0,168.736,173.90400000000002,2020-04-21 14:40:00+00:00,,CONFIRMED,SAME_BAR,2020-04-21 14:40:00+00:00,2020-04-21 14:45:00+00:00,True,2020-04-21 14:45:00+00:00,172.26,0.7977941176470557,2020-04-21 20:00:00+00:00,171.77,TIME_EXIT_SESSION_END,-1.8222686636479186,315.0,False
external,2020-04-21,2020-04-21 14:35:00+00:00,SAME_BAR_REJECTION,173.36,167.92,5.440000000000026,172.0,168.736,173.90400000000002,2020-04-21 14:40:00+00:00,,CONFIRMED,SAME_BAR,2020-04-21 14:40:00+00:00,2020-04-21 14:45:00+00:00,True,2020-04-21 14:45:00+00:00,172.26,0.7977941176470557,2020-04-21 20:00:00+00:00,171.77,TIME_EXIT_SESSION_END,-1.8222686636479186,315.0,False
external,2020-06-01,2020-06-01 14:50:00+00:00,EARLY_RECLAIM,240.7,234.72,5.97999999999999,239.20499999999998,235.617,241.298,2020-06-01 14:55:00+00:00,,CONFIRMED,SAME_BAR,2020-06-01 14:55:00+00:00,2020-06-01 15:00:00+00:00,True,2020-06-01 15:00:00+00:00,239.47,0.7943143812709044,2020-06-01 20:00:00+00:00,237.77,TIME_EXIT_SESSION_END,-3.949505157222188,300.0,False
external,2020-06-01,2020-06-01 14:50:00+00:00,SAME_BAR_REJECTION,240.7,234.72,5.97999999999999,239.20499999999998,235.617,241.298,2020-06-01 14:55:00+00:00,,CONFIRMED,SAME_BAR,2020-06-01 14:55:00+00:00,2020-06-01 15:00:00+00:00,True,2020-06-01 15:00:00+00:00,239.47,0.7943143812709044,2020-06-01 20:00:00+00:00,237.77,TIME_EXIT_SESSION_END,-3.949505157222188,300.0,False
external,2020-06-10,2020-06-10 13:40:00+00:00,EARLY_RECLAIM,243.96,242.5,1.460000000000008,243.595,242.719,244.106,2020-06-10 13:45:00+00:00,2020-06-10 18:10:00+00:00,CONFIRMED,LATER_RECLAIM,2020-06-10 14:00:00+00:00,2020-06-10 14:05:00+00:00,True,2020-06-10 14:05:00+00:00,243.59,0.7465753424657517,2020-06-10 18:10:00+00:00,244.106,TP_E10,0.6591567798349244,245.0,True
external,2020-06-10,2020-06-10 13:40:00+00:00,SAME_BAR_REJECTION,243.96,242.5,1.460000000000008,243.595,242.719,244.106,2020-06-10 13:45:00+00:00,2020-06-10 18:10:00+00:00,NO_CONFIRMATION,,,,False,,,,,,NO_CONFIRMATION,,,False
external,2020-07-01,2020-07-01 13:45:00+00:00,EARLY_RECLAIM,229.13,225.49,3.6399999999999864,228.22,226.036,229.494,2020-07-01 13:55:00+00:00,2020-07-01 14:30:00+00:00,CONFIRMED,SAME_BAR,2020-07-01 13:55:00+00:00,2020-07-01 14:00:00+00:00,True,2020-07-01 14:00:00+00:00,228.4,0.7994505494505515,2020-07-01 16:00:00+00:00,229.494,TP_E10,1.994921190893129,120.0,True
external,2020-07-01,2020-07-01 13:45:00+00:00,SAME_BAR_REJECTION,229.13,225.49,3.6399999999999864,228.22,226.036,229.494,2020-07-01 13:55:00+00:00,2020-07-01 14:30:00+00:00,CONFIRMED,SAME_BAR,2020-07-01 13:55:00+00:00,2020-07-01 14:00:00+00:00,True,2020-07-01 14:00:00+00:00,228.4,0.7994505494505515,2020-07-01 16:00:00+00:00,229.494,TP_E10,1.994921190893129,120.0,True
external,2020-08-05,2020-08-05 16:25:00+00:00,EARLY_RECLAIM,402.11,389.5,12.610000000000014,398.9575,391.3915,403.37100000000004,2020-08-05 16:30:00+00:00,,CONFIRMED,LATER_RECLAIM,2020-08-05 18:25:00+00:00,2020-08-05 18:30:00+00:00,True,2020-08-05 18:30:00+00:00,399.09,0.7605075337034072,2020-08-05 20:00:00+00:00,399.14,TIME_EXIT_SESSION_END,-0.33735748828582734,90.0,False
external,2020-08-05,2020-08-05 16:25:00+00:00,SAME_BAR_REJECTION,402.11,389.5,12.610000000000014,398.9575,391.3915,403.37100000000004,2020-08-05 16:30:00+00:00,,NO_CONFIRMATION,,,,False,,,,,,NO_CONFIRMATION,,,False
external,2020-08-17,2020-08-17 14:05:00+00:00,EARLY_RECLAIM,433.22,422.6,10.620000000000005,430.56500000000005,424.19300000000004,434.28200000000004,2020-08-17 14:10:00+00:00,2020-08-17 15:45:00+00:00,CONFIRMED,LATER_RECLAIM,2020-08-17 14:15:00+00:00,2020-08-17 14:20:00+00:00,True,2020-08-17 14:20:00+00:00,430.8,0.7721280602636521,2020-08-17 15:45:00+00:00,434.28200000000004,TP_E10,3.641318477251643,85.0,True
external,2020-08-17,2020-08-17 14:05:00+00:00,SAME_BAR_REJECTION,433.22,422.6,10.620000000000005,430.56500000000005,424.19300000000004,434.28200000000004,2020-08-17 14:10:00+00:00,2020-08-17 15:45:00+00:00,NO_CONFIRMATION,,,,False,,,,,,NO_CONFIRMATION,,,False
external,2020-09-25,2020-09-25 16:15:00+00:00,EARLY_RECLAIM,348.67,337.5,11.170000000000016,345.8775,339.1755,349.78700000000003,2020-09-25 16:25:00+00:00,2020-09-25 17:40:00+00:00,CONFIRMED,SAME_BAR,2020-09-25 16:25:00+00:00,2020-09-25 16:30:00+00:00,True,2020-09-25 16:30:00+00:00,346.21,0.7797672336615906,2020-09-25 17:40:00+00:00,349.78700000000003,TP_E10,4.765939747552195,70.0,True
external,2020-09-25,2020-09-25 16:15:00+00:00,SAME_BAR_REJECTION,348.67,337.5,11.170000000000016,345.8775,339.1755,349.78700000000003,2020-09-25 16:25:00+00:00,2020-09-25 17:40:00+00:00,CONFIRMED,SAME_BAR,2020-09-25 16:25:00+00:00,2020-09-25 16:30:00+00:00,True,2020-09-25 16:30:00+00:00,346.21,0.7797672336615906,2020-09-25 17:40:00+00:00,349.78700000000003,TP_E10,4.765939747552195,70.0,True
external,2020-09-28,2020-09-28 17:35:00+00:00,EARLY_RECLAIM,367.65,355.88,11.769999999999982,364.7075,357.64549999999997,368.827,2020-09-28 17:50:00+00:00,,CONFIRMED,SAME_BAR,2020-09-28 17:50:00+00:00,2020-09-28 17:55:00+00:00,True,2020-09-28 17:55:00+00:00,364.86,0.7629566694987283,2020-09-28 20:00:00+00:00,363.2,TIME_EXIT_SESSION_END,-2.6748451460834484,125.0,False
external,2020-09-28,2020-09-28 17:35:00+00:00,SAME_BAR_REJECTION,367.65,355.88,11.769999999999982,364.7075,357.64549999999997,368.827,2020-09-28 17:50:00+00:00,,CONFIRMED,SAME_BAR,2020-09-28 17:50:00+00:00,2020-09-28 17:55:00+00:00,True,2020-09-28 17:55:00+00:00,364.86,0.7629566694987283,2020-09-28 20:00:00+00:00,363.2,TIME_EXIT_SESSION_END,-2.6748451460834484,125.0,False
external,2020-09-30,2020-09-30 13:35:00+00:00,EARLY_RECLAIM,356.1,351.02,5.080000000000041,354.83000000000004,351.782,356.608,2020-09-30 13:40:00+00:00,2020-09-30 14:00:00+00:00,CONFIRMED,SAME_BAR,2020-09-30 13:40:00+00:00,2020-09-30 13:45:00+00:00,True,2020-09-30 13:45:00+00:00,354.89,0.761811023622042,2020-09-30 14:05:00+00:00,356.608,TP_E10,2.020468314125568,20.0,True
external,2020-09-30,2020-09-30 13:35:00+00:00,SAME_BAR_REJECTION,356.1,351.02,5.080000000000041,354.83000000000004,351.782,356.608,2020-09-30 13:40:00+00:00,2020-09-30 14:00:00+00:00,CONFIRMED,SAME_BAR,2020-09-30 13:40:00+00:00,2020-09-30 13:45:00+00:00,True,2020-09-30 13:45:00+00:00,354.89,0.761811023622042,2020-09-30 14:05:00+00:00,356.608,TP_E10,2.020468314125568,20.0,True
external,2020-10-05,2020-10-05 14:05:00+00:00,EARLY_RECLAIM,354.2,349.5,4.699999999999989,353.025,350.205,354.66999999999996,2020-10-05 14:40:00+00:00,,CONFIRMED,LATER_RECLAIM,2020-10-05 15:15:00+00:00,2020-10-05 15:20:00+00:00,True,2020-10-05 15:20:00+00:00,353.19,0.7851063829787248,2020-10-05 18:25:00+00:00,350.15,CLOSE_INVALIDATION_F15,-4.703632605679675,185.0,False
external,2020-10-05,2020-10-05 14:05:00+00:00,SAME_BAR_REJECTION,354.2,349.5,4.699999999999989,353.025,350.205,354.66999999999996,2020-10-05 14:40:00+00:00,,NO_CONFIRMATION,,,,False,,,,,,NO_CONFIRMATION,,,False
external,2020-11-04,2020-11-04 13:45:00+00:00,EARLY_RECLAIM,384.29,376.65,7.640000000000043,382.38,377.796,385.05400000000003,2020-11-04 14:00:00+00:00,2020-11-04 16:00:00+00:00,CONFIRMED,SAME_BAR,2020-11-04 14:00:00+00:00,2020-11-04 14:05:00+00:00,True,2020-11-04 14:05:00+00:00,382.65,0.7853403141361213,2020-11-04 16:00:00+00:00,385.05400000000003,TP_E10,2.7412517966811216,115.0,True
external,2020-11-04,2020-11-04 13:45:00+00:00,SAME_BAR_REJECTION,384.29,376.65,7.640000000000043,382.38,377.796,385.05400000000003,2020-11-04 14:00:00+00:00,2020-11-04 16:00:00+00:00,CONFIRMED,SAME_BAR,2020-11-04 14:00:00+00:00,2020-11-04 14:05:00+00:00,True,2020-11-04 14:05:00+00:00,382.65,0.7853403141361213,2020-11-04 16:00:00+00:00,385.05400000000003,TP_E10,2.7412517966811216,115.0,True
external,2020-11-05,2020-11-05 13:45:00+00:00,EARLY_RECLAIM,411.49,395.89,15.600000000000023,407.59000000000003,398.23,413.05,2020-11-05 14:00:00+00:00,2020-11-05 14:10:00+00:00,CONFIRMED,SAME_BAR,2020-11-05 14:00:00+00:00,2020-11-05 14:05:00+00:00,True,2020-11-05 14:05:00+00:00,409.25,0.856410256410256,2020-11-05 14:15:00+00:00,413.05,TP_E10,4.242638973732404,10.0,True
external,2020-11-05,2020-11-05 13:45:00+00:00,SAME_BAR_REJECTION,411.49,395.89,15.600000000000023,407.59000000000003,398.23,413.05,2020-11-05 14:00:00+00:00,2020-11-05 14:10:00+00:00,CONFIRMED,SAME_BAR,2020-11-05 14:00:00+00:00,2020-11-05 14:05:00+00:00,True,2020-11-05 14:05:00+00:00,409.25,0.856410256410256,2020-11-05 14:15:00+00:00,413.05,TP_E10,4.242638973732404,10.0,True
external,2020-11-20,2020-11-20 14:15:00+00:00,EARLY_RECLAIM,511.21,490.62,20.589999999999975,506.0625,493.7085,513.269,2020-11-20 14:45:00+00:00,2020-11-20 17:35:00+00:00,CONFIRMED,SAME_BAR,2020-11-20 14:45:00+00:00,2020-11-20 14:50:00+00:00,True,2020-11-20 14:50:00+00:00,507.55,0.8222438076736293,2020-11-20 17:55:00+00:00,513.269,TP_E10,5.233927691853002,185.0,True
external,2020-11-20,2020-11-20 14:15:00+00:00,SAME_BAR_REJECTION,511.21,490.62,20.589999999999975,506.0625,493.7085,513.269,2020-11-20 14:45:00+00:00,2020-11-20 17:35:00+00:00,CONFIRMED,SAME_BAR,2020-11-20 14:45:00+00:00,2020-11-20 14:50:00+00:00,True,2020-11-20 14:50:00+00:00,507.55,0.8222438076736293,2020-11-20 17:55:00+00:00,513.269,TP_E10,5.233927691853002,185.0,True
external,2020-12-30,2020-12-30 16:05:00+00:00,EARLY_RECLAIM,738.46,717.52,20.940000000000055,733.225,720.661,740.5540000000001,2020-12-30 16:25:00+00:00,2020-12-30 17:35:00+00:00,CONFIRMED,LATER_RECLAIM,2020-12-30 16:30:00+00:00,2020-12-30 16:35:00+00:00,True,2020-12-30 16:35:00+00:00,734.29,0.8008595988538653,2020-12-30 18:55:00+00:00,740.5540000000001,TP_E10,3.865344754797229,140.0,True
external,2020-12-30,2020-12-30 16:05:00+00:00,SAME_BAR_REJECTION,738.46,717.52,20.940000000000055,733.225,720.661,740.5540000000001,2020-12-30 16:25:00+00:00,2020-12-30 17:35:00+00:00,NO_CONFIRMATION,,,,False,,,,,,NO_CONFIRMATION,,,False
external,2021-01-18,2021-01-18 14:15:00+00:00,EARLY_RECLAIM,1257.76,1210.97,46.789999999999964,1246.0625,1217.9885,1262.439,2021-01-18 14:30:00+00:00,,NO_CONFIRMATION,,,,False,,,,,,NO_CONFIRMATION,,,False
external,2021-01-18,2021-01-18 14:15:00+00:00,SAME_BAR_REJECTION,1257.76,1210.97,46.789999999999964,1246.0625,1217.9885,1262.439,2021-01-18 14:30:00+00:00,,NO_CONFIRMATION,,,,False,,,,,,NO_CONFIRMATION,,,False
external,2021-01-29,2021-01-29 14:05:00+00:00,EARLY_RECLAIM,1436.97,1295.92,141.04999999999995,1401.7075,1317.0775,1451.075,2021-01-29 14:30:00+00:00,,CONFIRMED,LATER_RECLAIM,2021-01-29 15:05:00+00:00,2021-01-29 15:10:00+00:00,True,2021-01-29 15:10:00+00:00,1405.58,0.777454803261254,2021-01-29 20:00:00+00:00,1349.94,TIME_EXIT_SESSION_END,-20.192541157386934,290.0,False
external,2021-01-29,2021-01-29 14:05:00+00:00,SAME_BAR_REJECTION,1436.97,1295.92,141.04999999999995,1401.7075,1317.0775,1451.075,2021-01-29 14:30:00+00:00,,NO_CONFIRMATION,,,,False,,,,,,NO_CONFIRMATION,,,False
external,2021-02-03,2021-02-03 13:35:00+00:00,EARLY_RECLAIM,1569.58,1515.5,54.07999999999993,1556.06,1523.612,1574.9879999999998,2021-02-03 13:45:00+00:00,2021-02-03 15:15:00+00:00,CONFIRMED,LATER_RECLAIM,2021-02-03 13:50:00+00:00,2021-02-03 13:55:00+00:00,True,2021-02-03 13:55:00+00:00,1556.75,0.762758875739646,2021-02-03 15:20:00+00:00,1574.9879999999998,TP_E10,5.4577163963384745,85.0,True
external,2021-02-03,2021-02-03 13:35:00+00:00,SAME_BAR_REJECTION,1569.58,1515.5,54.07999999999993,1556.06,1523.612,1574.9879999999998,2021-02-03 13:45:00+00:00,2021-02-03 15:15:00+00:00,NO_CONFIRMATION,,,,False,,,,,,NO_CONFIRMATION,,,False
external,2021-03-05,2021-03-05 13:35:00+00:00,EARLY_RECLAIM,1497.8,1441.57,56.23000000000002,1483.7424999999998,1450.0045,1503.423,2021-03-05 13:40:00+00:00,2021-03-05 14:00:00+00:00,CONFIRMED,SAME_BAR,2021-03-05 13:40:00+00:00,2021-03-05 13:45:00+00:00,True,2021-03-05 13:45:00+00:00,1486.81,0.8045527298595055,2021-03-05 14:15:00+00:00,1503.423,TP_E10,5.186793201552309,30.0,True
external,2021-03-05,2021-03-05 13:35:00+00:00,SAME_BAR_REJECTION,1497.8,1441.57,56.23000000000002,1483.7424999999998,1450.0045,1503.423,2021-03-05 13:40:00+00:00,2021-03-05 14:00:00+00:00,CONFIRMED,SAME_BAR,2021-03-05 13:40:00+00:00,2021-03-05 13:45:00+00:00,True,2021-03-05 13:45:00+00:00,1486.81,0.8045527298595055,2021-03-05 14:15:00+00:00,1503.423,TP_E10,5.186793201552309,30.0,True
external,2021-03-09,2021-03-09 13:50:00+00:00,EARLY_RECLAIM,1843.6,1801.0,42.59999999999991,1832.9499999999998,1807.3899999999999,1847.86,2021-03-09 14:10:00+00:00,2021-03-09 16:00:00+00:00,CONFIRMED,SAME_BAR,2021-03-09 14:10:00+00:00,2021-03-09 14:15:00+00:00,True,2021-03-09 14:15:00+00:00,1835.4,0.8075117370892058,2021-03-09 16:00:00+00:00,1847.86,TP_E10,2.994355453851916,105.0,True
external,2021-03-09,2021-03-09 13:50:00+00:00,SAME_BAR_REJECTION,1843.6,1801.0,42.59999999999991,1832.9499999999998,1807.3899999999999,1847.86,2021-03-09 14:10:00+00:00,2021-03-09 16:00:00+00:00,CONFIRMED,SAME_BAR,2021-03-09 14:10:00+00:00,2021-03-09 14:15:00+00:00,True,2021-03-09 14:15:00+00:00,1835.4,0.8075117370892058,2021-03-09 16:00:00+00:00,1847.86,TP_E10,2.994355453851916,105.0,True
external,2021-03-19,2021-03-19 16:05:00+00:00,EARLY_RECLAIM,1830.0,1786.26,43.74000000000001,1819.065,1792.821,1834.374,2021-03-19 16:10:00+00:00,2021-03-19 16:15:00+00:00,CONFIRMED,SAME_BAR,2021-03-19 16:10:00+00:00,2021-03-19 16:15:00+00:00,True,2021-03-19 16:15:00+00:00,1821.54,0.8065843621399169,2021-03-19 20:00:00+00:00,1828.99,TIME_EXIT_SESSION_END,1.6449729349890645,225.0,True
external,2021-03-19,2021-03-19 16:05:00+00:00,SAME_BAR_REJECTION,1830.0,1786.26,43.74000000000001,1819.065,1792.821,1834.374,2021-03-19 16:10:00+00:00,2021-03-19 16:15:00+00:00,CONFIRMED,SAME_BAR,2021-03-19 16:10:00+00:00,2021-03-19 16:15:00+00:00,True,2021-03-19 16:15:00+00:00,1821.54,0.8065843621399169,2021-03-19 20:00:00+00:00,1828.99,TIME_EXIT_SESSION_END,1.6449729349890645,225.0,True
external,2021-04-08,2021-04-08 13:40:00+00:00,EARLY_RECLAIM,2039.1,1985.64,53.45999999999981,2025.735,1993.659,2044.446,2021-04-08 13:45:00+00:00,2021-04-08 14:10:00+00:00,CONFIRMED,SAME_BAR,2021-04-08 13:45:00+00:00,2021-04-08 13:50:00+00:00,True,2021-04-08 13:50:00+00:00,2028.77,0.8067714178825297,2021-04-08 14:15:00+00:00,2044.446,TP_E10,3.463424636602497,25.0,True
external,2021-04-08,2021-04-08 13:40:00+00:00,SAME_BAR_REJECTION,2039.1,1985.64,53.45999999999981,2025.735,1993.659,2044.446,2021-04-08 13:45:00+00:00,2021-04-08 14:10:00+00:00,CONFIRMED,SAME_BAR,2021-04-08 13:45:00+00:00,2021-04-08 13:50:00+00:00,True,2021-04-08 13:50:00+00:00,2028.77,0.8067714178825297,2021-04-08 14:15:00+00:00,2044.446,TP_E10,3.463424636602497,25.0,True
external,2021-04-26,2021-04-26 16:05:00+00:00,EARLY_RECLAIM,2527.36,2423.41,103.95000000000027,2501.3725,2439.0025,2537.755,2021-04-26 17:00:00+00:00,2021-04-26 17:20:00+00:00,CONFIRMED,SAME_BAR,2021-04-26 17:00:00+00:00,2021-04-26 17:05:00+00:00,True,2021-04-26 17:05:00+00:00,2508.31,0.8167388167388154,2021-04-26 20:00:00+00:00,2491.92,TIME_EXIT_SESSION_END,-3.667140026551707,175.0,True
external,2021-04-26,2021-04-26 16:05:00+00:00,SAME_BAR_REJECTION,2527.36,2423.41,103.95000000000027,2501.3725,2439.0025,2537.755,2021-04-26 17:00:00+00:00,2021-04-26 17:20:00+00:00,CONFIRMED,SAME_BAR,2021-04-26 17:00:00+00:00,2021-04-26 17:05:00+00:00,True,2021-04-26 17:05:00+00:00,2508.31,0.8167388167388154,2021-04-26 20:00:00+00:00,2491.92,TIME_EXIT_SESSION_END,-3.667140026551707,175.0,True
external,2021-05-04,2021-05-04 13:35:00+00:00,EARLY_RECLAIM,3521.39,3279.0,242.38999999999987,3460.7925,3315.3585,3545.629,2021-05-04 13:50:00+00:00,,CONFIRMED,SAME_BAR,2021-05-04 13:50:00+00:00,2021-05-04 13:55:00+00:00,True,2021-05-04 13:55:00+00:00,3485.73,0.8528817195428859,2021-05-04 15:20:00+00:00,3286.16,CLOSE_INVALIDATION_F15,-29.026715207431483,85.0,False
external,2021-05-04,2021-05-04 13:35:00+00:00,SAME_BAR_REJECTION,3521.39,3279.0,242.38999999999987,3460.7925,3315.3585,3545.629,2021-05-04 13:50:00+00:00,,CONFIRMED,SAME_BAR,2021-05-04 13:50:00+00:00,2021-05-04 13:55:00+00:00,True,2021-05-04 13:55:00+00:00,3485.73,0.8528817195428859,2021-05-04 15:20:00+00:00,3286.16,CLOSE_INVALIDATION_F15,-29.026715207431483,85.0,False
external,2021-05-24,2021-05-24 14:30:00+00:00,EARLY_RECLAIM,2468.09,2222.29,245.80000000000018,2406.6400000000003,2259.16,2492.67,2021-05-24 14:35:00+00:00,2021-05-24 15:20:00+00:00,CONFIRMED,LATER_RECLAIM,2021-05-24 14:40:00+00:00,2021-05-24 14:45:00+00:00,True,2021-05-24 14:45:00+00:00,2415.17,0.7847030105777053,2021-05-24 15:20:00+00:00,2492.67,TP_E10,15.644419233428698,35.0,True
external,2021-05-24,2021-05-24 14:30:00+00:00,SAME_BAR_REJECTION,2468.09,2222.29,245.80000000000018,2406.6400000000003,2259.16,2492.67,2021-05-24 14:35:00+00:00,2021-05-24 15:20:00+00:00,NO_CONFIRMATION,,,,False,,,,,,NO_CONFIRMATION,,,False
external,2021-05-27,2021-05-27 14:30:00+00:00,EARLY_RECLAIM,2867.37,2684.0,183.3699999999999,2821.5275,2711.5055,2885.707,2021-05-27 15:15:00+00:00,,CONFIRMED,LATER_RECLAIM,2021-05-27 15:45:00+00:00,2021-05-27 15:50:00+00:00,True,2021-05-27 15:50:00+00:00,2824.73,0.7674646888804063,2021-05-27 20:00:00+00:00,2758.68,TIME_EXIT_SESSION_END,-12.091382893232295,250.0,False
external,2021-05-27,2021-05-27 14:30:00+00:00,SAME_BAR_REJECTION,2867.37,2684.0,183.3699999999999,2821.5275,2711.5055,2885.707,2021-05-27 15:15:00+00:00,,NO_CONFIRMATION,,,,False,,,,,,NO_CONFIRMATION,,,False
external,2021-06-02,2021-06-02 13:35:00+00:00,EARLY_RECLAIM,2749.44,2661.0,88.44000000000005,2727.33,2674.266,2758.284,2021-06-02 14:00:00+00:00,2021-06-02 14:30:00+00:00,CONFIRMED,SAME_BAR,2021-06-02 14:00:00+00:00,2021-06-02 14:05:00+00:00,True,2021-06-02 14:05:00+00:00,2729.28,0.7720488466757142,2021-06-02 14:30:00+00:00,2758.284,TP_E10,4.913489271895899,25.0,True
external,2021-06-02,2021-06-02 13:35:00+00:00,SAME_BAR_REJECTION,2749.44,2661.0,88.44000000000005,2727.33,2674.266,2758.284,2021-06-02 14:00:00+00:00,2021-06-02 14:30:00+00:00,CONFIRMED,SAME_BAR,2021-06-02 14:00:00+00:00,2021-06-02 14:05:00+00:00,True,2021-06-02 14:05:00+00:00,2729.28,0.7720488466757142,2021-06-02 14:30:00+00:00,2758.284,TP_E10,4.913489271895899,25.0,True
external,2021-07-16,2021-07-16 13:35:00+00:00,EARLY_RECLAIM,1913.62,1846.0,67.61999999999989,1896.715,1856.143,1920.3819999999998,2021-07-16 13:45:00+00:00,2021-07-16 14:40:00+00:00,CONFIRMED,LATER_RECLAIM,2021-07-16 13:55:00+00:00,2021-07-16 14:00:00+00:00,True,2021-07-16 14:00:00+00:00,1897.21,0.7573203194321224,2021-07-16 15:30:00+00:00,1920.3819999999998,TP_E10,5.706862181835426,90.0,True
external,2021-07-16,2021-07-16 13:35:00+00:00,SAME_BAR_REJECTION,1913.62,1846.0,67.61999999999989,1896.715,1856.143,1920.3819999999998,2021-07-16 13:45:00+00:00,2021-07-16 14:40:00+00:00,NO_CONFIRMATION,,,,False,,,,,,NO_CONFIRMATION,,,False
external,2021-07-20,2021-07-20 14:10:00+00:00,EARLY_RECLAIM,1763.03,1716.0,47.02999999999997,1751.2725,1723.0545,1767.733,2021-07-20 14:15:00+00:00,2021-07-20 14:25:00+00:00,CONFIRMED,LATER_RECLAIM,2021-07-20 14:20:00+00:00,2021-07-20 14:25:00+00:00,True,2021-07-20 14:25:00+00:00,1760.36,0.9432277269827753,2021-07-20 14:55:00+00:00,1767.733,TP_E10,1.694173918971154,30.0,True
external,2021-07-20,2021-07-20 14:10:00+00:00,SAME_BAR_REJECTION,1763.03,1716.0,47.02999999999997,1751.2725,1723.0545,1767.733,2021-07-20 14:15:00+00:00,2021-07-20 14:25:00+00:00,NO_CONFIRMATION,,,,False,,,,,,NO_CONFIRMATION,,,False
external,2021-07-27,2021-07-27 13:40:00+00:00,EARLY_RECLAIM,2317.36,2192.0,125.36000000000013,2286.02,2210.804,2329.896,2021-07-27 14:00:00+00:00,,CONFIRMED,LATER_RECLAIM,2021-07-27 15:05:00+00:00,2021-07-27 15:10:00+00:00,True,2021-07-27 15:10:00+00:00,2288.21,0.7674696873005739,2021-07-27 20:00:00+00:00,2228.06,TIME_EXIT_SESSION_END,-13.54346148299328,290.0,False
external,2021-07-27,2021-07-27 13:40:00+00:00,SAME_BAR_REJECTION,2317.36,2192.0,125.36000000000013,2286.02,2210.804,2329.896,2021-07-27 14:00:00+00:00,,NO_CONFIRMATION,,,,False,,,,,,NO_CONFIRMATION,,,False
external,2021-07-29,2021-07-29 15:15:00+00:00,EARLY_RECLAIM,2328.0,2280.54,47.460000000000036,2316.135,2287.659,2332.746,2021-07-29 15:30:00+00:00,2021-07-29 16:00:00+00:00,CONFIRMED,SAME_BAR,2021-07-29 15:30:00+00:00,2021-07-29 15:35:00+00:00,True,2021-07-29 15:35:00+00:00,2317.01,0.7684365781710962,2021-07-29 16:00:00+00:00,2332.746,TP_E10,2.995755736919526,25.0,True
external,2021-07-29,2021-07-29 15:15:00+00:00,SAME_BAR_REJECTION,2328.0,2280.54,47.460000000000036,2316.135,2287.659,2332.746,2021-07-29 15:30:00+00:00,2021-07-29 16:00:00+00:00,CONFIRMED,SAME_BAR,2021-07-29 15:30:00+00:00,2021-07-29 15:35:00+00:00,True,2021-07-29 15:35:00+00:00,2317.01,0.7684365781710962,2021-07-29 16:00:00+00:00,2332.746,TP_E10,2.995755736919526,25.0,True
external,2021-09-01,2021-09-01 14:35:00+00:00,EARLY_RECLAIM,3564.0,3514.01,49.98999999999978,3551.5025,3521.5085000000004,3568.999,2021-09-01 15:15:00+00:00,2021-09-01 15:40:00+00:00,CONFIRMED,LATER_RECLAIM,2021-09-01 15:25:00+00:00,2021-09-01 15:30:00+00:00,True,2021-09-01 15:30:00+00:00,3552.68,0.7735547109421842,2021-09-01 15:40:00+00:00,3568.999,TP_E10,1.8967168447481924,10.0,True
external,2021-09-01,2021-09-01 14:35:00+00:00,SAME_BAR_REJECTION,3564.0,3514.01,49.98999999999978,3551.5025,3521.5085000000004,3568.999,2021-09-01 15:15:00+00:00,2021-09-01 15:40:00+00:00,NO_CONFIRMATION,,,,False,,,,,,NO_CONFIRMATION,,,False
external,2021-09-02,2021-09-02 13:50:00+00:00,EARLY_RECLAIM,3800.0,3730.03,69.9699999999998,3782.5075,3740.5255,3806.997,2021-09-02 14:00:00+00:00,2021-09-02 14:05:00+00:00,H2_BEFORE_CONFIRMATION,,,,False,,,,,,H2_BEFORE_CONFIRMATION,,,False
external,2021-09-02,2021-09-02 13:50:00+00:00,SAME_BAR_REJECTION,3800.0,3730.03,69.9699999999998,3782.5075,3740.5255,3806.997,2021-09-02 14:00:00+00:00,2021-09-02 14:05:00+00:00,NO_CONFIRMATION,,,,False,,,,,,NO_CONFIRMATION,,,False
external,2021-09-15,2021-09-15 14:15:00+00:00,EARLY_RECLAIM,3445.0,3379.45,65.55000000000018,3428.6125,3389.2825,3451.555,2021-09-15 14:20:00+00:00,2021-09-15 15:00:00+00:00,CONFIRMED,SAME_BAR,2021-09-15 14:20:00+00:00,2021-09-15 14:25:00+00:00,True,2021-09-15 14:25:00+00:00,3434.42,0.8385964912280718,2021-09-15 15:00:00+00:00,3451.555,TP_E10,2.0945987968856277,35.0,True
external,2021-09-15,2021-09-15 14:15:00+00:00,SAME_BAR_REJECTION,3445.0,3379.45,65.55000000000018,3428.6125,3389.2825,3451.555,2021-09-15 14:20:00+00:00,2021-09-15 15:00:00+00:00,CONFIRMED,SAME_BAR,2021-09-15 14:20:00+00:00,2021-09-15 14:25:00+00:00,True,2021-09-15 14:25:00+00:00,3434.42,0.8385964912280718,2021-09-15 15:00:00+00:00,3451.555,TP_E10,2.0945987968856277,35.0,True
external,2021-10-25,2021-10-25 14:05:00+00:00,EARLY_RECLAIM,4166.19,4110.0,56.1899999999996,4152.1425,4118.4285,4171.808999999999,2021-10-25 14:10:00+00:00,2021-10-25 15:40:00+00:00,CONFIRMED,SAME_BAR,2021-10-25 14:10:00+00:00,2021-10-25 14:15:00+00:00,True,2021-10-25 14:15:00+00:00,4152.79,0.761523402740706,2021-10-25 15:45:00+00:00,4171.808999999999,TP_E10,1.8899063039546475,90.0,True
external,2021-10-25,2021-10-25 14:05:00+00:00,SAME_BAR_REJECTION,4166.19,4110.0,56.1899999999996,4152.1425,4118.4285,4171.808999999999,2021-10-25 14:10:00+00:00,2021-10-25 15:40:00+00:00,CONFIRMED,SAME_BAR,2021-10-25 14:10:00+00:00,2021-10-25 14:15:00+00:00,True,2021-10-25 14:15:00+00:00,4152.79,0.761523402740706,2021-10-25 15:45:00+00:00,4171.808999999999,TP_E10,1.8899063039546475,90.0,True
external,2021-10-28,2021-10-28 13:35:00+00:00,EARLY_RECLAIM,4199.32,4011.59,187.72999999999956,4152.3875,4039.7495,4218.093,2021-10-28 15:50:00+00:00,2021-10-28 17:00:00+00:00,CONFIRMED,SAME_BAR,2021-10-28 15:50:00+00:00,2021-10-28 15:55:00+00:00,True,2021-10-28 15:55:00+00:00,4156.08,0.7696692057742509,2021-10-28 17:05:00+00:00,4218.093,TP_E10,7.060515678235246,70.0,True
external,2021-10-28,2021-10-28 13:35:00+00:00,SAME_BAR_REJECTION,4199.32,4011.59,187.72999999999956,4152.3875,4039.7495,4218.093,2021-10-28 15:50:00+00:00,2021-10-28 17:00:00+00:00,CONFIRMED,SAME_BAR,2021-10-28 15:50:00+00:00,2021-10-28 15:55:00+00:00,True,2021-10-28 15:55:00+00:00,4156.08,0.7696692057742509,2021-10-28 17:05:00+00:00,4218.093,TP_E10,7.060515678235246,70.0,True
external,2021-11-16,2021-11-16 14:50:00+00:00,EARLY_RECLAIM,4345.0,4077.0,268.0,4278.0,4117.2,4371.8,2021-11-16 15:55:00+00:00,,CONFIRMED,SAME_BAR,2021-11-16 15:55:00+00:00,2021-11-16 16:00:00+00:00,True,2021-11-16 16:00:00+00:00,4284.14,0.7729104477611952,2021-11-16 20:00:00+00:00,4265.55,TIME_EXIT_SESSION_END,-2.569630310867532,240.0,False
external,2021-11-16,2021-11-16 14:50:00+00:00,SAME_BAR_REJECTION,4345.0,4077.0,268.0,4278.0,4117.2,4371.8,2021-11-16 15:55:00+00:00,,CONFIRMED,SAME_BAR,2021-11-16 15:55:00+00:00,2021-11-16 16:00:00+00:00,True,2021-11-16 16:00:00+00:00,4284.14,0.7729104477611952,2021-11-16 20:00:00+00:00,4265.55,TIME_EXIT_SESSION_END,-2.569630310867532,240.0,False
external,2021-12-16,2021-12-16 13:55:00+00:00,EARLY_RECLAIM,4083.9,4006.11,77.78999999999996,4064.4525000000003,4017.7785000000003,4091.679,2021-12-16 14:00:00+00:00,2021-12-16 14:35:00+00:00,CONFIRMED,LATER_RECLAIM,2021-12-16 14:20:00+00:00,2021-12-16 14:25:00+00:00,True,2021-12-16 14:25:00+00:00,4070.56,0.828512662295923,2021-12-16 15:30:00+00:00,4091.679,TP_E10,2.1941148146692018,65.0,True
external,2021-12-16,2021-12-16 13:55:00+00:00,SAME_BAR_REJECTION,4083.9,4006.11,77.78999999999996,4064.4525000000003,4017.7785000000003,4091.679,2021-12-16 14:00:00+00:00,2021-12-16 14:35:00+00:00,NO_CONFIRMATION,,,,False,,,,,,NO_CONFIRMATION,,,False
external,2021-12-23,2021-12-23 16:10:00+00:00,EARLY_RECLAIM,3964.47,3888.87,75.59999999999991,3945.5699999999997,3900.21,3972.0299999999997,2021-12-23 16:30:00+00:00,2021-12-23 16:40:00+00:00,CONFIRMED,LATER_RECLAIM,2021-12-23 16:35:00+00:00,2021-12-23 16:40:00+00:00,True,2021-12-23 16:40:00+00:00,3952.57,0.8425925925925972,2021-12-23 16:45:00+00:00,3972.0299999999997,TP_E10,2.0616894830451487,5.0,True
external,2021-12-23,2021-12-23 16:10:00+00:00,SAME_BAR_REJECTION,3964.47,3888.87,75.59999999999991,3945.5699999999997,3900.21,3972.0299999999997,2021-12-23 16:30:00+00:00,2021-12-23 16:40:00+00:00,NO_CONFIRMATION,,,,False,,,,,,NO_CONFIRMATION,,,False
reference_validation,2025-01-01,2025-01-01 14:05:00+00:00,EARLY_RECLAIM,3352.78,3312.62,40.16000000000031,3342.7400000000002,3318.644,3356.7960000000003,2025-01-01 14:15:00+00:00,2025-01-01 15:45:00+00:00,CONFIRMED,LATER_RECLAIM,2025-01-01 14:45:00+00:00,2025-01-01 14:50:00+00:00,True,2025-01-01 14:50:00+00:00,3344.58,0.7958167330677238,2025-01-01 19:45:00+00:00,3356.7960000000003,TP_E10,1.4262382720700688,295.0,True
reference_validation,2025-01-01,2025-01-01 14:05:00+00:00,SAME_BAR_REJECTION,3352.78,3312.62,40.16000000000031,3342.7400000000002,3318.644,3356.7960000000003,2025-01-01 14:15:00+00:00,2025-01-01 15:45:00+00:00,NO_CONFIRMATION,,,,False,,,,,,NO_CONFIRMATION,,,False
reference_validation,2025-02-04,2025-02-04 13:35:00+00:00,EARLY_RECLAIM,2832.7,2675.28,157.41999999999962,2793.345,2698.893,2848.442,2025-02-04 13:55:00+00:00,2025-02-04 14:30:00+00:00,CONFIRMED,SAME_BAR,2025-02-04 13:55:00+00:00,2025-02-04 14:00:00+00:00,True,2025-02-04 14:00:00+00:00,2794.68,0.7584804980307454,2025-02-04 19:10:00+00:00,2848.442,TP_E10,9.218632544692085,310.0,True
reference_validation,2025-02-04,2025-02-04 13:35:00+00:00,SAME_BAR_REJECTION,2832.7,2675.28,157.41999999999962,2793.345,2698.893,2848.442,2025-02-04 13:55:00+00:00,2025-02-04 14:30:00+00:00,CONFIRMED,SAME_BAR,2025-02-04 13:55:00+00:00,2025-02-04 14:00:00+00:00,True,2025-02-04 14:00:00+00:00,2794.68,0.7584804980307454,2025-02-04 19:10:00+00:00,2848.442,TP_E10,9.218632544692085,310.0,True
reference_validation,2025-02-20,2025-02-20 13:35:00+00:00,EARLY_RECLAIM,2746.0,2723.72,22.2800000000002,2740.43,2727.062,2748.228,2025-02-20 13:45:00+00:00,2025-02-20 14:00:00+00:00,CONFIRMED,SAME_BAR,2025-02-20 13:45:00+00:00,2025-02-20 13:50:00+00:00,True,2025-02-20 13:50:00+00:00,2742.84,0.8581687612208336,2025-02-20 14:00:00+00:00,2748.228,TP_E10,0.5821936387102159,10.0,True
reference_validation,2025-02-20,2025-02-20 13:35:00+00:00,SAME_BAR_REJECTION,2746.0,2723.72,22.2800000000002,2740.43,2727.062,2748.228,2025-02-20 13:45:00+00:00,2025-02-20 14:00:00+00:00,CONFIRMED,SAME_BAR,2025-02-20 13:45:00+00:00,2025-02-20 13:50:00+00:00,True,2025-02-20 13:50:00+00:00,2742.84,0.8581687612208336,2025-02-20 14:00:00+00:00,2748.228,TP_E10,0.5821936387102159,10.0,True
reference_validation,2025-02-21,2025-02-21 13:45:00+00:00,EARLY_RECLAIM,2843.75,2746.55,97.19999999999982,2819.45,2761.13,2853.47,2025-02-21 14:10:00+00:00,,CONFIRMED,SAME_BAR,2025-02-21 14:10:00+00:00,2025-02-21 14:15:00+00:00,True,2025-02-21 14:15:00+00:00,2820.5,0.7608024691358021,2025-02-21 15:35:00+00:00,2751.04,CLOSE_INVALIDATION_F15,-12.713419606452769,80.0,False
reference_validation,2025-02-21,2025-02-21 13:45:00+00:00,SAME_BAR_REJECTION,2843.75,2746.55,97.19999999999982,2819.45,2761.13,2853.47,2025-02-21 14:10:00+00:00,,CONFIRMED,SAME_BAR,2025-02-21 14:10:00+00:00,2025-02-21 14:15:00+00:00,True,2025-02-21 14:15:00+00:00,2820.5,0.7608024691358021,2025-02-21 15:35:00+00:00,2751.04,CLOSE_INVALIDATION_F15,-12.713419606452769,80.0,False
reference_validation,2025-03-03,2025-03-03 13:45:00+00:00,EARLY_RECLAIM,2386.99,2321.0,65.98999999999978,2370.4925,2330.8985,2393.589,2025-03-03 13:50:00+00:00,,CONFIRMED,SAME_BAR,2025-03-03 13:50:00+00:00,2025-03-03 13:55:00+00:00,True,2025-03-03 13:55:00+00:00,2373.46,0.794968934687077,2025-03-03 14:40:00+00:00,2327.31,CLOSE_INVALIDATION_F15,-10.122093483774785,45.0,False
reference_validation,2025-03-03,2025-03-03 13:45:00+00:00,SAME_BAR_REJECTION,2386.99,2321.0,65.98999999999978,2370.4925,2330.8985,2393.589,2025-03-03 13:50:00+00:00,,CONFIRMED,SAME_BAR,2025-03-03 13:50:00+00:00,2025-03-03 13:55:00+00:00,True,2025-03-03 13:55:00+00:00,2373.46,0.794968934687077,2025-03-03 14:40:00+00:00,2327.31,CLOSE_INVALIDATION_F15,-10.122093483774785,45.0,False
reference_validation,2025-04-24,2025-04-24 13:35:00+00:00,EARLY_RECLAIM,1759.88,1721.22,38.66000000000008,1750.2150000000001,1727.019,1763.746,2025-04-24 13:40:00+00:00,2025-04-24 14:00:00+00:00,CONFIRMED,SAME_BAR,2025-04-24 13:40:00+00:00,2025-04-24 13:45:00+00:00,True,2025-04-24 13:45:00+00:00,1752.92,0.8199689601655452,2025-04-24 14:00:00+00:00,1763.746,TP_E10,2.687990324715295,15.0,True
reference_validation,2025-04-24,2025-04-24 13:35:00+00:00,SAME_BAR_REJECTION,1759.88,1721.22,38.66000000000008,1750.2150000000001,1727.019,1763.746,2025-04-24 13:40:00+00:00,2025-04-24 14:00:00+00:00,CONFIRMED,SAME_BAR,2025-04-24 13:40:00+00:00,2025-04-24 13:45:00+00:00,True,2025-04-24 13:45:00+00:00,1752.92,0.8199689601655452,2025-04-24 14:00:00+00:00,1763.746,TP_E10,2.687990324715295,15.0,True
reference_validation,2025-05-08,2025-05-08 13:40:00+00:00,EARLY_RECLAIM,1976.56,1925.0,51.559999999999945,1963.67,1932.734,1981.716,2025-05-08 13:45:00+00:00,2025-05-08 13:55:00+00:00,CONFIRMED,SAME_BAR,2025-05-08 13:45:00+00:00,2025-05-08 13:50:00+00:00,True,2025-05-08 13:50:00+00:00,1965.51,0.7856865787432125,2025-05-08 14:00:00+00:00,1981.716,TP_E10,3.7225941358731256,10.0,True
reference_validation,2025-05-08,2025-05-08 13:40:00+00:00,SAME_BAR_REJECTION,1976.56,1925.0,51.559999999999945,1963.67,1932.734,1981.716,2025-05-08 13:45:00+00:00,2025-05-08 13:55:00+00:00,CONFIRMED,SAME_BAR,2025-05-08 13:45:00+00:00,2025-05-08 13:50:00+00:00,True,2025-05-08 13:50:00+00:00,1965.51,0.7856865787432125,2025-05-08 14:00:00+00:00,1981.716,TP_E10,3.7225941358731256,10.0,True
reference_validation,2025-05-21,2025-05-21 14:25:00+00:00,EARLY_RECLAIM,2561.48,2513.21,48.26999999999998,2549.4125,2520.4505,2566.307,2025-05-21 14:30:00+00:00,2025-05-21 14:50:00+00:00,CONFIRMED,LATER_RECLAIM,2025-05-21 14:40:00+00:00,2025-05-21 14:45:00+00:00,True,2025-05-21 14:45:00+00:00,2550.33,0.7690076652164886,2025-05-21 14:50:00+00:00,2566.307,TP_E10,2.7323397364262374,5.0,True
reference_validation,2025-05-21,2025-05-21 14:25:00+00:00,SAME_BAR_REJECTION,2561.48,2513.21,48.26999999999998,2549.4125,2520.4505,2566.307,2025-05-21 14:30:00+00:00,2025-05-21 14:50:00+00:00,NO_CONFIRMATION,,,,False,,,,,,NO_CONFIRMATION,,,False
reference_validation,2025-07-18,2025-07-18 13:50:00+00:00,EARLY_RECLAIM,3654.99,3584.0,70.98999999999978,3637.2425,3594.6485,3662.089,2025-07-18 14:00:00+00:00,2025-07-18 14:05:00+00:00,CONFIRMED,SAME_BAR,2025-07-18 14:00:00+00:00,2025-07-18 14:05:00+00:00,True,2025-07-18 14:05:00+00:00,3638.63,0.7695450063389249,2025-07-18 14:05:00+00:00,3662.089,TP_E10,2.8236033891877015,0.0,True
reference_validation,2025-07-18,2025-07-18 13:50:00+00:00,SAME_BAR_REJECTION,3654.99,3584.0,70.98999999999978,3637.2425,3594.6485,3662.089,2025-07-18 14:00:00+00:00,2025-07-18 14:05:00+00:00,CONFIRMED,SAME_BAR,2025-07-18 14:00:00+00:00,2025-07-18 14:05:00+00:00,True,2025-07-18 14:05:00+00:00,3638.63,0.7695450063389249,2025-07-18 14:05:00+00:00,3662.089,TP_E10,2.8236033891877015,0.0,True
reference_validation,2025-07-30,2025-07-30 14:55:00+00:00,EARLY_RECLAIM,3824.26,3742.0,82.26000000000022,3803.695,3754.339,3832.4860000000003,2025-07-30 15:05:00+00:00,,CONFIRMED,LATER_RECLAIM,2025-07-30 16:20:00+00:00,2025-07-30 16:25:00+00:00,True,2025-07-30 16:25:00+00:00,3809.25,0.8175297836129324,2025-07-30 19:00:00+00:00,3736.4,CLOSE_INVALIDATION_F15,-9.962249786703392,155.0,False
reference_validation,2025-07-30,2025-07-30 14:55:00+00:00,SAME_BAR_REJECTION,3824.26,3742.0,82.26000000000022,3803.695,3754.339,3832.4860000000003,2025-07-30 15:05:00+00:00,,NO_CONFIRMATION,,,,False,,,,,,NO_CONFIRMATION,,,False
reference_validation,2025-08-12,2025-08-12 13:35:00+00:00,EARLY_RECLAIM,4428.39,4255.56,172.82999999999993,4385.182500000001,4281.4845000000005,4445.673000000001,2025-08-12 13:40:00+00:00,2025-08-12 15:00:00+00:00,CONFIRMED,LATER_RECLAIM,2025-08-12 14:00:00+00:00,2025-08-12 14:05:00+00:00,True,2025-08-12 14:05:00+00:00,4392.44,0.7919921309957719,2025-08-12 15:30:00+00:00,4445.673000000001,TP_E10,5.659616067607187,85.0,True
reference_validation,2025-08-12,2025-08-12 13:35:00+00:00,SAME_BAR_REJECTION,4428.39,4255.56,172.82999999999993,4385.182500000001,4281.4845000000005,4445.673000000001,2025-08-12 13:40:00+00:00,2025-08-12 15:00:00+00:00,NO_CONFIRMATION,,,,False,,,,,,NO_CONFIRMATION,,,False
reference_validation,2025-08-18,2025-08-18 13:40:00+00:00,EARLY_RECLAIM,4366.91,4224.1,142.8099999999995,4331.2075,4245.521500000001,4381.191,2025-08-18 13:45:00+00:00,2025-08-18 17:30:00+00:00,CONFIRMED,LATER_RECLAIM,2025-08-18 14:55:00+00:00,2025-08-18 15:00:00+00:00,True,2025-08-18 15:00:00+00:00,4331.47,0.7518381065751717,2025-08-18 19:00:00+00:00,4381.191,TP_E10,5.339506449311648,240.0,True
reference_validation,2025-08-18,2025-08-18 13:40:00+00:00,SAME_BAR_REJECTION,4366.91,4224.1,142.8099999999995,4331.2075,4245.521500000001,4381.191,2025-08-18 13:45:00+00:00,2025-08-18 17:30:00+00:00,NO_CONFIRMATION,,,,False,,,,,,NO_CONFIRMATION,,,False
reference_validation,2025-08-19,2025-08-19 13:35:00+00:00,EARLY_RECLAIM,4315.71,4216.31,99.39999999999964,4290.860000000001,4231.22,4325.65,2025-08-19 13:40:00+00:00,,CONFIRMED,LATER_RECLAIM,2025-08-19 13:50:00+00:00,2025-08-19 13:55:00+00:00,True,2025-08-19 13:55:00+00:00,4298.92,0.8310865191146879,2025-08-19 14:30:00+00:00,4209.4,CLOSE_INVALIDATION_F15,-10.81191741181513,35.0,False
reference_validation,2025-08-19,2025-08-19 13:35:00+00:00,SAME_BAR_REJECTION,4315.71,4216.31,99.39999999999964,4290.860000000001,4231.22,4325.65,2025-08-19 13:40:00+00:00,,NO_CONFIRMATION,,,,False,,,,,,NO_CONFIRMATION,,,False
reference_validation,2025-09-22,2025-09-22 14:25:00+00:00,EARLY_RECLAIM,4215.25,4135.0,80.25,4195.1875,4147.0375,4223.275,2025-09-22 14:40:00+00:00,,CONFIRMED,SAME_BAR,2025-09-22 14:40:00+00:00,2025-09-22 14:45:00+00:00,True,2025-09-22 14:45:00+00:00,4196.76,0.7695950155763267,2025-09-22 19:40:00+00:00,4143.52,CLOSE_INVALIDATION_F15,-6.742988400575678,295.0,False
reference_validation,2025-09-22,2025-09-22 14:25:00+00:00,SAME_BAR_REJECTION,4215.25,4135.0,80.25,4195.1875,4147.0375,4223.275,2025-09-22 14:40:00+00:00,,CONFIRMED,SAME_BAR,2025-09-22 14:40:00+00:00,2025-09-22 14:45:00+00:00,True,2025-09-22 14:45:00+00:00,4196.76,0.7695950155763267,2025-09-22 19:40:00+00:00,4143.52,CLOSE_INVALIDATION_F15,-6.742988400575678,295.0,False
reference_validation,2025-10-02,2025-10-02 14:05:00+00:00,EARLY_RECLAIM,4416.96,4366.34,50.61999999999989,4404.305,4373.933,4422.022,2025-10-02 14:15:00+00:00,2025-10-02 14:25:00+00:00,CONFIRMED,LATER_RECLAIM,2025-10-02 14:20:00+00:00,2025-10-02 14:25:00+00:00,True,2025-10-02 14:25:00+00:00,4409.99,0.8623073883840326,2025-10-02 15:00:00+00:00,4372.55,CLOSE_INVALIDATION_F15,-4.6449075848244314,35.0,True
reference_validation,2025-10-02,2025-10-02 14:05:00+00:00,SAME_BAR_REJECTION,4416.96,4366.34,50.61999999999989,4404.305,4373.933,4422.022,2025-10-02 14:15:00+00:00,2025-10-02 14:25:00+00:00,NO_CONFIRMATION,,,,False,,,,,,NO_CONFIRMATION,,,False
reference_validation,2025-10-03,2025-10-03 13:35:00+00:00,EARLY_RECLAIM,4493.08,4426.0,67.07999999999993,4476.3099999999995,4436.062,4499.788,2025-10-03 13:40:00+00:00,2025-10-03 15:20:00+00:00,CONFIRMED,LATER_RECLAIM,2025-10-03 13:45:00+00:00,2025-10-03 13:50:00+00:00,True,2025-10-03 13:50:00+00:00,4478.68,0.7853309481216509,2025-10-03 15:30:00+00:00,4499.788,TP_E10,1.9564978967016704,100.0,True
reference_validation,2025-10-03,2025-10-03 13:35:00+00:00,SAME_BAR_REJECTION,4493.08,4426.0,67.07999999999993,4476.3099999999995,4436.062,4499.788,2025-10-03 13:40:00+00:00,2025-10-03 15:20:00+00:00,NO_CONFIRMATION,,,,False,,,,,,NO_CONFIRMATION,,,False
reference_validation,2025-10-14,2025-10-14 14:20:00+00:00,EARLY_RECLAIM,4013.42,3885.09,128.32999999999993,3981.3375,3904.3395,4026.253,2025-10-14 14:25:00+00:00,2025-10-14 15:40:00+00:00,CONFIRMED,LATER_RECLAIM,2025-10-14 14:40:00+00:00,2025-10-14 14:45:00+00:00,True,2025-10-14 14:45:00+00:00,3986.46,0.7899166212109402,2025-10-14 15:40:00+00:00,4026.253,TP_E10,4.591019601350621,55.0,True
reference_validation,2025-10-14,2025-10-14 14:20:00+00:00,SAME_BAR_REJECTION,4013.42,3885.09,128.32999999999993,3981.3375,3904.3395,4026.253,2025-10-14 14:25:00+00:00,2025-10-14 15:40:00+00:00,NO_CONFIRMATION,,,,False,,,,,,NO_CONFIRMATION,,,False
reference_validation,2025-11-03,2025-11-03 14:10:00+00:00,EARLY_RECLAIM,3739.98,3650.13,89.84999999999991,3717.5175,3663.6075,3748.965,2025-11-03 14:25:00+00:00,,CONFIRMED,SAME_BAR,2025-11-03 14:25:00+00:00,2025-11-03 14:30:00+00:00,True,2025-11-03 14:30:00+00:00,3720.48,0.7829716193656091,2025-11-03 15:30:00+00:00,3634.6,CLOSE_INVALIDATION_F15,-11.941521524104425,60.0,False
reference_validation,2025-11-03,2025-11-03 14:10:00+00:00,SAME_BAR_REJECTION,3739.98,3650.13,89.84999999999991,3717.5175,3663.6075,3748.965,2025-11-03 14:25:00+00:00,,CONFIRMED,SAME_BAR,2025-11-03 14:25:00+00:00,2025-11-03 14:30:00+00:00,True,2025-11-03 14:30:00+00:00,3720.48,0.7829716193656091,2025-11-03 15:30:00+00:00,3634.6,CLOSE_INVALIDATION_F15,-11.941521524104425,60.0,False
reference_validation,2025-11-14,2025-11-14 14:50:00+00:00,EARLY_RECLAIM,3217.8,3068.0,149.80000000000018,3180.3500000000004,3090.4700000000003,3232.78,2025-11-14 15:00:00+00:00,2025-11-14 15:45:00+00:00,CONFIRMED,LATER_RECLAIM,2025-11-14 15:05:00+00:00,2025-11-14 15:10:00+00:00,True,2025-11-14 15:10:00+00:00,3190.5,0.8177570093457934,2025-11-14 15:45:00+00:00,3232.78,TP_E10,6.225920702084342,35.0,True
reference_validation,2025-11-14,2025-11-14 14:50:00+00:00,SAME_BAR_REJECTION,3217.8,3068.0,149.80000000000018,3180.3500000000004,3090.4700000000003,3232.78,2025-11-14 15:00:00+00:00,2025-11-14 15:45:00+00:00,NO_CONFIRMATION,,,,False,,,,,,NO_CONFIRMATION,,,False
reference_validation,2025-11-21,2025-11-21 13:50:00+00:00,EARLY_RECLAIM,2760.87,2620.0,140.8699999999999,2725.6525,2641.1305,2774.957,2025-11-21 14:15:00+00:00,2025-11-21 14:30:00+00:00,CONFIRMED,LATER_RECLAIM,2025-11-21 14:20:00+00:00,2025-11-21 14:25:00+00:00,True,2025-11-21 14:25:00+00:00,2727.86,0.7656704763256919,2025-11-21 14:35:00+00:00,2774.957,TP_E10,8.232591115379728,10.0,True
reference_validation,2025-11-21,2025-11-21 13:50:00+00:00,SAME_BAR_REJECTION,2760.87,2620.0,140.8699999999999,2725.6525,2641.1305,2774.957,2025-11-21 14:15:00+00:00,2025-11-21 14:30:00+00:00,NO_CONFIRMATION,,,,False,,,,,,NO_CONFIRMATION,,,False
reference_validation,2025-11-24,2025-11-24 14:40:00+00:00,EARLY_RECLAIM,2841.92,2786.01,55.909999999999854,2827.9425,2794.3965000000003,2847.511,2025-11-24 14:55:00+00:00,2025-11-24 15:30:00+00:00,CONFIRMED,SAME_BAR,2025-11-24 14:55:00+00:00,2025-11-24 15:00:00+00:00,True,2025-11-24 15:00:00+00:00,2831.23,0.8087998569128942,2025-11-24 15:40:00+00:00,2847.511,TP_E10,2.475252098911041,40.0,True
reference_validation,2025-11-24,2025-11-24 14:40:00+00:00,SAME_BAR_REJECTION,2841.92,2786.01,55.909999999999854,2827.9425,2794.3965000000003,2847.511,2025-11-24 14:55:00+00:00,2025-11-24 15:30:00+00:00,CONFIRMED,SAME_BAR,2025-11-24 14:55:00+00:00,2025-11-24 15:00:00+00:00,True,2025-11-24 15:00:00+00:00,2831.23,0.8087998569128942,2025-11-24 15:40:00+00:00,2847.511,TP_E10,2.475252098911041,40.0,True
reference_validation,2025-12-30,2025-12-30 14:55:00+00:00,EARLY_RECLAIM,3003.0,2948.81,54.190000000000055,2989.4525,2956.9384999999997,3008.419,2025-12-30 15:50:00+00:00,,CONFIRMED,SAME_BAR,2025-12-30 15:50:00+00:00,2025-12-30 15:55:00+00:00,True,2025-12-30 15:55:00+00:00,2991.99,0.7968259826536223,2025-12-30 19:10:00+00:00,2953.26,CLOSE_INVALIDATION_F15,-6.872280990243884,195.0,False
reference_validation,2025-12-30,2025-12-30 14:55:00+00:00,SAME_BAR_REJECTION,3003.0,2948.81,54.190000000000055,2989.4525,2956.9384999999997,3008.419,2025-12-30 15:50:00+00:00,,CONFIRMED,SAME_BAR,2025-12-30 15:50:00+00:00,2025-12-30 15:55:00+00:00,True,2025-12-30 15:55:00+00:00,2991.99,0.7968259826536223,2025-12-30 19:10:00+00:00,2953.26,CLOSE_INVALIDATION_F15,-6.872280990243884,195.0,False
reference_validation,2026-02-02,2026-02-02 13:55:00+00:00,EARLY_RECLAIM,2328.0,2227.56,100.44000000000005,2302.89,2242.6259999999997,2338.044,2026-02-02 14:10:00+00:00,2026-02-02 14:30:00+00:00,CONFIRMED,SAME_BAR,2026-02-02 14:10:00+00:00,2026-02-02 14:15:00+00:00,True,2026-02-02 14:15:00+00:00,2305.55,0.7764834727200338,2026-02-02 14:30:00+00:00,2338.044,TP_E10,6.646908546767483,15.0,True
reference_validation,2026-02-02,2026-02-02 13:55:00+00:00,SAME_BAR_REJECTION,2328.0,2227.56,100.44000000000005,2302.89,2242.6259999999997,2338.044,2026-02-02 14:10:00+00:00,2026-02-02 14:30:00+00:00,CONFIRMED,SAME_BAR,2026-02-02 14:10:00+00:00,2026-02-02 14:15:00+00:00,True,2026-02-02 14:15:00+00:00,2305.55,0.7764834727200338,2026-02-02 14:30:00+00:00,2338.044,TP_E10,6.646908546767483,15.0,True
reference_validation,2026-02-11,2026-02-11 13:35:00+00:00,EARLY_RECLAIM,1966.73,1930.39,36.33999999999992,1957.645,1935.8410000000001,1970.364,2026-02-11 13:40:00+00:00,2026-02-11 14:00:00+00:00,CONFIRMED,LATER_RECLAIM,2026-02-11 13:55:00+00:00,2026-02-11 14:00:00+00:00,True,2026-02-11 14:00:00+00:00,1959.43,0.799119427627959,2026-02-11 14:00:00+00:00,1970.364,TP_E10,2.3900971200808256,0.0,True
reference_validation,2026-02-11,2026-02-11 13:35:00+00:00,SAME_BAR_REJECTION,1966.73,1930.39,36.33999999999992,1957.645,1935.8410000000001,1970.364,2026-02-11 13:40:00+00:00,2026-02-11 14:00:00+00:00,NO_CONFIRMATION,,,,False,,,,,,NO_CONFIRMATION,,,False
reference_validation,2026-03-12,2026-03-12 13:40:00+00:00,EARLY_RECLAIM,2075.65,2036.75,38.90000000000009,2065.925,2042.585,2079.54,2026-03-12 13:45:00+00:00,2026-03-12 14:00:00+00:00,H2_BEFORE_CONFIRMATION,,,,False,,,,,,H2_BEFORE_CONFIRMATION,,,False
reference_validation,2026-03-12,2026-03-12 13:40:00+00:00,SAME_BAR_REJECTION,2075.65,2036.75,38.90000000000009,2065.925,2042.585,2079.54,2026-03-12 13:45:00+00:00,2026-03-12 14:00:00+00:00,NO_CONFIRMATION,,,,False,,,,,,NO_CONFIRMATION,,,False
reference_validation,2026-03-13,2026-03-13 14:30:00+00:00,EARLY_RECLAIM,2205.58,2090.09,115.48999999999978,2176.7075,2107.4135,2217.129,2026-03-13 14:40:00+00:00,,NO_CONFIRMATION,,,,False,,,,,,NO_CONFIRMATION,,,False
reference_validation,2026-03-13,2026-03-13 14:30:00+00:00,SAME_BAR_REJECTION,2205.58,2090.09,115.48999999999978,2176.7075,2107.4135,2217.129,2026-03-13 14:40:00+00:00,,NO_CONFIRMATION,,,,False,,,,,,NO_CONFIRMATION,,,False
reference_validation,2026-03-16,2026-03-16 13:45:00+00:00,EARLY_RECLAIM,2302.99,2233.0,69.98999999999978,2285.4925,2243.4985,2309.9889999999996,2026-03-16 13:50:00+00:00,2026-03-16 14:10:00+00:00,CONFIRMED,LATER_RECLAIM,2026-03-16 13:55:00+00:00,2026-03-16 14:00:00+00:00,True,2026-03-16 14:00:00+00:00,2287.56,0.7795399342763268,2026-03-16 17:30:00+00:00,2309.9889999999996,TP_E10,4.502385074052606,210.0,True
reference_validation,2026-03-16,2026-03-16 13:45:00+00:00,SAME_BAR_REJECTION,2302.99,2233.0,69.98999999999978,2285.4925,2243.4985,2309.9889999999996,2026-03-16 13:50:00+00:00,2026-03-16 14:10:00+00:00,NO_CONFIRMATION,,,,False,,,,,,NO_CONFIRMATION,,,False
reference_validation,2026-04-22,2026-04-22 13:35:00+00:00,EARLY_RECLAIM,2414.99,2382.15,32.83999999999969,2406.7799999999997,2387.076,2418.274,2026-04-22 13:40:00+00:00,2026-04-22 13:45:00+00:00,CONFIRMED,SAME_BAR,2026-04-22 13:40:00+00:00,2026-04-22 13:45:00+00:00,True,2026-04-22 13:45:00+00:00,2412.43,0.9220462850182713,2026-04-22 13:45:00+00:00,2418.274,TP_E10,0.8112268542506799,0.0,True
reference_validation,2026-04-22,2026-04-22 13:35:00+00:00,SAME_BAR_REJECTION,2414.99,2382.15,32.83999999999969,2406.7799999999997,2387.076,2418.274,2026-04-22 13:40:00+00:00,2026-04-22 13:45:00+00:00,CONFIRMED,SAME_BAR,2026-04-22 13:40:00+00:00,2026-04-22 13:45:00+00:00,True,2026-04-22 13:45:00+00:00,2412.43,0.9220462850182713,2026-04-22 13:45:00+00:00,2418.274,TP_E10,0.8112268542506799,0.0,True
reference_validation,2026-05-01,2026-05-01 13:35:00+00:00,EARLY_RECLAIM,2314.68,2275.68,39.0,2304.93,2281.5299999999997,2318.58,2026-05-01 13:45:00+00:00,2026-05-01 13:50:00+00:00,CONFIRMED,SAME_BAR,2026-05-01 13:45:00+00:00,2026-05-01 13:50:00+00:00,True,2026-05-01 13:50:00+00:00,2309.61,0.8700000000000074,2026-05-01 13:50:00+00:00,2318.58,TP_E10,1.5418862924909242,0.0,True
reference_validation,2026-05-01,2026-05-01 13:35:00+00:00,SAME_BAR_REJECTION,2314.68,2275.68,39.0,2304.93,2281.5299999999997,2318.58,2026-05-01 13:45:00+00:00,2026-05-01 13:50:00+00:00,CONFIRMED,SAME_BAR,2026-05-01 13:45:00+00:00,2026-05-01 13:50:00+00:00,True,2026-05-01 13:50:00+00:00,2309.61,0.8700000000000074,2026-05-01 13:50:00+00:00,2318.58,TP_E10,1.5418862924909242,0.0,True
reference_validation,2026-07-03,2026-07-03 13:45:00+00:00,EARLY_RECLAIM,1748.67,1714.9,33.76999999999998,1740.2275,1719.9655,1752.047,2026-07-03 14:00:00+00:00,2026-07-03 19:30:00+00:00,CONFIRMED,SAME_BAR,2026-07-03 14:00:00+00:00,2026-07-03 14:05:00+00:00,True,2026-07-03 14:05:00+00:00,1743.7,0.8528279538051516,2026-07-03 19:35:00+00:00,1752.047,TP_E10,1.9934736479899189,330.0,True
reference_validation,2026-07-03,2026-07-03 13:45:00+00:00,SAME_BAR_REJECTION,1748.67,1714.9,33.76999999999998,1740.2275,1719.9655,1752.047,2026-07-03 14:00:00+00:00,2026-07-03 19:30:00+00:00,CONFIRMED,SAME_BAR,2026-07-03 14:00:00+00:00,2026-07-03 14:05:00+00:00,True,2026-07-03 14:05:00+00:00,1743.7,0.8528279538051516,2026-07-03 19:35:00+00:00,1752.047,TP_E10,1.9934736479899189,330.0,True
reference_validation,2026-07-10,2026-07-10 13:55:00+00:00,EARLY_RECLAIM,1806.82,1771.66,35.159999999999854,1798.03,1776.934,1810.336,2026-07-10 14:00:00+00:00,,NO_CONFIRMATION,,,,False,,,,,,NO_CONFIRMATION,,,False
reference_validation,2026-07-10,2026-07-10 13:55:00+00:00,SAME_BAR_REJECTION,1806.82,1771.66,35.159999999999854,1798.03,1776.934,1810.336,2026-07-10 14:00:00+00:00,,NO_CONFIRMATION,,,,False,,,,,,NO_CONFIRMATION,,,False
