n,wins,wr,pf,expectancy,net,max_ls,partition,side,exec_min,ref_min,horizon_min,entry_f,target_ext,stop_f,stress_bps,targets,stops,time_exits,config_id,execution_utc,entry,positive
57,39,0.6842105263157895,1.1387544580071862,0.1906405427045662,10.866510934160274,2,development,LONG,300,300,360,0.95,0.2,0.35,0.0,37,6,14,LONG|E0300|R300|X360|F0.95|T0.20|S0.35,05:00,F95,True
31,16,0.5161290322580645,0.7214579463239376,-0.7610323238988355,-23.5920020408639,5,external,LONG,300,300,360,0.95,0.2,0.35,0.0,15,3,13,LONG|E0300|R300|X360|F0.95|T0.20|S0.35,05:00,F95,False
30,22,0.7333333333333333,2.1312498525026573,0.8277972399590182,24.833917198770546,2,reference_validation,LONG,300,300,360,0.95,0.2,0.35,0.0,17,0,13,LONG|E0300|R300|X360|F0.95|T0.20|S0.35,05:00,F95,True
72,48,0.6666666666666666,0.8147224187370319,-0.29244673408282185,-21.056164853963175,3,development,LONG,540,300,360,0.95,0.2,0.35,0.0,48,13,11,LONG|E0540|R300|X360|F0.95|T0.20|S0.35,09:00,F95,False
41,29,0.7073170731707317,1.203431032782929,0.5548732576244486,22.74980356260239,2,external,LONG,540,300,360,0.95,0.2,0.35,0.0,29,7,5,LONG|E0540|R300|X360|F0.95|T0.20|S0.35,09:00,F95,True
31,18,0.5806451612903226,0.5975874879350846,-0.881408472118925,-27.323662635686677,3,reference_validation,LONG,540,300,360,0.95,0.2,0.35,0.0,17,8,6,LONG|E0540|R300|X360|F0.95|T0.20|S0.35,09:00,F95,False
77,50,0.6493506493506493,0.6743537581795418,-0.5969985089727821,-45.96888519090422,5,development,LONG,600,300,360,0.95,0.2,0.35,0.0,49,16,12,LONG|E0600|R300|X360|F0.95|T0.20|S0.35,10:00,F95,False
32,26,0.8125,1.1833562333128387,0.3845094916268945,12.304303732060625,1,external,LONG,600,300,360,0.95,0.2,0.35,0.0,25,4,3,LONG|E0600|R300|X360|F0.95|T0.20|S0.35,10:00,F95,True
32,22,0.6875,0.9523568880035369,-0.0920270879249091,-2.9448668135970912,3,reference_validation,LONG,600,300,360,0.95,0.2,0.35,0.0,22,7,3,LONG|E0600|R300|X360|F0.95|T0.20|S0.35,10:00,F95,False
40,28,0.7,1.6481273930559364,0.7607100880907327,30.428403523629306,4,development,LONG,960,300,360,0.95,0.2,0.35,0.0,28,2,10,LONG|E0960|R300|X360|F0.95|T0.20|S0.35,16:00,F95,True
44,24,0.5454545454545454,1.0559131259301524,0.11612202355049392,5.109369036221732,4,external,LONG,960,300,360,0.95,0.2,0.35,0.0,22,3,19,LONG|E0960|R300|X360|F0.95|T0.20|S0.35,16:00,F95,True
29,17,0.5862068965517241,0.7938850793228388,-0.5562362332757161,-16.130850764995767,3,reference_validation,LONG,960,300,360,0.95,0.2,0.35,0.0,16,5,8,LONG|E0960|R300|X360|F0.95|T0.20|S0.35,16:00,F95,False
70,45,0.6428571428571429,1.0735976259325655,0.11669228050644692,8.168459635451285,4,development,LONG,300,300,360,0.9,0.2,0.35,0.0,40,9,21,LONG|E0300|R300|X360|F0.90|T0.20|S0.35,05:00,F90,False
37,20,0.5405405405405406,0.9723476631242931,-0.06280838477839121,-2.323910236800475,5,external,LONG,300,300,360,0.9,0.2,0.35,0.0,18,4,15,LONG|E0300|R300|X360|F0.90|T0.20|S0.35,05:00,F90,False
32,21,0.65625,1.57798005261738,0.6245970450812879,19.987105442601212,5,reference_validation,LONG,300,300,360,0.9,0.2,0.35,0.0,19,3,10,LONG|E0300|R300|X360|F0.90|T0.20|S0.35,05:00,F90,True
101,68,0.6732673267326733,1.0704399748694555,0.10059934293890917,10.160533636829825,5,development,LONG,540,300,360,0.9,0.2,0.35,0.0,68,21,12,LONG|E0540|R300|X360|F0.90|T0.20|S0.35,09:00,F90,False
64,43,0.671875,1.1806818532014944,0.4836071747303306,30.95085918274116,3,external,LONG,540,300,360,0.9,0.2,0.35,0.0,43,16,5,LONG|E0540|R300|X360|F0.90|T0.20|S0.35,09:00,F90,True
42,29,0.6904761904761905,1.1533405811227448,0.23023317484361566,9.669793343431857,2,reference_validation,LONG,540,300,360,0.9,0.2,0.35,0.0,27,9,6,LONG|E0540|R300|X360|F0.90|T0.20|S0.35,09:00,F90,True
108,71,0.6574074074074074,0.8534100116128833,-0.2431906904315596,-26.264594566608437,4,development,LONG,600,300,360,0.9,0.2,0.35,0.0,69,26,13,LONG|E0600|R300|X360|F0.90|T0.20|S0.35,10:00,F90,False
49,37,0.7551020408163265,1.479876713863669,0.9089020574068372,44.53620081293502,3,external,LONG,600,300,360,0.9,0.2,0.35,0.0,36,8,5,LONG|E0600|R300|X360|F0.90|T0.20|S0.35,10:00,F90,True
45,30,0.6666666666666666,0.995751270897985,-0.0082351433433773,-0.37058145045197843,3,reference_validation,LONG,600,300,360,0.9,0.2,0.35,0.0,30,10,5,LONG|E0600|R300|X360|F0.90|T0.20|S0.35,10:00,F90,False
61,41,0.6721311475409836,1.3484656699027466,0.5387647902445255,32.864652204916055,4,development,LONG,960,300,360,0.9,0.2,0.35,0.0,40,6,15,LONG|E0960|R300|X360|F0.90|T0.20|S0.35,16:00,F90,True
60,34,0.5666666666666667,1.3949580165763589,0.7358227176840697,44.149363061044184,6,external,LONG,960,300,360,0.9,0.2,0.35,0.0,29,4,27,LONG|E0960|R300|X360|F0.90|T0.20|S0.35,16:00,F90,True
39,22,0.5641025641025641,1.065916575451511,0.14962217825122887,5.835264951797926,4,reference_validation,LONG,960,300,360,0.9,0.2,0.35,0.0,21,6,12,LONG|E0960|R300|X360|F0.90|T0.20|S0.35,16:00,F90,True
69,43,0.6231884057971014,1.1331651855513643,0.19714053869170467,13.602697169727623,4,development,LONG,300,300,360,0.85,0.2,0.35,0.0,35,9,25,LONG|E0300|R300|X360|F0.85|T0.20|S0.35,05:00,F85,True
40,22,0.55,1.351402049490202,0.6357449372281974,25.429797489127896,4,external,LONG,300,300,360,0.85,0.2,0.35,0.0,19,4,17,LONG|E0300|R300|X360|F0.85|T0.20|S0.35,05:00,F85,True
31,21,0.6774193548387096,1.097245165913256,0.13775771103683934,4.270489042142019,2,reference_validation,LONG,300,300,360,0.85,0.2,0.35,0.0,15,6,10,LONG|E0300|R300|X360|F0.85|T0.20|S0.35,05:00,F85,True
102,71,0.696078431372549,1.3429270162625933,0.448005143538862,45.69652464096392,4,development,LONG,540,300,360,0.85,0.2,0.35,0.0,69,22,11,LONG|E0540|R300|X360|F0.85|T0.20|S0.35,09:00,F85,True
66,44,0.6666666666666666,1.3105856684706998,0.8042084127938793,53.07775524439604,3,external,LONG,540,300,360,0.85,0.2,0.35,0.0,44,18,4,LONG|E0540|R300|X360|F0.85|T0.20|S0.35,09:00,F85,True
37,26,0.7027027027027027,1.4790190136420163,0.6191002258494709,22.90670835643042,3,reference_validation,LONG,540,300,360,0.85,0.2,0.35,0.0,23,8,6,LONG|E0540|R300|X360|F0.85|T0.20|S0.35,09:00,F85,True
114,78,0.6842105263157895,1.1722885435959909,0.24220985834467443,27.611923851292886,4,development,LONG,600,300,360,0.85,0.2,0.35,0.0,76,27,11,LONG|E0600|R300|X360|F0.85|T0.20|S0.35,10:00,F85,True
48,34,0.7083333333333334,1.5016988247597078,0.9365463076960965,44.95422276941263,4,external,LONG,600,300,360,0.85,0.2,0.35,0.0,33,9,6,LONG|E0600|R300|X360|F0.85|T0.20|S0.35,10:00,F85,True
47,28,0.5957446808510638,1.041309262473993,0.08036300648788725,3.7770613049307005,4,reference_validation,LONG,600,300,360,0.85,0.2,0.35,0.0,28,14,5,LONG|E0600|R300|X360|F0.85|T0.20|S0.35,10:00,F85,True
62,37,0.5967741935483871,1.1673379667918682,0.3265554425947097,20.246437440872,4,development,LONG,960,300,360,0.85,0.2,0.35,0.0,37,11,14,LONG|E0960|R300|X360|F0.85|T0.20|S0.35,16:00,F85,True
64,40,0.625,1.723949758546797,1.2462963837748202,79.7629685615885,6,external,LONG,960,300,360,0.85,0.2,0.35,0.0,31,5,28,LONG|E0960|R300|X360|F0.85|T0.20|S0.35,16:00,F85,True
35,19,0.5428571428571428,1.1820983041019337,0.40659578339714914,14.23085241890022,5,reference_validation,LONG,960,300,360,0.85,0.2,0.35,0.0,16,6,13,LONG|E0960|R300|X360|F0.85|T0.20|S0.35,16:00,F85,True
58,34,0.5862068965517241,1.2799315404348925,0.40664505351940666,23.585413104125585,4,development,LONG,300,300,360,0.8,0.2,0.35,0.0,26,10,22,LONG|E0300|R300|X360|F0.80|T0.20|S0.35,05:00,F80,True
36,20,0.5555555555555556,1.726844398049505,1.0893252170890515,39.21570781520585,4,external,LONG,300,300,360,0.8,0.2,0.35,0.0,16,5,15,LONG|E0300|R300|X360|F0.80|T0.20|S0.35,05:00,F80,True
28,19,0.6785714285714286,1.3805371242692166,0.5255541519481675,14.715516254548689,2,reference_validation,LONG,300,300,360,0.8,0.2,0.35,0.0,13,6,9,LONG|E0300|R300|X360|F0.80|T0.20|S0.35,05:00,F80,True
96,65,0.6770833333333334,1.4282982962186561,0.5687449264738577,54.59951294149033,4,development,LONG,540,300,360,0.8,0.2,0.35,0.0,61,24,11,LONG|E0540|R300|X360|F0.80|T0.20|S0.35,09:00,F80,True
56,35,0.625,1.2561181483929513,0.7281328245844867,40.77543817673126,3,external,LONG,540,300,360,0.8,0.2,0.35,0.0,34,19,3,LONG|E0540|R300|X360|F0.80|T0.20|S0.35,09:00,F80,True
35,26,0.7428571428571429,1.9234435897636635,1.022271287992519,35.77949507973817,3,reference_validation,LONG,540,300,360,0.8,0.2,0.35,0.0,22,8,5,LONG|E0540|R300|X360|F0.80|T0.20|S0.35,09:00,F80,True
102,66,0.6470588235294118,1.156075008105299,0.22467438584557003,22.916787356248143,5,development,LONG,600,300,360,0.8,0.2,0.35,0.0,62,31,9,LONG|E0600|R300|X360|F0.80|T0.20|S0.35,10:00,F80,True
43,30,0.6976744186046512,1.6280357232884552,1.2175167094680508,52.353218507126186,3,external,LONG,600,300,360,0.8,0.2,0.35,0.0,29,10,4,LONG|E0600|R300|X360|F0.80|T0.20|S0.35,10:00,F80,True
46,27,0.5869565217391305,1.1343716552883618,0.26518928598862124,12.198707155476578,4,reference_validation,LONG,600,300,360,0.8,0.2,0.35,0.0,26,16,4,LONG|E0600|R300|X360|F0.80|T0.20|S0.35,10:00,F80,True
58,33,0.5689655172413793,0.8075197734833522,-0.5186046626490338,-30.079070433643963,4,development,LONG,960,300,360,0.8,0.2,0.35,0.0,31,15,12,LONG|E0960|R300|X360|F0.80|T0.20|S0.35,16:00,F80,False
57,32,0.5614035087719298,1.690553569219084,1.2557933403775827,71.58022040152221,6,external,LONG,960,300,360,0.8,0.2,0.35,0.0,25,7,25,LONG|E0960|R300|X360|F0.80|T0.20|S0.35,16:00,F80,True
28,14,0.5,1.0202301491429129,0.047056282714305335,1.3175759160005494,5,reference_validation,LONG,960,300,360,0.8,0.2,0.35,0.0,11,6,11,LONG|E0960|R300|X360|F0.80|T0.20|S0.35,16:00,F80,True
52,31,0.5961538461538461,1.2218881439014455,0.34061305241436546,17.711878725547002,4,development,LONG,300,300,360,0.75,0.2,0.35,0.0,21,11,20,LONG|E0300|R300|X360|F0.75|T0.20|S0.35,05:00,F75,True
29,17,0.5862068965517241,2.2228128506998805,1.46945006345938,42.61405184032202,4,external,LONG,300,300,360,0.75,0.2,0.35,0.0,12,5,12,LONG|E0300|R300|X360|F0.75|T0.20|S0.35,05:00,F75,True
24,15,0.625,1.4006730759638344,0.5596397361465562,13.431353667517348,2,reference_validation,LONG,300,300,360,0.75,0.2,0.35,0.0,9,6,9,LONG|E0300|R300|X360|F0.75|T0.20|S0.35,05:00,F75,True
89,58,0.651685393258427,1.6067098306668952,0.7606313746613463,67.69619234485982,4,development,LONG,540,300,360,0.75,0.2,0.35,0.0,54,24,11,LONG|E0540|R300|X360|F0.75|T0.20|S0.35,09:00,F75,True
51,32,0.6274509803921569,1.4653513771853537,1.255760732434324,64.04379735415053,3,external,LONG,540,300,360,0.75,0.2,0.35,0.0,30,18,3,LONG|E0540|R300|X360|F0.75|T0.20|S0.35,09:00,F75,True
31,21,0.6774193548387096,1.7045069520041645,0.8730136199098102,27.063422217204117,2,reference_validation,LONG,540,300,360,0.75,0.2,0.35,0.0,17,9,5,LONG|E0540|R300|X360|F0.75|T0.20|S0.35,09:00,F75,True
97,61,0.6288659793814433,1.3547250890299938,0.4814614407513751,46.70175975288338,5,development,LONG,600,300,360,0.75,0.2,0.35,0.0,56,32,9,LONG|E0600|R300|X360|F0.75|T0.20|S0.35,10:00,F75,True
38,26,0.6842105263157895,1.8279197086338235,1.574808354543896,59.84271747266805,3,external,LONG,600,300,360,0.75,0.2,0.35,0.0,24,10,4,LONG|E0600|R300|X360|F0.75|T0.20|S0.35,10:00,F75,True
41,24,0.5853658536585366,1.4393644576787812,0.7522754705144936,30.84329429109424,4,reference_validation,LONG,600,300,360,0.75,0.2,0.35,0.0,22,15,4,LONG|E0600|R300|X360|F0.75|T0.20|S0.35,10:00,F75,True
50,27,0.54,0.9499778880004941,-0.12821429206592452,-6.410714603296226,4,development,LONG,960,300,360,0.75,0.2,0.35,0.0,25,14,11,LONG|E0960|R300|X360|F0.75|T0.20|S0.35,16:00,F75,False
49,30,0.6122448979591837,1.592027833029786,1.07845730231457,52.84440781341393,7,external,LONG,960,300,360,0.75,0.2,0.35,0.0,19,8,22,LONG|E0960|R300|X360|F0.75|T0.20|S0.35,16:00,F75,True
24,13,0.5416666666666666,1.0338634789104435,0.08850773170997162,2.1241855610393188,5,reference_validation,LONG,960,300,360,0.75,0.2,0.35,0.0,9,7,8,LONG|E0960|R300|X360|F0.75|T0.20|S0.35,16:00,F75,True
43,22,0.5116279069767442,1.0376692309817972,0.059367782337387265,2.5528146405076524,4,development,LONG,300,300,360,0.7,0.2,0.35,0.0,15,11,17,LONG|E0300|R300|X360|F0.70|T0.20|S0.35,05:00,F70,False
24,15,0.625,1.8412186736752796,0.9798862164153522,23.517269193968453,1,external,LONG,300,300,360,0.7,0.2,0.35,0.0,8,5,11,LONG|E0300|R300|X360|F0.70|T0.20|S0.35,05:00,F70,True
20,12,0.6,1.391185998923527,0.5553515534823502,11.107031069647004,3,reference_validation,LONG,300,300,360,0.7,0.2,0.35,0.0,6,6,8,LONG|E0300|R300|X360|F0.70|T0.20|S0.35,05:00,F70,True
77,51,0.6623376623376623,1.7394472621052874,0.8866546710148663,68.2724096681447,4,development,LONG,540,300,360,0.7,0.2,0.35,0.0,44,22,11,LONG|E0540|R300|X360|F0.70|T0.20|S0.35,09:00,F70,True
47,28,0.5957446808510638,1.7495854444115666,1.9065431380398323,89.60752748787212,2,external,LONG,540,300,360,0.7,0.2,0.35,0.0,27,18,2,LONG|E0540|R300|X360|F0.70|T0.20|S0.35,09:00,F70,True
26,16,0.6153846153846154,1.767211663164702,0.9273467509832055,24.111015525563342,2,reference_validation,LONG,540,300,360,0.7,0.2,0.35,0.0,11,9,6,LONG|E0540|R300|X360|F0.70|T0.20|S0.35,09:00,F70,True
89,53,0.5955056179775281,1.4773165124647079,0.6304499632045337,56.1100467252035,5,development,LONG,600,300,360,0.7,0.2,0.35,0.0,50,32,7,LONG|E0600|R300|X360|F0.70|T0.20|S0.35,10:00,F70,True
33,21,0.6363636363636364,1.65211876314935,1.2791828026996266,42.21303248908768,3,external,LONG,600,300,360,0.7,0.2,0.35,0.0,20,10,3,LONG|E0600|R300|X360|F0.70|T0.20|S0.35,10:00,F70,True
37,21,0.5675675675675675,1.6460464169982734,1.1015839659040862,40.75860673845119,4,reference_validation,LONG,600,300,360,0.7,0.2,0.35,0.0,19,15,3,LONG|E0600|R300|X360|F0.70|T0.20|S0.35,10:00,F70,True
42,23,0.5476190476190477,0.854729282483208,-0.3761547499826851,-15.798499499272776,5,development,LONG,960,300,360,0.7,0.2,0.35,0.0,19,14,9,LONG|E0960|R300|X360|F0.70|T0.20|S0.35,16:00,F70,False
45,29,0.6444444444444445,1.9733387036032288,1.612177990013117,72.54800955059027,6,external,LONG,960,300,360,0.7,0.2,0.35,0.0,17,8,20,LONG|E0960|R300|X360|F0.70|T0.20|S0.35,16:00,F70,True
19,8,0.42105263157894735,0.7680749546468463,-0.7223320978982198,-13.724309860066176,5,reference_validation,LONG,960,300,360,0.7,0.2,0.35,0.0,5,8,6,LONG|E0960|R300|X360|F0.70|T0.20|S0.35,16:00,F70,False
41,23,0.5609756097560976,1.0750847615034607,0.11508204552721887,4.718363866615974,3,development,LONG,300,300,360,0.65,0.2,0.35,0.0,12,13,16,LONG|E0300|R300|X360|F0.65|T0.20|S0.35,05:00,F65,False
18,14,0.7777777777777778,3.6450715240677596,1.918800605863696,34.53841090554653,1,external,LONG,300,300,360,0.65,0.2,0.35,0.0,6,3,9,LONG|E0300|R300|X360|F0.65|T0.20|S0.35,05:00,F65,True
16,8,0.5,1.3846496681712221,0.5693434236579673,9.109494778527477,3,reference_validation,LONG,300,300,360,0.65,0.2,0.35,0.0,4,6,6,LONG|E0300|R300|X360|F0.65|T0.20|S0.35,05:00,F65,True
74,48,0.6486486486486487,1.978791747099094,1.1473933676994832,84.90710920976176,4,development,LONG,540,300,360,0.65,0.2,0.35,0.0,40,23,11,LONG|E0540|R300|X360|F0.65|T0.20|S0.35,09:00,F65,True
39,19,0.48717948717948717,0.8730422064178127,-0.3778999628777908,-14.738098552233842,4,external,LONG,540,300,360,0.65,0.2,0.35,0.0,17,20,2,LONG|E0540|R300|X360|F0.65|T0.20|S0.35,09:00,F65,False
22,13,0.5909090909090909,1.8788366808477792,1.1027395769706236,24.260270693353718,2,reference_validation,LONG,540,300,360,0.65,0.2,0.35,0.0,8,9,5,LONG|E0540|R300|X360|F0.65|T0.20|S0.35,09:00,F65,True
81,46,0.5679012345679012,1.6013073145347643,0.7453718177773018,60.37511723996145,5,development,LONG,600,300,360,0.65,0.2,0.35,0.0,43,32,6,LONG|E0600|R300|X360|F0.65|T0.20|S0.35,10:00,F65,True
24,12,0.5,1.0751293566508875,0.18037145300363297,4.328914872087191,3,external,LONG,600,300,360,0.65,0.2,0.35,0.0,12,10,2,LONG|E0600|R300|X360|F0.65|T0.20|S0.35,10:00,F65,True
32,16,0.5,1.6596331203386707,1.1704055488061278,37.45297756179609,5,reference_validation,LONG,600,300,360,0.65,0.2,0.35,0.0,14,16,2,LONG|E0600|R300|X360|F0.65|T0.20|S0.35,10:00,F65,True
41,25,0.6097560975609756,1.0584567854085316,0.13419451616240385,5.501975162658558,5,development,LONG,960,300,360,0.65,0.2,0.35,0.0,18,14,9,LONG|E0960|R300|X360|F0.65|T0.20|S0.35,16:00,F65,False
42,28,0.6666666666666666,2.5815951027212893,2.3884348776260502,100.3142648602941,6,external,LONG,960,300,360,0.65,0.2,0.35,0.0,16,8,18,LONG|E0960|R300|X360|F0.65|T0.20|S0.35,16:00,F65,True
16,6,0.375,0.42854428743565665,-1.860733297390649,-29.771732758250383,5,reference_validation,LONG,960,300,360,0.65,0.2,0.35,0.0,3,8,5,LONG|E0960|R300|X360|F0.65|T0.20|S0.35,16:00,F65,False
35,17,0.4857142857142857,0.9500419507680242,-0.08186190134300987,-2.8651665470053453,3,development,LONG,300,300,360,0.6,0.2,0.35,0.0,8,14,13,LONG|E0300|R300|X360|F0.60|T0.20|S0.35,05:00,F60,False
13,10,0.7692307692307693,4.669650039798697,2.7008342527408806,35.11084528563145,1,external,LONG,300,300,360,0.6,0.2,0.35,0.0,6,3,4,LONG|E0300|R300|X360|F0.60|T0.20|S0.35,05:00,F60,False
15,8,0.5333333333333333,1.6391708518911048,0.813422564067283,12.201338461009245,3,reference_validation,LONG,300,300,360,0.6,0.2,0.35,0.0,3,6,6,LONG|E0300|R300|X360|F0.60|T0.20|S0.35,05:00,F60,True
65,42,0.6461538461538462,2.465010862683387,1.5910188667246452,103.41622633710193,5,development,LONG,540,300,360,0.6,0.2,0.35,0.0,34,21,10,LONG|E0540|R300|X360|F0.60|T0.20|S0.35,09:00,F60,True
36,16,0.4444444444444444,0.9216480550487652,-0.22536828822177046,-8.113258375983737,4,external,LONG,540,300,360,0.6,0.2,0.35,0.0,14,20,2,LONG|E0540|R300|X360|F0.60|T0.20|S0.35,09:00,F60,False
20,11,0.55,2.2859705818922427,1.5469437120442218,30.938874240884434,2,reference_validation,LONG,540,300,360,0.6,0.2,0.35,0.0,6,9,5,LONG|E0540|R300|X360|F0.60|T0.20|S0.35,09:00,F60,True
73,40,0.547945205479452,1.8756233425540294,1.011433512194997,73.8346463902348,5,development,LONG,600,300,360,0.6,0.2,0.35,0.0,37,31,5,LONG|E0600|R300|X360|F0.60|T0.20|S0.35,10:00,F60,True
19,9,0.47368421052631576,1.0216723489557764,0.05178989092109756,0.9840079275008535,3,external,LONG,600,300,360,0.6,0.2,0.35,0.0,8,9,2,LONG|E0600|R300|X360|F0.60|T0.20|S0.35,10:00,F60,True
30,14,0.4666666666666667,1.9505933005074256,1.5852548354853655,47.557645064560965,5,reference_validation,LONG,600,300,360,0.6,0.2,0.35,0.0,12,16,2,LONG|E0600|R300|X360|F0.60|T0.20|S0.35,10:00,F60,True
36,20,0.5555555555555556,0.9590286653760357,-0.10410898039320375,-3.747923294155335,5,development,LONG,960,300,360,0.6,0.2,0.35,0.0,13,16,7,LONG|E0960|R300|X360|F0.60|T0.20|S0.35,16:00,F60,False
34,24,0.7058823529411765,3.399910674638226,2.9735648520939386,101.10120497119391,4,external,LONG,960,300,360,0.6,0.2,0.35,0.0,12,6,16,LONG|E0960|R300|X360|F0.60|T0.20|S0.35,16:00,F60,True
15,5,0.3333333333333333,0.5619333928450886,-1.3219643054412253,-19.82946458161838,5,reference_validation,LONG,960,300,360,0.6,0.2,0.35,0.0,3,8,4,LONG|E0960|R300|X360|F0.60|T0.20|S0.35,16:00,F60,False
