partition,date_utc,signal_ts,cohort,entry_ts,entry_px,H,L,range,h2_bar_start,session_end,fixed_exit_ts,fixed_exit_px,fixed_exit_reason,fixed_net_pnl_usd,hybrid_exit_ts,hybrid_exit_px,hybrid_exit_reason,hybrid_net_pnl_usd,e10_reached,e10_activation_bar_start,e10_activation_ts,final_floor,final_floor_extension,floor_updates,realized_exit_extension,hybrid_hold_minutes,regime_at_signal,regime_available_ts
august,2026-08-13,2026-08-13 14:40:00+00:00,SAME_BAR_REJECTION,2026-08-13 15:10:00+00:00,1890.85,1896.19,1874.43,21.75999999999999,,2026-08-13 20:00:00+00:00,2026-08-13 16:40:00+00:00,1869.17,CLOSE_INVALIDATION_F15,-6.132871459925404,2026-08-13 16:40:00+00:00,1869.17,PRE_E10_CLOSE_INVALIDATION_F15,-6.132871459925404,False,,,,,0,-1.2417279411764703,90.0,BEAR,2026-08-13 12:00:00+00:00
august,2026-08-20,2026-08-20 15:35:00+00:00,SAME_BAR_REJECTION,2026-08-20 15:45:00+00:00,2302.46,2318.78,2248.84,69.94000000000005,2026-08-20 15:45:00+00:00,2026-08-20 20:00:00+00:00,2026-08-20 15:50:00+00:00,2325.7740000000003,TP_E10,4.662845825768991,2026-08-20 16:00:00+00:00,2325.7740000000003,ACTIVE_FLOOR_TOUCH,4.662845825768991,True,2026-08-20 15:50:00+00:00,2026-08-20 15:55:00+00:00,2325.7740000000003,0.1000000000000019,0,0.1000000000000019,15.0,BULL,2026-08-20 12:00:00+00:00
development,2022-03-03,2022-03-03 14:05:00+00:00,SAME_BAR_REJECTION,2022-03-03 14:15:00+00:00,2922.69,2934.48,2877.35,57.13000000000011,,2022-03-03 20:00:00+00:00,2022-03-03 14:50:00+00:00,2883.28,CLOSE_INVALIDATION_F15,-7.142076648566853,2022-03-03 14:50:00+00:00,2883.28,PRE_E10_CLOSE_INVALIDATION_F15,-7.142076648566853,False,,,,,0,-0.8962016453702034,35.0,BULL,2022-03-03 12:00:00+00:00
development,2022-03-22,2022-03-22 14:40:00+00:00,SAME_BAR_REJECTION,2022-03-22 15:20:00+00:00,3017.13,3027.92,2984.71,43.21000000000004,,2022-03-22 20:00:00+00:00,2022-03-22 20:00:00+00:00,2982.71,CLOSE_INVALIDATION_F15,-6.10409627692542,2022-03-22 20:00:00+00:00,2982.71,PRE_E10_CLOSE_INVALIDATION_F15,-6.10409627692542,False,,,,,0,-1.046285582041194,280.0,BULL,2022-03-22 12:00:00+00:00
development,2022-06-28,2022-06-28 13:35:00+00:00,SAME_BAR_REJECTION,2022-06-28 13:50:00+00:00,1228.94,1234.0,1203.32,30.680000000000064,,2022-06-28 20:00:00+00:00,2022-06-28 14:35:00+00:00,1200.87,CLOSE_INVALIDATION_F15,-11.82041108597658,2022-06-28 14:35:00+00:00,1200.87,PRE_E10_CLOSE_INVALIDATION_F15,-11.82041108597658,False,,,,,0,-1.0798565840938736,45.0,BULL,2022-06-28 12:00:00+00:00
development,2022-07-28,2022-07-28 13:35:00+00:00,SAME_BAR_REJECTION,2022-07-28 14:50:00+00:00,1647.84,1659.0,1595.0,64.0,2022-07-28 15:15:00+00:00,2022-07-28 20:00:00+00:00,2022-07-28 15:20:00+00:00,1665.4,TP_E10,4.928187202641055,2022-07-28 18:05:00+00:00,1737.0,ACTIVE_FLOOR_TOUCH,26.65359743664437,True,2022-07-28 15:20:00+00:00,2022-07-28 15:25:00+00:00,1737.0,1.21875,6,1.21875,195.0,BULL,2022-07-28 12:00:00+00:00
development,2022-09-02,2022-09-02 14:40:00+00:00,SAME_BAR_REJECTION,2022-09-02 15:45:00+00:00,1630.65,1644.8,1581.33,63.47000000000003,,2022-09-02 20:00:00+00:00,2022-09-02 17:50:00+00:00,1586.18,CLOSE_INVALIDATION_F15,-14.03566675865452,2022-09-02 17:50:00+00:00,1586.18,PRE_E10_CLOSE_INVALIDATION_F15,-14.03566675865452,False,,,,,0,-0.9235859461162732,125.0,BULL,2022-09-02 12:00:00+00:00
development,2022-09-08,2022-09-08 13:45:00+00:00,SAME_BAR_REJECTION,2022-09-08 14:00:00+00:00,1634.26,1646.6,1597.0,49.59999999999991,2022-09-08 15:05:00+00:00,2022-09-08 20:00:00+00:00,2022-09-08 15:05:00+00:00,1651.56,TP_E10,4.892915447970281,2022-09-08 15:10:00+00:00,1645.91,ACTIVE_FLOOR_GAP_OPEN,3.164304333459778,True,2022-09-08 15:05:00+00:00,2022-09-08 15:10:00+00:00,1651.56,0.1000000000000009,0,-0.0139112903225771,70.0,BULL,2022-09-08 12:00:00+00:00
development,2022-10-06,2022-10-06 13:45:00+00:00,SAME_BAR_REJECTION,2022-10-06 13:55:00+00:00,1372.1,1378.0,1354.0,24.0,,2022-10-06 20:00:00+00:00,2022-10-06 14:05:00+00:00,1355.29,CLOSE_INVALIDATION_F15,-6.525646818744946,2022-10-06 14:05:00+00:00,1355.29,PRE_E10_CLOSE_INVALIDATION_F15,-6.525646818744946,False,,,,,0,-0.9462500000000016,10.0,BULL,2022-10-06 12:00:00+00:00
development,2022-11-30,2022-11-30 16:45:00+00:00,SAME_BAR_REJECTION,2022-11-30 16:55:00+00:00,1272.01,1276.93,1253.37,23.560000000000173,2022-11-30 18:30:00+00:00,2022-11-30 20:00:00+00:00,2022-11-30 18:35:00+00:00,1279.286,TP_E10,2.460040408487419,2022-11-30 18:45:00+00:00,1279.286,ACTIVE_FLOOR_TOUCH,2.460040408487419,True,2022-11-30 18:35:00+00:00,2022-11-30 18:40:00+00:00,1279.286,0.099999999999999,0,0.099999999999999,110.0,BULL,2022-11-30 16:00:00+00:00
development,2022-12-29,2022-12-29 13:35:00+00:00,SAME_BAR_REJECTION,2022-12-29 13:55:00+00:00,1200.52,1203.85,1189.58,14.269999999999982,2022-12-29 14:30:00+00:00,2022-12-29 20:00:00+00:00,2022-12-29 15:05:00+00:00,1205.2769999999998,TP_E10,1.5812248025854465,2022-12-29 15:10:00+00:00,1205.05,ACTIVE_FLOOR_GAP_OPEN,1.4866824376103651,True,2022-12-29 15:05:00+00:00,2022-12-29 15:10:00+00:00,1205.2769999999998,0.0999999999999936,0,0.0840925017519304,75.0,BEAR,2022-12-29 12:00:00+00:00
development,2023-04-27,2023-04-27 14:05:00+00:00,SAME_BAR_REJECTION,2023-04-27 14:15:00+00:00,1890.15,1895.0,1858.55,36.450000000000045,2023-04-27 15:20:00+00:00,2023-04-27 20:00:00+00:00,2023-04-27 15:20:00+00:00,1898.645,TP_E10,1.847176150040997,2023-04-27 15:30:00+00:00,1898.645,ACTIVE_FLOOR_TOUCH,1.847176150040997,True,2023-04-27 15:20:00+00:00,2023-04-27 15:25:00+00:00,1898.645,0.0999999999999993,0,0.0999999999999993,75.0,BULL,2023-04-27 12:00:00+00:00
development,2023-05-12,2023-05-12 13:35:00+00:00,SAME_BAR_REJECTION,2023-05-12 13:45:00+00:00,1773.91,1776.68,1754.26,22.42000000000008,2023-05-12 14:10:00+00:00,2023-05-12 20:00:00+00:00,2023-05-12 14:10:00+00:00,1778.922,TP_E10,1.0126985021787331,2023-05-12 14:20:00+00:00,1778.922,ACTIVE_FLOOR_TOUCH,1.0126985021787331,True,2023-05-12 14:10:00+00:00,2023-05-12 14:15:00+00:00,1778.922,0.0999999999999979,0,0.0999999999999979,35.0,BEAR,2023-05-12 12:00:00+00:00
development,2023-05-26,2023-05-26 13:40:00+00:00,SAME_BAR_REJECTION,2023-05-26 14:00:00+00:00,1822.4,1826.0,1807.81,18.19000000000005,2023-05-26 14:00:00+00:00,2023-05-26 20:00:00+00:00,2023-05-26 14:25:00+00:00,1827.819,TP_E10,1.0867756804214372,2023-05-26 14:55:00+00:00,1828.02,ACTIVE_FLOOR_TOUCH,1.1419227392449165,True,2023-05-26 14:25:00+00:00,2023-05-26 14:30:00+00:00,1828.02,0.1110500274876292,1,0.1110500274876292,55.0,SIDEWAYS,2023-05-26 12:00:00+00:00
development,2023-06-21,2023-06-21 14:00:00+00:00,SAME_BAR_REJECTION,2023-06-21 14:25:00+00:00,1831.5,1839.0,1806.58,32.42000000000007,2023-06-21 14:25:00+00:00,2023-06-21 20:00:00+00:00,2023-06-21 14:25:00+00:00,1842.242,TP_E10,2.53256893256888,2023-06-21 14:30:00+00:00,1840.66,ACTIVE_FLOOR_GAP_OPEN,2.100682500682472,True,2023-06-21 14:25:00+00:00,2023-06-21 14:30:00+00:00,1842.242,0.0999999999999986,0,0.0512029611351042,5.0,BULL,2023-06-21 12:00:00+00:00
development,2023-07-14,2023-07-14 15:35:00+00:00,SAME_BAR_REJECTION,2023-07-14 15:45:00+00:00,1999.54,2004.0,1984.07,19.930000000000064,,2023-07-14 20:00:00+00:00,2023-07-14 17:05:00+00:00,1985.8,CLOSE_INVALIDATION_F15,-3.835790231753333,2023-07-14 17:05:00+00:00,1985.8,PRE_E10_CLOSE_INVALIDATION_F15,-3.835790231753333,False,,,,,0,-0.9131961866532858,80.0,BULL,2023-07-14 12:00:00+00:00
development,2023-08-03,2023-08-03 13:40:00+00:00,SAME_BAR_REJECTION,2023-08-03 13:50:00+00:00,1837.14,1838.5,1825.0,13.5,2023-08-03 13:55:00+00:00,2023-08-03 20:00:00+00:00,2023-08-03 14:00:00+00:00,1839.85,TP_E10,0.3375594674330354,2023-08-03 14:10:00+00:00,1839.85,ACTIVE_FLOOR_TOUCH,0.3375594674330354,True,2023-08-03 14:00:00+00:00,2023-08-03 14:05:00+00:00,1839.85,0.0999999999999932,0,0.0999999999999932,20.0,BEAR,2023-08-03 12:00:00+00:00
development,2023-09-14,2023-09-14 15:00:00+00:00,SAME_BAR_REJECTION,2023-09-14 15:25:00+00:00,1631.26,1635.8,1615.85,19.950000000000045,2023-09-14 17:05:00+00:00,2023-09-14 20:00:00+00:00,2023-09-14 18:00:00+00:00,1637.795,TP_E10,1.603052854848475,2023-09-14 18:05:00+00:00,1637.12,ACTIVE_FLOOR_GAP_OPEN,1.3961575714477985,True,2023-09-14 18:00:00+00:00,2023-09-14 18:05:00+00:00,1637.795,0.1000000000000057,0,0.0661654135338312,160.0,BULL,2023-09-14 12:00:00+00:00
development,2023-10-05,2023-10-05 13:40:00+00:00,SAME_BAR_REJECTION,2023-10-05 14:20:00+00:00,1645.18,1648.43,1630.5,17.930000000000064,,2023-10-05 20:00:00+00:00,2023-10-05 15:05:00+00:00,1627.36,CLOSE_INVALIDATION_F15,-5.815820761254131,2023-10-05 15:05:00+00:00,1627.36,PRE_E10_CLOSE_INVALIDATION_F15,-5.815820761254131,False,,,,,0,-1.1751254880089286,45.0,BEAR,2023-10-05 12:00:00+00:00
development,2023-11-15,2023-11-15 16:05:00+00:00,SAME_BAR_REJECTION,2023-11-15 16:25:00+00:00,2015.6,2024.68,1982.01,42.67000000000007,2023-11-15 18:10:00+00:00,2023-11-15 20:00:00+00:00,2023-11-15 18:10:00+00:00,2028.947,TP_E10,2.91092478666406,2023-11-15 18:25:00+00:00,2028.947,ACTIVE_FLOOR_TOUCH,2.91092478666406,True,2023-11-15 18:10:00+00:00,2023-11-15 18:15:00+00:00,2028.947,0.100000000000001,0,0.100000000000001,120.0,BEAR,2023-11-15 16:00:00+00:00
development,2023-11-24,2023-11-24 15:45:00+00:00,SAME_BAR_REJECTION,2023-11-24 16:00:00+00:00,2117.45,2129.96,2075.14,54.82000000000016,,2023-11-24 20:00:00+00:00,2023-11-24 19:10:00+00:00,2081.99,CLOSE_INVALIDATION_F15,-8.773279180145964,2023-11-24 19:10:00+00:00,2081.99,PRE_E10_CLOSE_INVALIDATION_F15,-8.773279180145964,False,,,,,0,-0.8750456037942378,190.0,BULL,2023-11-24 12:00:00+00:00
development,2023-12-26,2023-12-26 13:45:00+00:00,SAME_BAR_REJECTION,2023-12-26 14:10:00+00:00,2244.21,2251.21,2216.86,34.34999999999991,2023-12-26 14:25:00+00:00,2023-12-26 20:00:00+00:00,2023-12-26 16:25:00+00:00,2221.62,CLOSE_INVALIDATION_F15,-5.432951461761637,2023-12-26 16:25:00+00:00,2221.62,PRE_E10_CLOSE_INVALIDATION_F15,-5.432951461761637,False,,,,,0,-0.8614264919941841,135.0,BEAR,2023-12-26 12:00:00+00:00
development,2024-01-15,2024-01-15 13:55:00+00:00,SAME_BAR_REJECTION,2024-01-15 14:05:00+00:00,2538.78,2548.8,2507.93,40.870000000000346,2024-01-15 18:30:00+00:00,2024-01-15 20:00:00+00:00,2024-01-15 14:55:00+00:00,2511.69,CLOSE_INVALIDATION_F15,-5.735239760830058,2024-01-15 14:55:00+00:00,2511.69,PRE_E10_CLOSE_INVALIDATION_F15,-5.735239760830058,False,,,,,0,-0.908000978712988,50.0,SIDEWAYS,2024-01-15 12:00:00+00:00
development,2024-02-15,2024-02-15 14:00:00+00:00,SAME_BAR_REJECTION,2024-02-15 14:10:00+00:00,2809.07,2816.13,2770.02,46.11000000000013,2024-02-15 14:10:00+00:00,2024-02-15 20:00:00+00:00,2024-02-15 14:15:00+00:00,2820.741,TP_E10,1.6773779222305056,2024-02-15 14:20:00+00:00,2815.05,ACTIVE_FLOOR_GAP_OPEN,0.6644092172854558,True,2024-02-15 14:15:00+00:00,2024-02-15 14:20:00+00:00,2820.741,0.099999999999997,0,-0.02342225113858,10.0,BULL,2024-02-15 12:00:00+00:00
development,2024-03-28,2024-03-28 13:35:00+00:00,SAME_BAR_REJECTION,2024-03-28 14:05:00+00:00,3593.28,3597.61,3554.95,42.66000000000031,2024-03-28 14:05:00+00:00,2024-03-28 20:00:00+00:00,2024-03-28 14:05:00+00:00,3601.876,TP_E10,0.7961216493009408,2024-03-28 14:10:00+00:00,3593.8,ACTIVE_FLOOR_GAP_OPEN,-0.327642710838005,True,2024-03-28 14:05:00+00:00,2024-03-28 14:10:00+00:00,3601.876,0.100000000000001,0,-0.089310829817157,5.0,BULL,2024-03-28 12:00:00+00:00
development,2024-04-04,2024-04-04 14:10:00+00:00,SAME_BAR_REJECTION,2024-04-04 14:30:00+00:00,3370.19,3383.0,3320.91,62.09000000000015,2024-04-04 14:40:00+00:00,2024-04-04 20:00:00+00:00,2024-04-04 14:40:00+00:00,3389.209,TP_E10,2.421651004839443,2024-04-04 14:45:00+00:00,3388.53,ACTIVE_FLOOR_GAP_OPEN,2.320914844563716,True,2024-04-04 14:40:00+00:00,2024-04-04 14:45:00+00:00,3389.209,0.099999999999997,0,0.089064261555809,15.0,BEAR,2024-04-04 12:00:00+00:00
development,2024-04-10,2024-04-10 17:25:00+00:00,SAME_BAR_REJECTION,2024-04-10 18:05:00+00:00,3512.13,3543.94,3413.2,130.74000000000024,,2024-04-10 20:00:00+00:00,2024-04-10 20:00:00+00:00,3523.99,TIME_EXIT_SESSION_END,1.2884340841597512,2024-04-10 20:00:00+00:00,3523.99,PRE_E10_TIME_EXIT,1.2884340841597512,False,,,,,0,-0.1525929325378632,115.0,SIDEWAYS,2024-04-10 16:00:00+00:00
development,2024-05-21,2024-05-21 13:50:00+00:00,SAME_BAR_REJECTION,2024-05-21 14:10:00+00:00,3788.16,3830.53,3651.59,178.94000000000003,2024-05-21 14:35:00+00:00,2024-05-21 20:00:00+00:00,2024-05-21 16:30:00+00:00,3848.424,TP_E10,7.554257475925041,2024-05-21 16:35:00+00:00,3823.82,ACTIVE_FLOOR_GAP_OPEN,4.30677056935298,True,2024-05-21 16:30:00+00:00,2024-05-21 16:35:00+00:00,3848.424,0.0999999999999987,0,-0.0374986028836483,145.0,BULL,2024-05-21 12:00:00+00:00
development,2024-05-22,2024-05-22 16:15:00+00:00,SAME_BAR_REJECTION,2024-05-22 16:40:00+00:00,3752.56,3782.34,3655.0,127.34000000000016,2024-05-22 17:15:00+00:00,2024-05-22 20:00:00+00:00,2024-05-22 17:15:00+00:00,3795.074,TP_E10,5.264666254503569,2024-05-22 17:20:00+00:00,3776.07,ACTIVE_FLOOR_GAP_OPEN,2.7325281940861594,True,2024-05-22 17:15:00+00:00,2024-05-22 17:20:00+00:00,3795.074,0.0999999999999992,0,-0.0492382597769748,40.0,BULL,2024-05-22 16:00:00+00:00
development,2024-08-12,2024-08-12 13:40:00+00:00,SAME_BAR_REJECTION,2024-08-12 14:15:00+00:00,2671.01,2698.85,2556.62,142.23000000000002,2024-08-12 14:35:00+00:00,2024-08-12 20:00:00+00:00,2024-08-12 14:35:00+00:00,2713.073,TP_E10,7.473987742464394,2024-08-12 14:40:00+00:00,2706.79,ACTIVE_FLOOR_GAP_OPEN,6.29784089164771,True,2024-08-12 14:35:00+00:00,2024-08-12 14:40:00+00:00,2713.073,0.0999999999999996,0,0.0558250720663717,25.0,BULL,2024-08-12 12:00:00+00:00
development,2024-08-15,2024-08-15 13:40:00+00:00,SAME_BAR_REJECTION,2024-08-15 13:50:00+00:00,2653.91,2666.65,2604.29,62.36000000000013,2024-08-15 14:00:00+00:00,2024-08-15 20:00:00+00:00,2024-08-15 15:50:00+00:00,2672.886,TP_E10,3.175102396087271,2024-08-15 15:55:00+00:00,2670.43,ACTIVE_FLOOR_GAP_OPEN,2.7123888903542563,True,2024-08-15 15:50:00+00:00,2024-08-15 15:55:00+00:00,2672.886,0.0999999999999978,0,0.0606157793457302,125.0,BEAR,2024-08-15 12:00:00+00:00
development,2024-11-21,2024-11-21 14:10:00+00:00,SAME_BAR_REJECTION,2024-11-21 15:15:00+00:00,3323.06,3370.0,3120.14,249.86000000000013,2024-11-21 18:55:00+00:00,2024-11-21 20:00:00+00:00,2024-11-21 20:00:00+00:00,3349.99,TIME_EXIT_SESSION_END,3.651988227717796,2024-11-21 20:00:00+00:00,3349.99,PRE_E10_TIME_EXIT,3.651988227717796,False,,,,,0,-0.080084847514609,285.0,BULL,2024-11-21 12:00:00+00:00
development,2024-11-29,2024-11-29 14:05:00+00:00,SAME_BAR_REJECTION,2024-11-29 14:20:00+00:00,3603.52,3618.0,3547.58,70.42000000000007,2024-11-29 14:35:00+00:00,2024-11-29 20:00:00+00:00,2024-11-29 14:45:00+00:00,3625.042,TP_E10,2.5862467809252947,2024-11-29 14:50:00+00:00,3621.16,ACTIVE_FLOOR_GAP_OPEN,2.0476067844774186,True,2024-11-29 14:45:00+00:00,2024-11-29 14:50:00+00:00,3625.042,0.0999999999999987,0,0.044873615450154,30.0,BULL,2024-11-29 12:00:00+00:00
external,2020-02-04,2020-02-04 15:20:00+00:00,SAME_BAR_REJECTION,2020-02-04 15:35:00+00:00,187.65,188.6,184.71,3.8899999999999855,2020-02-04 15:40:00+00:00,2020-02-04 20:00:00+00:00,2020-02-04 16:00:00+00:00,188.989,TP_E10,3.167812416733318,2020-02-04 16:05:00+00:00,188.65,ACTIVE_FLOOR_GAP_OPEN,2.264535038635729,True,2020-02-04 16:00:00+00:00,2020-02-04 16:05:00+00:00,188.989,0.1000000000000029,0,0.0128534704370209,30.0,BULL,2020-02-04 12:00:00+00:00
external,2020-03-31,2020-03-31 15:20:00+00:00,SAME_BAR_REJECTION,2020-03-31 15:35:00+00:00,132.83,133.26,131.0,2.259999999999991,2020-03-31 19:50:00+00:00,2020-03-31 20:00:00+00:00,2020-03-31 19:50:00+00:00,133.486,TP_E10,2.069321689377302,2020-03-31 19:55:00+00:00,133.19,ACTIVE_FLOOR_GAP_OPEN,0.9551155612436804,True,2020-03-31 19:50:00+00:00,2020-03-31 19:55:00+00:00,133.486,0.1,0,-0.0309734513274307,260.0,BULL,2020-03-31 12:00:00+00:00
external,2020-04-21,2020-04-21 14:35:00+00:00,SAME_BAR_REJECTION,2020-04-21 14:45:00+00:00,172.26,173.36,167.92,5.440000000000026,,2020-04-21 20:00:00+00:00,2020-04-21 20:00:00+00:00,171.77,TIME_EXIT_SESSION_END,-1.8222686636479184,2020-04-21 20:00:00+00:00,171.77,PRE_E10_TIME_EXIT,-1.8222686636479184,False,,,,,0,-0.2922794117647051,315.0,SIDEWAYS,2020-04-21 12:00:00+00:00
external,2020-06-01,2020-06-01 14:50:00+00:00,SAME_BAR_REJECTION,2020-06-01 15:00:00+00:00,239.47,240.7,234.72,5.97999999999999,,2020-06-01 20:00:00+00:00,2020-06-01 20:00:00+00:00,237.77,TIME_EXIT_SESSION_END,-3.949505157222188,2020-06-01 20:00:00+00:00,237.77,PRE_E10_TIME_EXIT,-3.949505157222188,False,,,,,0,-0.4899665551839437,300.0,BULL,2020-06-01 12:00:00+00:00
external,2020-07-01,2020-07-01 13:45:00+00:00,SAME_BAR_REJECTION,2020-07-01 14:00:00+00:00,228.4,229.13,225.49,3.6399999999999855,2020-07-01 14:30:00+00:00,2020-07-01 20:00:00+00:00,2020-07-01 16:00:00+00:00,229.494,TP_E10,1.994921190893129,2020-07-01 16:05:00+00:00,228.84,ACTIVE_FLOOR_GAP_OPEN,0.5632224168125702,True,2020-07-01 16:00:00+00:00,2020-07-01 16:05:00+00:00,229.494,0.1000000000000015,0,-0.0796703296703278,125.0,BULL,2020-07-01 12:00:00+00:00
external,2020-09-25,2020-09-25 16:15:00+00:00,SAME_BAR_REJECTION,2020-09-25 16:30:00+00:00,346.21,348.67,337.5,11.170000000000016,2020-09-25 17:40:00+00:00,2020-09-25 20:00:00+00:00,2020-09-25 17:40:00+00:00,349.78700000000003,TP_E10,4.765939747552195,2020-09-25 17:50:00+00:00,349.78700000000003,ACTIVE_FLOOR_TOUCH,4.765939747552195,True,2020-09-25 17:40:00+00:00,2020-09-25 17:45:00+00:00,349.78700000000003,0.1000000000000015,0,0.1000000000000015,80.0,BULL,2020-09-25 16:00:00+00:00
external,2020-09-28,2020-09-28 17:35:00+00:00,SAME_BAR_REJECTION,2020-09-28 17:55:00+00:00,364.86,367.65,355.88,11.769999999999982,,2020-09-28 20:00:00+00:00,2020-09-28 20:00:00+00:00,363.2,TIME_EXIT_SESSION_END,-2.6748451460834484,2020-09-28 20:00:00+00:00,363.2,PRE_E10_TIME_EXIT,-2.6748451460834484,False,,,,,0,-0.3780798640611721,125.0,BULL,2020-09-28 16:00:00+00:00
external,2020-09-30,2020-09-30 13:35:00+00:00,SAME_BAR_REJECTION,2020-09-30 13:45:00+00:00,354.89,356.1,351.02,5.080000000000041,2020-09-30 14:00:00+00:00,2020-09-30 20:00:00+00:00,2020-09-30 14:05:00+00:00,356.608,TP_E10,2.020468314125568,2020-09-30 14:10:00+00:00,356.16,ACTIVE_FLOOR_GAP_OPEN,1.389286821268665,True,2020-09-30 14:05:00+00:00,2020-09-30 14:10:00+00:00,356.608,0.0999999999999955,0,0.0118110236220475,25.0,SIDEWAYS,2020-09-30 12:00:00+00:00
external,2020-11-04,2020-11-04 13:45:00+00:00,SAME_BAR_REJECTION,2020-11-04 14:05:00+00:00,382.65,384.29,376.65,7.640000000000043,2020-11-04 16:00:00+00:00,2020-11-04 20:00:00+00:00,2020-11-04 16:00:00+00:00,385.054,TP_E10,2.7412517966811216,2020-11-04 16:05:00+00:00,385.03,ACTIVE_FLOOR_GAP_OPEN,2.709891545798993,True,2020-11-04 16:00:00+00:00,2020-11-04 16:05:00+00:00,385.054,0.1000000000000007,0,0.0968586387434487,120.0,BEAR,2020-11-04 12:00:00+00:00
external,2020-11-05,2020-11-05 13:45:00+00:00,SAME_BAR_REJECTION,2020-11-05 14:05:00+00:00,409.25,411.49,395.89,15.600000000000025,2020-11-05 14:10:00+00:00,2020-11-05 20:00:00+00:00,2020-11-05 14:15:00+00:00,413.05,TP_E10,4.242638973732404,2020-11-05 14:20:00+00:00,411.2,ACTIVE_FLOOR_GAP_OPEN,1.982406841783702,True,2020-11-05 14:15:00+00:00,2020-11-05 14:20:00+00:00,413.05,0.0999999999999999,0,-0.0185897435897448,15.0,BULL,2020-11-05 12:00:00+00:00
external,2020-11-20,2020-11-20 14:15:00+00:00,SAME_BAR_REJECTION,2020-11-20 14:50:00+00:00,507.55,511.21,490.62,20.58999999999997,2020-11-20 17:35:00+00:00,2020-11-20 20:00:00+00:00,2020-11-20 17:55:00+00:00,513.269,TP_E10,5.233927691853002,2020-11-20 18:05:00+00:00,513.269,ACTIVE_FLOOR_TOUCH,5.233927691853002,True,2020-11-20 17:55:00+00:00,2020-11-20 18:00:00+00:00,513.269,0.1000000000000014,0,0.1000000000000014,195.0,BULL,2020-11-20 12:00:00+00:00
external,2021-03-05,2021-03-05 13:35:00+00:00,SAME_BAR_REJECTION,2021-03-05 13:45:00+00:00,1486.81,1497.8,1441.57,56.23000000000002,2021-03-05 14:00:00+00:00,2021-03-05 20:00:00+00:00,2021-03-05 14:15:00+00:00,1503.423,TP_E10,5.186793201552309,2021-03-05 14:40:00+00:00,1503.423,ACTIVE_FLOOR_TOUCH,5.186793201552309,True,2021-03-05 14:15:00+00:00,2021-03-05 14:20:00+00:00,1503.423,0.1000000000000008,0,0.1000000000000008,55.0,BEAR,2021-03-05 12:00:00+00:00
external,2021-03-09,2021-03-09 13:50:00+00:00,SAME_BAR_REJECTION,2021-03-09 14:15:00+00:00,1835.4,1843.6,1801.0,42.59999999999991,2021-03-09 16:00:00+00:00,2021-03-09 20:00:00+00:00,2021-03-09 16:00:00+00:00,1847.86,TP_E10,2.994355453851916,2021-03-09 16:05:00+00:00,1847.01,ACTIVE_FLOOR_GAP_OPEN,2.7627983000980243,True,2021-03-09 16:00:00+00:00,2021-03-09 16:05:00+00:00,1847.86,0.1,0,0.0800469483568096,110.0,BULL,2021-03-09 12:00:00+00:00
external,2021-03-19,2021-03-19 16:05:00+00:00,SAME_BAR_REJECTION,2021-03-19 16:15:00+00:00,1821.54,1830.0,1786.26,43.74000000000001,2021-03-19 16:15:00+00:00,2021-03-19 20:00:00+00:00,2021-03-19 20:00:00+00:00,1828.99,TIME_EXIT_SESSION_END,1.6449729349890645,2021-03-19 20:00:00+00:00,1828.99,PRE_E10_TIME_EXIT,1.6449729349890645,False,,,,,0,-0.0230909922267944,225.0,BULL,2021-03-19 16:00:00+00:00
external,2021-04-08,2021-04-08 13:40:00+00:00,SAME_BAR_REJECTION,2021-04-08 13:50:00+00:00,2028.77,2039.1,1985.64,53.45999999999981,2021-04-08 14:10:00+00:00,2021-04-08 20:00:00+00:00,2021-04-08 14:15:00+00:00,2044.446,TP_E10,3.463424636602497,2021-04-08 14:25:00+00:00,2044.446,ACTIVE_FLOOR_TOUCH,3.463424636602497,True,2021-04-08 14:15:00+00:00,2021-04-08 14:20:00+00:00,2044.446,0.1000000000000004,0,0.1000000000000004,35.0,SIDEWAYS,2021-04-08 12:00:00+00:00
external,2021-04-26,2021-04-26 16:05:00+00:00,SAME_BAR_REJECTION,2021-04-26 17:05:00+00:00,2508.31,2527.36,2423.41,103.95000000000029,2021-04-26 17:20:00+00:00,2021-04-26 20:00:00+00:00,2021-04-26 20:00:00+00:00,2491.92,TIME_EXIT_SESSION_END,-3.667140026551707,2021-04-26 20:00:00+00:00,2491.92,PRE_E10_TIME_EXIT,-3.667140026551707,False,,,,,0,-0.3409331409331405,175.0,BULL,2021-04-26 16:00:00+00:00
external,2021-05-04,2021-05-04 13:35:00+00:00,SAME_BAR_REJECTION,2021-05-04 13:55:00+00:00,3485.73,3521.39,3279.0,242.38999999999987,,2021-05-04 20:00:00+00:00,2021-05-04 15:20:00+00:00,3286.16,CLOSE_INVALIDATION_F15,-29.026715207431483,2021-05-04 15:20:00+00:00,3286.16,PRE_E10_CLOSE_INVALIDATION_F15,-29.026715207431483,False,,,,,0,-0.970460827591898,85.0,BULL,2021-05-04 12:00:00+00:00
external,2021-06-02,2021-06-02 13:35:00+00:00,SAME_BAR_REJECTION,2021-06-02 14:05:00+00:00,2729.28,2749.44,2661.0,88.44000000000005,2021-06-02 14:30:00+00:00,2021-06-02 20:00:00+00:00,2021-06-02 14:30:00+00:00,2758.284,TP_E10,4.913489271895899,2021-06-02 14:40:00+00:00,2758.284,ACTIVE_FLOOR_TOUCH,4.913489271895899,True,2021-06-02 14:30:00+00:00,2021-06-02 14:35:00+00:00,2758.284,0.1000000000000005,0,0.1000000000000005,35.0,BULL,2021-06-02 12:00:00+00:00
external,2021-07-29,2021-07-29 15:15:00+00:00,SAME_BAR_REJECTION,2021-07-29 15:35:00+00:00,2317.01,2328.0,2280.54,47.46000000000004,2021-07-29 16:00:00+00:00,2021-07-29 20:00:00+00:00,2021-07-29 16:00:00+00:00,2332.746,TP_E10,2.995755736919526,2021-07-29 16:05:00+00:00,2323.63,ACTIVE_FLOOR_GAP_OPEN,1.028565262989734,True,2021-07-29 16:00:00+00:00,2021-07-29 16:05:00+00:00,2332.746,0.1000000000000019,0,-0.0920775389801914,30.0,BULL,2021-07-29 12:00:00+00:00
external,2021-09-15,2021-09-15 14:15:00+00:00,SAME_BAR_REJECTION,2021-09-15 14:25:00+00:00,3434.42,3445.0,3379.45,65.55000000000018,2021-09-15 15:00:00+00:00,2021-09-15 20:00:00+00:00,2021-09-15 15:00:00+00:00,3451.555,TP_E10,2.094598796885628,2021-09-15 15:05:00+00:00,3450.32,ACTIVE_FLOOR_GAP_OPEN,1.9148013347231712,True,2021-09-15 15:00:00+00:00,2021-09-15 15:05:00+00:00,3451.555,0.0999999999999972,0,0.0811594202898573,40.0,BULL,2021-09-15 12:00:00+00:00
external,2021-10-25,2021-10-25 14:05:00+00:00,SAME_BAR_REJECTION,2021-10-25 14:15:00+00:00,4152.79,4166.19,4110.0,56.1899999999996,2021-10-25 15:40:00+00:00,2021-10-25 20:00:00+00:00,2021-10-25 15:45:00+00:00,4171.808999999999,TP_E10,1.8899063039546475,2021-10-25 17:20:00+00:00,4205.11,ACTIVE_FLOOR_TOUCH,5.899379453331366,True,2021-10-25 15:45:00+00:00,2021-10-25 15:50:00+00:00,4205.11,0.6926499377113428,2,0.6926499377113428,185.0,BULL,2021-10-25 12:00:00+00:00
external,2021-10-28,2021-10-28 13:35:00+00:00,SAME_BAR_REJECTION,2021-10-28 15:55:00+00:00,4156.08,4199.32,4011.59,187.7299999999996,2021-10-28 17:00:00+00:00,2021-10-28 20:00:00+00:00,2021-10-28 17:05:00+00:00,4218.093,TP_E10,7.060515678235246,2021-10-28 17:10:00+00:00,4196.21,ACTIVE_FLOOR_GAP_OPEN,4.427866643568046,True,2021-10-28 17:05:00+00:00,2021-10-28 17:10:00+00:00,4218.093,0.1000000000000009,0,-0.0165663452831176,75.0,SIDEWAYS,2021-10-28 12:00:00+00:00
external,2021-11-16,2021-11-16 14:50:00+00:00,SAME_BAR_REJECTION,2021-11-16 16:00:00+00:00,4284.14,4345.0,4077.0,268.0,,2021-11-16 20:00:00+00:00,2021-11-16 20:00:00+00:00,4265.55,TIME_EXIT_SESSION_END,-2.569630310867532,2021-11-16 20:00:00+00:00,4265.55,PRE_E10_TIME_EXIT,-2.569630310867532,False,,,,,0,-0.2964552238805963,240.0,BEAR,2021-11-16 12:00:00+00:00
reference_validation,2025-02-04,2025-02-04 13:35:00+00:00,SAME_BAR_REJECTION,2025-02-04 14:00:00+00:00,2794.68,2832.7,2675.28,157.41999999999962,2025-02-04 14:30:00+00:00,2025-02-04 20:00:00+00:00,2025-02-04 19:10:00+00:00,2848.442,TP_E10,9.218632544692085,2025-02-04 19:25:00+00:00,2848.442,ACTIVE_FLOOR_TOUCH,9.218632544692085,True,2025-02-04 19:10:00+00:00,2025-02-04 19:15:00+00:00,2848.442,0.1000000000000014,0,0.1000000000000014,325.0,BEAR,2025-02-04 12:00:00+00:00
reference_validation,2025-02-20,2025-02-20 13:35:00+00:00,SAME_BAR_REJECTION,2025-02-20 13:50:00+00:00,2742.84,2746.0,2723.72,22.2800000000002,2025-02-20 14:00:00+00:00,2025-02-20 20:00:00+00:00,2025-02-20 14:00:00+00:00,2748.228,TP_E10,0.5821936387102159,2025-02-20 14:50:00+00:00,2748.228,ACTIVE_FLOOR_TOUCH,0.5821936387102159,True,2025-02-20 14:00:00+00:00,2025-02-20 14:05:00+00:00,2748.228,0.100000000000002,0,0.100000000000002,60.0,BULL,2025-02-20 12:00:00+00:00
reference_validation,2025-02-21,2025-02-21 13:45:00+00:00,SAME_BAR_REJECTION,2025-02-21 14:15:00+00:00,2820.5,2843.75,2746.55,97.19999999999982,,2025-02-21 20:00:00+00:00,2025-02-21 15:35:00+00:00,2751.04,CLOSE_INVALIDATION_F15,-12.713419606452767,2025-02-21 15:35:00+00:00,2751.04,PRE_E10_CLOSE_INVALIDATION_F15,-12.713419606452767,False,,,,,0,-0.953806584362142,80.0,BULL,2025-02-21 12:00:00+00:00
reference_validation,2025-03-03,2025-03-03 13:45:00+00:00,SAME_BAR_REJECTION,2025-03-03 13:55:00+00:00,2373.46,2386.99,2321.0,65.98999999999978,,2025-03-03 20:00:00+00:00,2025-03-03 14:40:00+00:00,2327.31,CLOSE_INVALIDATION_F15,-10.122093483774783,2025-03-03 14:40:00+00:00,2327.31,PRE_E10_CLOSE_INVALIDATION_F15,-10.122093483774783,False,,,,,0,-0.9043794514320356,45.0,BULL,2025-03-03 12:00:00+00:00
reference_validation,2025-04-24,2025-04-24 13:35:00+00:00,SAME_BAR_REJECTION,2025-04-24 13:45:00+00:00,1752.92,1759.88,1721.22,38.66000000000008,2025-04-24 14:00:00+00:00,2025-04-24 20:00:00+00:00,2025-04-24 14:00:00+00:00,1763.746,TP_E10,2.687990324715295,2025-04-24 14:10:00+00:00,1763.746,ACTIVE_FLOOR_TOUCH,2.687990324715295,True,2025-04-24 14:00:00+00:00,2025-04-24 14:05:00+00:00,1763.746,0.0999999999999994,0,0.0999999999999994,25.0,BULL,2025-04-24 12:00:00+00:00
reference_validation,2025-05-08,2025-05-08 13:40:00+00:00,SAME_BAR_REJECTION,2025-05-08 13:50:00+00:00,1965.51,1976.56,1925.0,51.559999999999945,2025-05-08 13:55:00+00:00,2025-05-08 20:00:00+00:00,2025-05-08 14:00:00+00:00,1981.716,TP_E10,3.7225941358731256,2025-05-08 14:05:00+00:00,1980.8,ACTIVE_FLOOR_GAP_OPEN,3.489575733524664,True,2025-05-08 14:00:00+00:00,2025-05-08 14:05:00+00:00,1981.716,0.0999999999999991,0,0.0822342901474013,15.0,BULL,2025-05-08 12:00:00+00:00
reference_validation,2025-07-18,2025-07-18 13:50:00+00:00,SAME_BAR_REJECTION,2025-07-18 14:05:00+00:00,3638.63,3654.99,3584.0,70.98999999999978,2025-07-18 14:05:00+00:00,2025-07-18 20:00:00+00:00,2025-07-18 14:05:00+00:00,3662.089,TP_E10,2.823603389187701,2025-07-18 14:15:00+00:00,3662.089,ACTIVE_FLOOR_TOUCH,2.823603389187701,True,2025-07-18 14:05:00+00:00,2025-07-18 14:10:00+00:00,3662.089,0.1000000000000025,0,0.1000000000000025,10.0,BULL,2025-07-18 12:00:00+00:00
reference_validation,2025-09-22,2025-09-22 14:25:00+00:00,SAME_BAR_REJECTION,2025-09-22 14:45:00+00:00,4196.76,4215.25,4135.0,80.25,,2025-09-22 20:00:00+00:00,2025-09-22 19:40:00+00:00,4143.52,CLOSE_INVALIDATION_F15,-6.742988400575678,2025-09-22 19:40:00+00:00,4143.52,PRE_E10_CLOSE_INVALIDATION_F15,-6.742988400575678,False,,,,,0,-0.8938317757009291,295.0,BEAR,2025-09-22 12:00:00+00:00
reference_validation,2025-11-03,2025-11-03 14:10:00+00:00,SAME_BAR_REJECTION,2025-11-03 14:30:00+00:00,3720.48,3739.98,3650.13,89.84999999999991,,2025-11-03 20:00:00+00:00,2025-11-03 15:30:00+00:00,3634.6,CLOSE_INVALIDATION_F15,-11.941521524104424,2025-11-03 15:30:00+00:00,3634.6,PRE_E10_CLOSE_INVALIDATION_F15,-11.941521524104424,False,,,,,0,-1.1728436282693402,60.0,SIDEWAYS,2025-11-03 12:00:00+00:00
reference_validation,2025-11-24,2025-11-24 14:40:00+00:00,SAME_BAR_REJECTION,2025-11-24 15:00:00+00:00,2831.23,2841.92,2786.01,55.909999999999854,2025-11-24 15:30:00+00:00,2025-11-24 20:00:00+00:00,2025-11-24 15:40:00+00:00,2847.511,TP_E10,2.475252098911041,2025-11-24 15:45:00+00:00,2845.52,ACTIVE_FLOOR_GAP_OPEN,2.123638136075146,True,2025-11-24 15:40:00+00:00,2025-11-24 15:45:00+00:00,2847.511,0.0999999999999983,0,0.0643891969236258,45.0,BEAR,2025-11-24 12:00:00+00:00
reference_validation,2025-12-30,2025-12-30 14:55:00+00:00,SAME_BAR_REJECTION,2025-12-30 15:55:00+00:00,2991.99,3003.0,2948.81,54.190000000000055,,2025-12-30 20:00:00+00:00,2025-12-30 19:10:00+00:00,2953.26,CLOSE_INVALIDATION_F15,-6.872280990243884,2025-12-30 19:10:00+00:00,2953.26,PRE_E10_CLOSE_INVALIDATION_F15,-6.872280990243884,False,,,,,0,-0.9178815279571828,195.0,BULL,2025-12-30 12:00:00+00:00
reference_validation,2026-02-02,2026-02-02 13:55:00+00:00,SAME_BAR_REJECTION,2026-02-02 14:15:00+00:00,2305.55,2328.0,2227.56,100.44000000000004,2026-02-02 14:30:00+00:00,2026-02-02 20:00:00+00:00,2026-02-02 14:30:00+00:00,2338.044,TP_E10,6.646908546767483,2026-02-02 14:55:00+00:00,2338.044,ACTIVE_FLOOR_TOUCH,6.646908546767483,True,2026-02-02 14:30:00+00:00,2026-02-02 14:35:00+00:00,2338.044,0.0999999999999986,0,0.0999999999999986,40.0,BEAR,2026-02-02 12:00:00+00:00
reference_validation,2026-04-22,2026-04-22 13:35:00+00:00,SAME_BAR_REJECTION,2026-04-22 13:45:00+00:00,2412.43,2414.99,2382.15,32.83999999999969,2026-04-22 13:45:00+00:00,2026-04-22 20:00:00+00:00,2026-04-22 13:45:00+00:00,2418.274,TP_E10,0.8112268542506799,2026-04-22 13:50:00+00:00,2411.99,ACTIVE_FLOOR_GAP_OPEN,-0.4911943558984385,True,2026-04-22 13:45:00+00:00,2026-04-22 13:50:00+00:00,2418.274,0.1000000000000041,0,-0.0913520097442152,5.0,BULL,2026-04-22 12:00:00+00:00
reference_validation,2026-05-01,2026-05-01 13:35:00+00:00,SAME_BAR_REJECTION,2026-05-01 13:50:00+00:00,2309.61,2314.68,2275.68,39.0,2026-05-01 13:50:00+00:00,2026-05-01 20:00:00+00:00,2026-05-01 13:50:00+00:00,2318.58,TP_E10,1.5418862924909242,2026-05-01 13:55:00+00:00,2316.83,ACTIVE_FLOOR_GAP_OPEN,1.1630344517039153,True,2026-05-01 13:50:00+00:00,2026-05-01 13:55:00+00:00,2318.58,0.1000000000000023,0,0.0551282051282074,5.0,SIDEWAYS,2026-05-01 12:00:00+00:00
reference_validation,2026-07-03,2026-07-03 13:45:00+00:00,SAME_BAR_REJECTION,2026-07-03 14:05:00+00:00,1743.7,1748.67,1714.9,33.76999999999998,2026-07-03 19:30:00+00:00,2026-07-03 20:00:00+00:00,2026-07-03 19:35:00+00:00,1752.047,TP_E10,1.9934736479899189,2026-07-03 19:40:00+00:00,1749.75,ACTIVE_FLOOR_GAP_OPEN,1.3348167689396069,True,2026-07-03 19:35:00+00:00,2026-07-03 19:40:00+00:00,1752.047,0.0999999999999986,0,0.031981048267691,335.0,BULL,2026-07-03 12:00:00+00:00
