partition,date_utc,signal_ts,entry_ts,entry_px,H,L,range,b27w_target_hit,h2_bar_start,session_end,has_h2,first_close_break_bar_start,first_close_break_ts,max_high_extension,max_close_extension,E05_price,E05_high_reach,E05_high_reach_bar_start,E05_minutes_from_h2,E05_close_reach,E05_close_reach_ts,E10_price,E10_high_reach,E10_high_reach_bar_start,E10_minutes_from_h2,E10_close_reach,E10_close_reach_ts,E15_price,E15_high_reach,E15_high_reach_bar_start,E15_minutes_from_h2,E15_close_reach,E15_close_reach_ts,E20_price,E20_high_reach,E20_high_reach_bar_start,E20_minutes_from_h2,E20_close_reach,E20_close_reach_ts,E25_price,E25_high_reach,E25_high_reach_bar_start,E25_minutes_from_h2,E25_close_reach,E25_close_reach_ts,E30_price,E30_high_reach,E30_high_reach_bar_start,E30_minutes_from_h2,E30_close_reach,E30_close_reach_ts,E40_price,E40_high_reach,E40_high_reach_bar_start,E40_minutes_from_h2,E40_close_reach,E40_close_reach_ts,E50_price,E50_high_reach,E50_high_reach_bar_start,E50_minutes_from_h2,E50_close_reach,E50_close_reach_ts
august,2026-08-13,2026-08-13 14:40:00+00:00,2026-08-13 15:05:00+00:00,1890.75,1896.19,1874.43,21.75999999999999,False,,2026-08-13 20:00:00+00:00,False,,,,,1897.278,False,,,False,,1898.366,False,,,False,,1899.454,False,,,False,,1900.5420000000001,False,,,False,,1901.63,False,,,False,,1902.718,False,,,False,,1904.894,False,,,False,,1907.0700000000002,False,,,False,
august,2026-08-20,2026-08-20 15:35:00+00:00,2026-08-20 15:40:00+00:00,2301.295,2318.78,2248.84,69.94000000000005,True,2026-08-20 15:45:00+00:00,2026-08-20 20:00:00+00:00,True,2026-08-20 15:50:00+00:00,2026-08-20 15:55:00+00:00,0.5847869602516386,0.4213611667143234,2322.277,True,2026-08-20 15:50:00+00:00,5.0,True,2026-08-20 15:55:00+00:00,2325.7740000000003,True,2026-08-20 15:50:00+00:00,5.0,True,2026-08-20 15:55:00+00:00,2329.271,True,2026-08-20 15:50:00+00:00,5.0,True,2026-08-20 15:55:00+00:00,2332.768,True,2026-08-20 15:50:00+00:00,5.0,True,2026-08-20 16:45:00+00:00,2336.2650000000003,True,2026-08-20 15:50:00+00:00,5.0,True,2026-08-20 16:45:00+00:00,2339.762,True,2026-08-20 16:40:00+00:00,55.0,True,2026-08-20 16:45:00+00:00,2346.7560000000003,True,2026-08-20 16:40:00+00:00,55.0,True,2026-08-20 16:45:00+00:00,2353.75,True,2026-08-20 16:40:00+00:00,55.0,False,
development,2022-01-03,2022-01-03 14:40:00+00:00,2022-01-03 14:45:00+00:00,3831.005,3844.67,3790.01,54.659999999999854,False,,2022-01-03 20:00:00+00:00,False,,,,,3847.4030000000002,False,,,False,,3850.136,False,,,False,,3852.869,False,,,False,,3855.602,False,,,False,,3858.335,False,,,False,,3861.068,False,,,False,,3866.534,False,,,False,,3872.0,False,,,False,
development,2022-01-25,2022-01-25 14:40:00+00:00,2022-01-25 15:45:00+00:00,2438.4325,2460.7,2371.63,89.06999999999971,True,2022-01-25 17:20:00+00:00,2022-01-25 20:00:00+00:00,True,2022-01-25 17:20:00+00:00,2022-01-25 17:25:00+00:00,0.49713708319299815,0.4435836982148911,2465.1535,True,2022-01-25 17:20:00+00:00,0.0,True,2022-01-25 17:25:00+00:00,2469.607,True,2022-01-25 17:20:00+00:00,0.0,True,2022-01-25 17:45:00+00:00,2474.0604999999996,True,2022-01-25 17:20:00+00:00,0.0,True,2022-01-25 17:45:00+00:00,2478.5139999999997,True,2022-01-25 17:40:00+00:00,20.0,True,2022-01-25 17:45:00+00:00,2482.9674999999997,True,2022-01-25 17:40:00+00:00,20.0,True,2022-01-25 17:45:00+00:00,2487.421,True,2022-01-25 17:40:00+00:00,20.0,True,2022-01-25 18:30:00+00:00,2496.3279999999995,True,2022-01-25 18:25:00+00:00,65.0,True,2022-01-25 18:35:00+00:00,2505.2349999999997,False,,,False,
development,2022-02-09,2022-02-09 14:45:00+00:00,2022-02-09 15:15:00+00:00,3172.815,3208.26,3066.48,141.7800000000002,True,2022-02-09 16:45:00+00:00,2022-02-09 20:00:00+00:00,True,2022-02-09 16:45:00+00:00,2022-02-09 16:50:00+00:00,0.35082522217519896,0.2989843419382128,3215.349,True,2022-02-09 17:15:00+00:00,30.0,True,2022-02-09 19:10:00+00:00,3222.438,True,2022-02-09 19:00:00+00:00,135.0,True,2022-02-09 19:10:00+00:00,3229.527,True,2022-02-09 19:05:00+00:00,140.0,True,2022-02-09 19:25:00+00:00,3236.6160000000004,True,2022-02-09 19:05:00+00:00,140.0,True,2022-02-09 19:30:00+00:00,3243.7050000000004,True,2022-02-09 19:20:00+00:00,155.0,True,2022-02-09 19:30:00+00:00,3250.7940000000003,True,2022-02-09 19:25:00+00:00,160.0,False,,3264.972,False,,,False,,3279.1500000000005,False,,,False,
development,2022-02-22,2022-02-22 14:00:00+00:00,2022-02-22 14:10:00+00:00,2595.1325,2622.62,2512.67,109.94999999999982,True,2022-02-22 14:45:00+00:00,2022-02-22 20:00:00+00:00,True,2022-02-22 14:50:00+00:00,2022-02-22 14:55:00+00:00,0.4309231468849494,0.2787630741246034,2628.1175,True,2022-02-22 14:50:00+00:00,5.0,True,2022-02-22 14:55:00+00:00,2633.615,True,2022-02-22 14:50:00+00:00,5.0,True,2022-02-22 14:55:00+00:00,2639.1124999999997,True,2022-02-22 14:50:00+00:00,5.0,True,2022-02-22 14:55:00+00:00,2644.6099999999997,True,2022-02-22 14:50:00+00:00,5.0,True,2022-02-22 14:55:00+00:00,2650.1075,True,2022-02-22 14:50:00+00:00,5.0,True,2022-02-22 14:55:00+00:00,2655.605,True,2022-02-22 14:50:00+00:00,5.0,False,,2666.6,True,2022-02-22 14:50:00+00:00,5.0,False,,2677.595,False,,,False,
development,2022-03-03,2022-03-03 14:05:00+00:00,2022-03-03 14:10:00+00:00,2920.1975,2934.48,2877.35,57.13000000000011,False,,2022-03-03 20:00:00+00:00,False,,,,,2937.3365,False,,,False,,2940.193,False,,,False,,2943.0495,False,,,False,,2945.906,False,,,False,,2948.7625,False,,,False,,2951.619,False,,,False,,2957.332,False,,,False,,2963.045,False,,,False,
development,2022-03-21,2022-03-21 13:45:00+00:00,2022-03-21 13:50:00+00:00,2922.125,2938.5,2873.0,65.5,True,2022-03-21 15:15:00+00:00,2022-03-21 20:00:00+00:00,True,2022-03-21 15:20:00+00:00,2022-03-21 15:25:00+00:00,0.3282442748091603,0.27221374045801416,2941.775,True,2022-03-21 15:15:00+00:00,0.0,True,2022-03-21 15:25:00+00:00,2945.05,True,2022-03-21 15:15:00+00:00,0.0,True,2022-03-21 15:25:00+00:00,2948.325,True,2022-03-21 15:25:00+00:00,10.0,True,2022-03-21 15:35:00+00:00,2951.6,True,2022-03-21 15:25:00+00:00,10.0,True,2022-03-21 15:35:00+00:00,2954.875,True,2022-03-21 15:35:00+00:00,20.0,True,2022-03-21 16:05:00+00:00,2958.15,True,2022-03-21 16:00:00+00:00,45.0,False,,2964.7,False,,,False,,2971.25,False,,,False,
development,2022-03-22,2022-03-22 14:40:00+00:00,2022-03-22 15:15:00+00:00,3017.1175000000003,3027.92,2984.71,43.21000000000004,False,,2022-03-22 20:00:00+00:00,False,,,,,3030.0805,False,,,False,,3032.241,False,,,False,,3034.4015,False,,,False,,3036.562,False,,,False,,3038.7225000000003,False,,,False,,3040.8830000000003,False,,,False,,3045.204,False,,,False,,3049.525,False,,,False,
development,2022-04-18,2022-04-18 13:35:00+00:00,2022-04-18 13:40:00+00:00,2932.0,2947.0,2887.0,60.0,True,2022-04-18 17:10:00+00:00,2022-04-18 20:00:00+00:00,True,2022-04-18 17:10:00+00:00,2022-04-18 17:15:00+00:00,1.4404999999999972,1.183166666666663,2950.0,True,2022-04-18 17:10:00+00:00,0.0,True,2022-04-18 17:15:00+00:00,2953.0,True,2022-04-18 17:10:00+00:00,0.0,True,2022-04-18 17:15:00+00:00,2956.0,True,2022-04-18 17:10:00+00:00,0.0,True,2022-04-18 17:15:00+00:00,2959.0,True,2022-04-18 17:10:00+00:00,0.0,True,2022-04-18 17:35:00+00:00,2962.0,True,2022-04-18 17:10:00+00:00,0.0,True,2022-04-18 17:35:00+00:00,2965.0,True,2022-04-18 17:10:00+00:00,0.0,True,2022-04-18 17:40:00+00:00,2971.0,True,2022-04-18 17:35:00+00:00,25.0,True,2022-04-18 18:00:00+00:00,2977.0,True,2022-04-18 17:55:00+00:00,45.0,True,2022-04-18 18:00:00+00:00
development,2022-05-19,2022-05-19 13:40:00+00:00,2022-05-19 13:45:00+00:00,1967.59,1985.99,1912.39,73.59999999999991,True,2022-05-19 14:20:00+00:00,2022-05-19 20:00:00+00:00,True,2022-05-19 15:10:00+00:00,2022-05-19 15:15:00+00:00,0.7243206521739132,0.7085597826086978,1989.67,True,2022-05-19 15:15:00+00:00,55.0,True,2022-05-19 15:20:00+00:00,1993.35,True,2022-05-19 15:15:00+00:00,55.0,True,2022-05-19 15:20:00+00:00,1997.03,True,2022-05-19 15:15:00+00:00,55.0,True,2022-05-19 15:25:00+00:00,2000.71,True,2022-05-19 15:20:00+00:00,60.0,True,2022-05-19 15:25:00+00:00,2004.3899999999999,True,2022-05-19 15:20:00+00:00,60.0,True,2022-05-19 15:25:00+00:00,2008.07,True,2022-05-19 15:20:00+00:00,60.0,True,2022-05-19 15:25:00+00:00,2015.43,True,2022-05-19 15:20:00+00:00,60.0,True,2022-05-19 15:35:00+00:00,2022.79,True,2022-05-19 15:30:00+00:00,70.0,True,2022-05-19 15:35:00+00:00
development,2022-06-01,2022-06-01 13:35:00+00:00,2022-06-01 13:45:00+00:00,1956.895,1967.86,1924.0,43.8599999999999,False,,2022-06-01 20:00:00+00:00,False,,,,,1970.0529999999999,False,,,False,,1972.2459999999999,False,,,False,,1974.4389999999999,False,,,False,,1976.6319999999998,False,,,False,,1978.8249999999998,False,,,False,,1981.0179999999998,False,,,False,,1985.4039999999998,False,,,False,,1989.79,False,,,False,
development,2022-06-28,2022-06-28 13:35:00+00:00,2022-06-28 13:45:00+00:00,1226.33,1234.0,1203.32,30.680000000000064,False,,2022-06-28 20:00:00+00:00,False,,,,,1235.534,False,,,False,,1237.068,False,,,False,,1238.602,False,,,False,,1240.136,False,,,False,,1241.67,False,,,False,,1243.204,False,,,False,,1246.272,False,,,False,,1249.3400000000001,False,,,False,
development,2022-07-15,2022-07-15 14:30:00+00:00,2022-07-15 14:40:00+00:00,1227.1999999999998,1235.35,1202.75,32.59999999999991,True,2022-07-15 15:05:00+00:00,2022-07-15 20:00:00+00:00,True,2022-07-15 15:05:00+00:00,2022-07-15 15:10:00+00:00,1.0628834355828278,1.0128834355828245,1236.98,True,2022-07-15 18:40:00+00:00,215.0,True,2022-07-15 18:45:00+00:00,1238.61,True,2022-07-15 18:40:00+00:00,215.0,True,2022-07-15 18:45:00+00:00,1240.2399999999998,True,2022-07-15 18:40:00+00:00,215.0,True,2022-07-15 18:45:00+00:00,1241.87,True,2022-07-15 18:40:00+00:00,215.0,True,2022-07-15 18:45:00+00:00,1243.5,True,2022-07-15 18:40:00+00:00,215.0,True,2022-07-15 18:45:00+00:00,1245.1299999999999,True,2022-07-15 18:40:00+00:00,215.0,True,2022-07-15 18:45:00+00:00,1248.3899999999999,True,2022-07-15 18:45:00+00:00,220.0,True,2022-07-15 18:50:00+00:00,1251.6499999999999,True,2022-07-15 18:50:00+00:00,225.0,True,2022-07-15 19:00:00+00:00
development,2022-07-19,2022-07-19 13:35:00+00:00,2022-07-19 13:40:00+00:00,1557.1975,1574.53,1505.2,69.32999999999993,True,2022-07-19 16:25:00+00:00,2022-07-19 20:00:00+00:00,True,2022-07-19 16:30:00+00:00,2022-07-19 16:35:00+00:00,0.236261358719171,0.20294244915620874,1577.9965,True,2022-07-19 16:30:00+00:00,5.0,True,2022-07-19 16:35:00+00:00,1581.463,True,2022-07-19 16:30:00+00:00,5.0,True,2022-07-19 19:15:00+00:00,1584.9295,True,2022-07-19 16:30:00+00:00,5.0,True,2022-07-19 19:15:00+00:00,1588.396,True,2022-07-19 19:10:00+00:00,165.0,True,2022-07-19 19:15:00+00:00,1591.8625,False,,,False,,1595.329,False,,,False,,1602.262,False,,,False,,1609.195,False,,,False,
development,2022-07-20,2022-07-20 13:40:00+00:00,2022-07-20 13:50:00+00:00,1593.3975,1616.0,1525.59,90.41000000000008,False,,2022-07-20 20:00:00+00:00,False,,,,,1620.5205,False,,,False,,1625.041,False,,,False,,1629.5615,False,,,False,,1634.082,False,,,False,,1638.6025,False,,,False,,1643.123,False,,,False,,1652.164,False,,,False,,1661.205,False,,,False,
development,2022-07-28,2022-07-28 13:35:00+00:00,2022-07-28 14:45:00+00:00,1643.0,1659.0,1595.0,64.0,True,2022-07-28 15:15:00+00:00,2022-07-28 20:00:00+00:00,True,2022-07-28 15:15:00+00:00,2022-07-28 15:20:00+00:00,1.5685937500000016,1.3842187499999987,1662.2,True,2022-07-28 15:15:00+00:00,0.0,True,2022-07-28 15:25:00+00:00,1665.4,True,2022-07-28 15:20:00+00:00,5.0,True,2022-07-28 15:25:00+00:00,1668.6,True,2022-07-28 15:20:00+00:00,5.0,True,2022-07-28 15:25:00+00:00,1671.8,True,2022-07-28 15:20:00+00:00,5.0,True,2022-07-28 15:25:00+00:00,1675.0,True,2022-07-28 15:25:00+00:00,10.0,True,2022-07-28 15:30:00+00:00,1678.2,True,2022-07-28 15:25:00+00:00,10.0,True,2022-07-28 15:30:00+00:00,1684.6,True,2022-07-28 15:25:00+00:00,10.0,True,2022-07-28 15:30:00+00:00,1691.0,True,2022-07-28 15:25:00+00:00,10.0,True,2022-07-28 15:35:00+00:00
development,2022-08-22,2022-08-22 14:10:00+00:00,2022-08-22 14:15:00+00:00,1567.0,1580.0,1528.0,52.0,True,2022-08-22 15:40:00+00:00,2022-08-22 20:00:00+00:00,True,2022-08-22 15:40:00+00:00,2022-08-22 15:45:00+00:00,0.39711538461538637,0.21596153846153882,1582.6,True,2022-08-22 15:40:00+00:00,0.0,True,2022-08-22 15:55:00+00:00,1585.2,True,2022-08-22 15:40:00+00:00,0.0,True,2022-08-22 15:55:00+00:00,1587.8,True,2022-08-22 15:40:00+00:00,0.0,True,2022-08-22 15:55:00+00:00,1590.4,True,2022-08-22 15:50:00+00:00,10.0,True,2022-08-22 15:55:00+00:00,1593.0,True,2022-08-22 15:50:00+00:00,10.0,False,,1595.6,True,2022-08-22 16:00:00+00:00,20.0,False,,1600.8,False,,,False,,1606.0,False,,,False,
development,2022-08-24,2022-08-24 14:30:00+00:00,2022-08-24 14:35:00+00:00,1651.4825,1660.25,1625.18,35.069999999999936,True,2022-08-24 15:15:00+00:00,2022-08-24 20:00:00+00:00,True,2022-08-24 15:20:00+00:00,2022-08-24 15:25:00+00:00,0.95779868833761,0.943826632449386,1662.0035,True,2022-08-24 15:15:00+00:00,0.0,True,2022-08-24 15:25:00+00:00,1663.757,True,2022-08-24 15:20:00+00:00,5.0,True,2022-08-24 15:25:00+00:00,1665.5105,True,2022-08-24 15:20:00+00:00,5.0,True,2022-08-24 15:25:00+00:00,1667.264,True,2022-08-24 15:20:00+00:00,5.0,True,2022-08-24 15:25:00+00:00,1669.0175,True,2022-08-24 15:25:00+00:00,10.0,True,2022-08-24 15:30:00+00:00,1670.771,True,2022-08-24 15:25:00+00:00,10.0,True,2022-08-24 15:45:00+00:00,1674.278,True,2022-08-24 15:50:00+00:00,35.0,True,2022-08-24 15:55:00+00:00,1677.7849999999999,True,2022-08-24 15:50:00+00:00,35.0,True,2022-08-24 15:55:00+00:00
development,2022-09-02,2022-09-02 14:40:00+00:00,2022-09-02 15:40:00+00:00,1628.9325,1644.8,1581.33,63.47000000000003,False,,2022-09-02 20:00:00+00:00,False,,,,,1647.9735,False,,,False,,1651.147,False,,,False,,1654.3205,False,,,False,,1657.494,False,,,False,,1660.6675,False,,,False,,1663.841,False,,,False,,1670.1879999999999,False,,,False,,1676.5349999999999,False,,,False,
development,2022-09-08,2022-09-08 13:45:00+00:00,2022-09-08 13:55:00+00:00,1634.1999999999998,1646.6,1597.0,49.59999999999991,True,2022-09-08 15:05:00+00:00,2022-09-08 20:00:00+00:00,True,2022-09-08 19:55:00+00:00,2022-09-08 20:00:00+00:00,0.16028225806451735,0.04899193548387234,1649.08,True,2022-09-08 15:05:00+00:00,0.0,False,,1651.56,True,2022-09-08 15:05:00+00:00,0.0,False,,1654.04,True,2022-09-08 15:05:00+00:00,0.0,False,,1656.52,False,,,False,,1659.0,False,,,False,,1661.4799999999998,False,,,False,,1666.4399999999998,False,,,False,,1671.3999999999999,False,,,False,
development,2022-09-20,2022-09-20 15:10:00+00:00,2022-09-20 15:30:00+00:00,1356.99,1366.4,1328.76,37.6400000000001,True,2022-09-20 15:50:00+00:00,2022-09-20 20:00:00+00:00,True,2022-09-20 15:50:00+00:00,2022-09-20 15:55:00+00:00,0.454303931987244,0.3275770456960652,1368.2820000000002,True,2022-09-20 15:50:00+00:00,0.0,True,2022-09-20 15:55:00+00:00,1370.1640000000002,True,2022-09-20 15:50:00+00:00,0.0,True,2022-09-20 16:00:00+00:00,1372.046,True,2022-09-20 15:50:00+00:00,0.0,True,2022-09-20 16:00:00+00:00,1373.928,True,2022-09-20 15:55:00+00:00,5.0,True,2022-09-20 16:00:00+00:00,1375.8100000000002,True,2022-09-20 15:55:00+00:00,5.0,True,2022-09-20 16:00:00+00:00,1377.692,True,2022-09-20 15:55:00+00:00,5.0,True,2022-09-20 16:05:00+00:00,1381.4560000000001,True,2022-09-20 15:55:00+00:00,5.0,False,,1385.2200000000003,False,,,False,
development,2022-10-04,2022-10-04 14:05:00+00:00,2022-10-04 14:20:00+00:00,1355.2275,1359.8,1341.51,18.289999999999964,False,,2022-10-04 20:00:00+00:00,False,,,,,1360.7145,False,,,False,,1361.629,False,,,False,,1362.5435,False,,,False,,1363.4579999999999,False,,,False,,1364.3725,False,,,False,,1365.287,False,,,False,,1367.116,False,,,False,,1368.945,False,,,False,
development,2022-10-06,2022-10-06 13:45:00+00:00,2022-10-06 13:50:00+00:00,1372.0,1378.0,1354.0,24.0,False,,2022-10-06 20:00:00+00:00,False,,,,,1379.2,False,,,False,,1380.4,False,,,False,,1381.6,False,,,False,,1382.8,False,,,False,,1384.0,False,,,False,,1385.2,False,,,False,,1387.6,False,,,False,,1390.0,False,,,False,
development,2022-11-30,2022-11-30 16:45:00+00:00,2022-11-30 16:50:00+00:00,1271.04,1276.93,1253.37,23.560000000000173,True,2022-11-30 18:30:00+00:00,2022-11-30 20:00:00+00:00,True,2022-11-30 18:35:00+00:00,2022-11-30 18:40:00+00:00,0.9571307300509249,0.8964346349745219,1278.1080000000002,True,2022-11-30 18:30:00+00:00,0.0,True,2022-11-30 18:40:00+00:00,1279.286,True,2022-11-30 18:35:00+00:00,5.0,True,2022-11-30 18:40:00+00:00,1280.4640000000002,True,2022-11-30 18:35:00+00:00,5.0,True,2022-11-30 19:05:00+00:00,1281.642,True,2022-11-30 18:35:00+00:00,5.0,True,2022-11-30 19:05:00+00:00,1282.8200000000002,True,2022-11-30 18:35:00+00:00,5.0,True,2022-11-30 19:05:00+00:00,1283.998,True,2022-11-30 18:35:00+00:00,5.0,True,2022-11-30 19:05:00+00:00,1286.354,True,2022-11-30 18:35:00+00:00,5.0,True,2022-11-30 19:05:00+00:00,1288.71,True,2022-11-30 19:00:00+00:00,30.0,True,2022-11-30 19:15:00+00:00
development,2022-12-08,2022-12-08 14:05:00+00:00,2022-12-08 14:10:00+00:00,1242.3375,1247.33,1227.36,19.970000000000027,True,2022-12-08 14:55:00+00:00,2022-12-08 20:00:00+00:00,True,2022-12-08 15:05:00+00:00,2022-12-08 15:10:00+00:00,2.3525287931897823,2.0060090135202864,1248.3284999999998,True,2022-12-08 14:55:00+00:00,0.0,True,2022-12-08 15:10:00+00:00,1249.327,True,2022-12-08 15:00:00+00:00,5.0,True,2022-12-08 15:10:00+00:00,1250.3255,True,2022-12-08 15:05:00+00:00,10.0,True,2022-12-08 15:35:00+00:00,1251.3239999999998,True,2022-12-08 15:05:00+00:00,10.0,True,2022-12-08 16:15:00+00:00,1252.3225,True,2022-12-08 15:05:00+00:00,10.0,True,2022-12-08 17:55:00+00:00,1253.321,True,2022-12-08 15:05:00+00:00,10.0,True,2022-12-08 17:55:00+00:00,1255.318,True,2022-12-08 17:50:00+00:00,175.0,True,2022-12-08 18:35:00+00:00,1257.315,True,2022-12-08 18:25:00+00:00,210.0,True,2022-12-08 18:35:00+00:00
development,2022-12-21,2022-12-21 14:50:00+00:00,2022-12-21 15:35:00+00:00,1215.9,1218.99,1206.63,12.3599999999999,False,,2022-12-21 20:00:00+00:00,False,,,,,1219.608,False,,,False,,1220.226,False,,,False,,1220.844,False,,,False,,1221.462,False,,,False,,1222.08,False,,,False,,1222.6979999999999,False,,,False,,1223.934,False,,,False,,1225.17,False,,,False,
development,2022-12-29,2022-12-29 13:35:00+00:00,2022-12-29 13:50:00+00:00,1200.2824999999998,1203.85,1189.58,14.269999999999982,True,2022-12-29 14:30:00+00:00,2022-12-29 20:00:00+00:00,True,2022-12-29 15:05:00+00:00,2022-12-29 15:10:00+00:00,0.22704975473020414,0.08339173090399832,1204.5635,True,2022-12-29 14:40:00+00:00,10.0,True,2022-12-29 15:10:00+00:00,1205.2769999999998,True,2022-12-29 15:05:00+00:00,35.0,False,,1205.9904999999999,True,2022-12-29 15:05:00+00:00,35.0,False,,1206.704,True,2022-12-29 15:05:00+00:00,35.0,False,,1207.4175,False,,,False,,1208.1309999999999,False,,,False,,1209.558,False,,,False,,1210.985,False,,,False,
development,2023-01-09,2023-01-09 15:00:00+00:00,2023-01-09 15:20:00+00:00,1322.875,1328.0,1307.5,20.5,True,2023-01-09 15:40:00+00:00,2023-01-09 20:00:00+00:00,True,2023-01-09 15:40:00+00:00,2023-01-09 15:45:00+00:00,0.8292682926829268,0.8024390243902462,1329.025,True,2023-01-09 15:40:00+00:00,0.0,True,2023-01-09 15:45:00+00:00,1330.05,True,2023-01-09 15:40:00+00:00,0.0,True,2023-01-09 15:45:00+00:00,1331.075,True,2023-01-09 15:40:00+00:00,0.0,True,2023-01-09 15:45:00+00:00,1332.1,True,2023-01-09 15:45:00+00:00,5.0,True,2023-01-09 15:50:00+00:00,1333.125,True,2023-01-09 15:45:00+00:00,5.0,True,2023-01-09 15:50:00+00:00,1334.15,True,2023-01-09 15:45:00+00:00,5.0,True,2023-01-09 15:50:00+00:00,1336.2,True,2023-01-09 15:45:00+00:00,5.0,True,2023-01-09 15:50:00+00:00,1338.25,True,2023-01-09 15:45:00+00:00,5.0,True,2023-01-09 15:55:00+00:00
development,2023-01-10,2023-01-10 14:10:00+00:00,2023-01-10 14:20:00+00:00,1332.52,1336.27,1321.27,15.0,True,2023-01-10 14:30:00+00:00,2023-01-10 20:00:00+00:00,True,2023-01-10 15:10:00+00:00,2023-01-10 15:15:00+00:00,0.5273333333333388,0.4713333333333291,1337.02,True,2023-01-10 15:10:00+00:00,40.0,True,2023-01-10 15:15:00+00:00,1337.77,True,2023-01-10 15:10:00+00:00,40.0,True,2023-01-10 18:35:00+00:00,1338.52,True,2023-01-10 15:10:00+00:00,40.0,True,2023-01-10 18:55:00+00:00,1339.27,True,2023-01-10 15:10:00+00:00,40.0,True,2023-01-10 18:55:00+00:00,1340.02,True,2023-01-10 15:10:00+00:00,40.0,True,2023-01-10 19:00:00+00:00,1340.77,True,2023-01-10 15:15:00+00:00,45.0,True,2023-01-10 19:00:00+00:00,1342.27,True,2023-01-10 19:00:00+00:00,270.0,True,2023-01-10 19:15:00+00:00,1343.77,True,2023-01-10 19:10:00+00:00,280.0,False,
development,2023-02-28,2023-02-28 14:45:00+00:00,2023-02-28 14:55:00+00:00,1635.34,1641.92,1615.6,26.320000000000164,True,2023-02-28 15:00:00+00:00,2023-02-28 20:00:00+00:00,True,2023-02-28 15:00:00+00:00,2023-02-28 15:05:00+00:00,0.14741641337385478,0.08320668693008411,1643.236,True,2023-02-28 16:00:00+00:00,60.0,True,2023-02-28 17:55:00+00:00,1644.5520000000001,True,2023-02-28 16:05:00+00:00,65.0,False,,1645.8680000000002,False,,,False,,1647.1840000000002,False,,,False,,1648.5,False,,,False,,1649.816,False,,,False,,1652.448,False,,,False,,1655.0800000000002,False,,,False,
development,2023-03-22,2023-03-22 13:35:00+00:00,2023-03-22 13:55:00+00:00,1796.9175,1802.55,1780.02,22.529999999999973,True,2023-03-22 14:30:00+00:00,2023-03-22 20:00:00+00:00,True,2023-03-22 14:40:00+00:00,2023-03-22 14:45:00+00:00,0.7478916999556217,0.6542387927208179,1803.6765,True,2023-03-22 14:30:00+00:00,0.0,True,2023-03-22 14:45:00+00:00,1804.8029999999999,True,2023-03-22 14:30:00+00:00,0.0,True,2023-03-22 14:50:00+00:00,1805.9295,True,2023-03-22 14:30:00+00:00,0.0,True,2023-03-22 14:50:00+00:00,1807.056,True,2023-03-22 14:45:00+00:00,15.0,True,2023-03-22 14:50:00+00:00,1808.1825,True,2023-03-22 14:45:00+00:00,15.0,True,2023-03-22 14:50:00+00:00,1809.309,True,2023-03-22 14:45:00+00:00,15.0,True,2023-03-22 14:50:00+00:00,1811.562,True,2023-03-22 14:45:00+00:00,15.0,True,2023-03-22 15:10:00+00:00,1813.815,True,2023-03-22 14:45:00+00:00,15.0,True,2023-03-22 15:10:00+00:00
development,2023-04-25,2023-04-25 13:35:00+00:00,2023-04-25 13:40:00+00:00,1824.525,1831.22,1804.44,26.779999999999973,True,2023-04-25 17:40:00+00:00,2023-04-25 20:00:00+00:00,True,2023-04-25 17:40:00+00:00,2023-04-25 17:45:00+00:00,0.5892457057505597,0.40291262135922234,1832.559,True,2023-04-25 17:40:00+00:00,0.0,True,2023-04-25 17:45:00+00:00,1833.8980000000001,True,2023-04-25 17:40:00+00:00,0.0,True,2023-04-25 17:45:00+00:00,1835.237,True,2023-04-25 17:40:00+00:00,0.0,True,2023-04-25 17:45:00+00:00,1836.576,True,2023-04-25 17:40:00+00:00,0.0,True,2023-04-25 17:45:00+00:00,1837.915,True,2023-04-25 17:45:00+00:00,5.0,True,2023-04-25 18:00:00+00:00,1839.254,True,2023-04-25 17:55:00+00:00,15.0,True,2023-04-25 18:15:00+00:00,1841.932,True,2023-04-25 18:10:00+00:00,30.0,True,2023-04-25 18:30:00+00:00,1844.6100000000001,True,2023-04-25 18:10:00+00:00,30.0,False,
development,2023-04-27,2023-04-27 14:05:00+00:00,2023-04-27 14:10:00+00:00,1885.8875,1895.0,1858.55,36.450000000000045,True,2023-04-27 15:20:00+00:00,2023-04-27 20:00:00+00:00,True,2023-04-27 15:20:00+00:00,2023-04-27 15:25:00+00:00,1.1714677640603564,1.1492455418381358,1896.8225,True,2023-04-27 15:20:00+00:00,0.0,True,2023-04-27 15:25:00+00:00,1898.645,True,2023-04-27 15:20:00+00:00,0.0,True,2023-04-27 15:25:00+00:00,1900.4675,True,2023-04-27 15:20:00+00:00,0.0,True,2023-04-27 15:25:00+00:00,1902.29,True,2023-04-27 15:20:00+00:00,0.0,True,2023-04-27 15:25:00+00:00,1904.1125,True,2023-04-27 15:20:00+00:00,0.0,True,2023-04-27 15:25:00+00:00,1905.935,True,2023-04-27 15:20:00+00:00,0.0,True,2023-04-27 15:25:00+00:00,1909.58,True,2023-04-27 15:20:00+00:00,0.0,True,2023-04-27 18:20:00+00:00,1913.225,True,2023-04-27 15:20:00+00:00,0.0,True,2023-04-27 18:20:00+00:00
development,2023-05-09,2023-05-09 17:05:00+00:00,2023-05-09 17:10:00+00:00,1848.63,1853.83,1833.03,20.799999999999955,False,,2023-05-09 20:00:00+00:00,False,,,,,1854.87,False,,,False,,1855.9099999999999,False,,,False,,1856.9499999999998,False,,,False,,1857.99,False,,,False,,1859.03,False,,,False,,1860.07,False,,,False,,1862.1499999999999,False,,,False,,1864.23,False,,,False,
development,2023-05-12,2023-05-12 13:35:00+00:00,2023-05-12 13:40:00+00:00,1771.075,1776.68,1754.26,22.420000000000076,True,2023-05-12 14:10:00+00:00,2023-05-12 20:00:00+00:00,True,2023-05-12 14:10:00+00:00,2023-05-12 14:15:00+00:00,0.8171275646743924,0.5553077609277434,1777.8010000000002,True,2023-05-12 14:10:00+00:00,0.0,True,2023-05-12 14:15:00+00:00,1778.922,True,2023-05-12 14:10:00+00:00,0.0,True,2023-05-12 14:15:00+00:00,1780.0430000000001,True,2023-05-12 14:10:00+00:00,0.0,True,2023-05-12 20:00:00+00:00,1781.164,True,2023-05-12 14:10:00+00:00,0.0,True,2023-05-12 20:00:00+00:00,1782.285,True,2023-05-12 14:10:00+00:00,0.0,True,2023-05-12 20:00:00+00:00,1783.4060000000002,True,2023-05-12 19:55:00+00:00,345.0,True,2023-05-12 20:00:00+00:00,1785.6480000000001,True,2023-05-12 19:55:00+00:00,345.0,True,2023-05-12 20:00:00+00:00,1787.89,True,2023-05-12 19:55:00+00:00,345.0,True,2023-05-12 20:00:00+00:00
development,2023-05-16,2023-05-16 17:00:00+00:00,2023-05-16 17:05:00+00:00,1822.4225,1826.92,1808.93,17.99000000000001,True,2023-05-16 17:45:00+00:00,2023-05-16 20:00:00+00:00,True,,,0.3340744858254579,-0.029460811561977347,1827.8195,True,2023-05-16 17:45:00+00:00,0.0,False,,1828.719,True,2023-05-16 18:00:00+00:00,15.0,False,,1829.6185,True,2023-05-16 18:00:00+00:00,15.0,False,,1830.518,True,2023-05-16 18:00:00+00:00,15.0,False,,1831.4175,True,2023-05-16 18:00:00+00:00,15.0,False,,1832.317,True,2023-05-16 18:00:00+00:00,15.0,False,,1834.116,False,,,False,,1835.915,False,,,False,
development,2023-05-26,2023-05-26 13:40:00+00:00,2023-05-26 13:55:00+00:00,1821.4525,1826.0,1807.81,18.19000000000005,True,2023-05-26 14:00:00+00:00,2023-05-26 20:00:00+00:00,True,2023-05-26 14:20:00+00:00,2023-05-26 14:25:00+00:00,0.6558548653106118,0.5695437053325931,1826.9095,True,2023-05-26 14:00:00+00:00,0.0,True,2023-05-26 14:30:00+00:00,1827.819,True,2023-05-26 14:25:00+00:00,25.0,True,2023-05-26 14:30:00+00:00,1828.7285,True,2023-05-26 14:25:00+00:00,25.0,True,2023-05-26 14:30:00+00:00,1829.638,True,2023-05-26 14:25:00+00:00,25.0,True,2023-05-26 14:30:00+00:00,1830.5475000000001,True,2023-05-26 14:25:00+00:00,25.0,True,2023-05-26 14:30:00+00:00,1831.457,True,2023-05-26 14:25:00+00:00,25.0,True,2023-05-26 14:35:00+00:00,1833.276,True,2023-05-26 14:25:00+00:00,25.0,True,2023-05-26 14:35:00+00:00,1835.095,True,2023-05-26 14:25:00+00:00,25.0,True,2023-05-26 14:35:00+00:00
development,2023-06-01,2023-06-01 16:25:00+00:00,2023-06-01 16:30:00+00:00,1862.31,1866.01,1851.21,14.799999999999956,True,2023-06-01 16:50:00+00:00,2023-06-01 20:00:00+00:00,True,2023-06-01 16:50:00+00:00,2023-06-01 16:55:00+00:00,1.1527027027027026,0.6540540540540604,1866.75,True,2023-06-01 16:50:00+00:00,0.0,True,2023-06-01 16:55:00+00:00,1867.49,True,2023-06-01 16:50:00+00:00,0.0,True,2023-06-01 16:55:00+00:00,1868.23,True,2023-06-01 16:50:00+00:00,0.0,True,2023-06-01 16:55:00+00:00,1868.97,True,2023-06-01 16:50:00+00:00,0.0,True,2023-06-01 16:55:00+00:00,1869.71,True,2023-06-01 16:50:00+00:00,0.0,True,2023-06-01 16:55:00+00:00,1870.45,True,2023-06-01 16:50:00+00:00,0.0,True,2023-06-01 16:55:00+00:00,1871.93,True,2023-06-01 16:50:00+00:00,0.0,True,2023-06-01 16:55:00+00:00,1873.4099999999999,True,2023-06-01 16:50:00+00:00,0.0,True,2023-06-01 17:00:00+00:00
development,2023-06-21,2023-06-21 14:00:00+00:00,2023-06-21 14:20:00+00:00,1830.895,1839.0,1806.58,32.42000000000007,True,2023-06-21 14:25:00+00:00,2023-06-21 20:00:00+00:00,True,2023-06-21 14:25:00+00:00,2023-06-21 14:30:00+00:00,1.9309068476249158,1.6933991363355942,1840.621,True,2023-06-21 14:25:00+00:00,0.0,True,2023-06-21 14:30:00+00:00,1842.242,True,2023-06-21 14:25:00+00:00,0.0,True,2023-06-21 14:35:00+00:00,1843.863,True,2023-06-21 14:25:00+00:00,0.0,True,2023-06-21 14:35:00+00:00,1845.484,True,2023-06-21 14:25:00+00:00,0.0,True,2023-06-21 14:35:00+00:00,1847.105,True,2023-06-21 14:25:00+00:00,0.0,True,2023-06-21 15:20:00+00:00,1848.726,True,2023-06-21 15:15:00+00:00,50.0,True,2023-06-21 15:25:00+00:00,1851.968,True,2023-06-21 15:15:00+00:00,50.0,True,2023-06-21 15:30:00+00:00,1855.21,True,2023-06-21 15:20:00+00:00,55.0,True,2023-06-21 16:10:00+00:00
development,2023-07-14,2023-07-14 15:35:00+00:00,2023-07-14 15:40:00+00:00,1999.0175,2004.0,1984.07,19.930000000000064,False,,2023-07-14 20:00:00+00:00,False,,,,,2004.9965,False,,,False,,2005.993,False,,,False,,2006.9895,False,,,False,,2007.986,False,,,False,,2008.9825,False,,,False,,2009.979,False,,,False,,2011.972,False,,,False,,2013.9650000000001,False,,,False,
development,2023-07-26,2023-07-26 14:05:00+00:00,2023-07-26 14:10:00+00:00,1855.615,1858.52,1846.9,11.61999999999989,True,2023-07-26 14:20:00+00:00,2023-07-26 20:00:00+00:00,True,2023-07-26 14:25:00+00:00,2023-07-26 14:30:00+00:00,2.2099827882960676,1.3115318416523367,1859.1009999999999,True,2023-07-26 14:25:00+00:00,5.0,True,2023-07-26 14:30:00+00:00,1859.682,True,2023-07-26 14:30:00+00:00,10.0,True,2023-07-26 15:15:00+00:00,1860.263,True,2023-07-26 15:10:00+00:00,50.0,True,2023-07-26 15:50:00+00:00,1860.844,True,2023-07-26 16:05:00+00:00,105.0,True,2023-07-26 18:10:00+00:00,1861.425,True,2023-07-26 16:05:00+00:00,105.0,True,2023-07-26 18:15:00+00:00,1862.0059999999999,True,2023-07-26 16:15:00+00:00,115.0,True,2023-07-26 18:15:00+00:00,1863.168,True,2023-07-26 16:15:00+00:00,115.0,True,2023-07-26 18:15:00+00:00,1864.33,True,2023-07-26 18:10:00+00:00,230.0,True,2023-07-26 18:15:00+00:00
development,2023-08-03,2023-08-03 13:40:00+00:00,2023-08-03 13:45:00+00:00,1835.125,1838.5,1825.0,13.5,True,2023-08-03 13:55:00+00:00,2023-08-03 20:00:00+00:00,True,2023-08-03 13:55:00+00:00,2023-08-03 14:00:00+00:00,1.511111111111118,1.3570370370370324,1839.175,True,2023-08-03 14:00:00+00:00,5.0,True,2023-08-03 14:05:00+00:00,1839.85,True,2023-08-03 14:00:00+00:00,5.0,True,2023-08-03 14:05:00+00:00,1840.525,True,2023-08-03 14:35:00+00:00,40.0,True,2023-08-03 14:40:00+00:00,1841.2,True,2023-08-03 14:35:00+00:00,40.0,True,2023-08-03 14:40:00+00:00,1841.875,True,2023-08-03 14:35:00+00:00,40.0,True,2023-08-03 14:50:00+00:00,1842.55,True,2023-08-03 14:40:00+00:00,45.0,True,2023-08-03 14:50:00+00:00,1843.9,True,2023-08-03 14:45:00+00:00,50.0,True,2023-08-03 14:50:00+00:00,1845.25,True,2023-08-03 14:55:00+00:00,60.0,True,2023-08-03 15:00:00+00:00
development,2023-08-25,2023-08-25 13:35:00+00:00,2023-08-25 14:00:00+00:00,1660.5325,1663.97,1650.22,13.75,True,2023-08-25 14:15:00+00:00,2023-08-25 20:00:00+00:00,True,,,0.9279999999999994,-0.28363636363637024,1664.6575,True,2023-08-25 14:15:00+00:00,0.0,False,,1665.345,True,2023-08-25 14:15:00+00:00,0.0,False,,1666.0325,True,2023-08-25 14:15:00+00:00,0.0,False,,1666.72,True,2023-08-25 14:15:00+00:00,0.0,False,,1667.4075,True,2023-08-25 14:15:00+00:00,0.0,False,,1668.095,True,2023-08-25 14:15:00+00:00,0.0,False,,1669.47,True,2023-08-25 14:15:00+00:00,0.0,False,,1670.845,True,2023-08-25 14:15:00+00:00,0.0,False,
development,2023-08-29,2023-08-29 13:50:00+00:00,2023-08-29 13:55:00+00:00,1645.1825,1647.24,1639.01,8.230000000000018,True,2023-08-29 14:00:00+00:00,2023-08-29 20:00:00+00:00,True,2023-08-29 14:00:00+00:00,2023-08-29 14:05:00+00:00,12.139732685297675,11.19319562575938,1647.6515,True,2023-08-29 14:00:00+00:00,0.0,True,2023-08-29 14:05:00+00:00,1648.063,True,2023-08-29 14:00:00+00:00,0.0,True,2023-08-29 14:05:00+00:00,1648.4745,True,2023-08-29 14:00:00+00:00,0.0,True,2023-08-29 14:05:00+00:00,1648.886,True,2023-08-29 14:00:00+00:00,0.0,True,2023-08-29 14:05:00+00:00,1649.2975000000001,True,2023-08-29 14:00:00+00:00,0.0,True,2023-08-29 14:05:00+00:00,1649.709,True,2023-08-29 14:00:00+00:00,0.0,True,2023-08-29 14:05:00+00:00,1650.532,True,2023-08-29 14:00:00+00:00,0.0,True,2023-08-29 14:10:00+00:00,1651.355,True,2023-08-29 14:00:00+00:00,0.0,True,2023-08-29 14:15:00+00:00
development,2023-09-14,2023-09-14 15:00:00+00:00,2023-09-14 15:20:00+00:00,1630.8125,1635.8,1615.85,19.950000000000045,True,2023-09-14 17:05:00+00:00,2023-09-14 20:00:00+00:00,True,2023-09-14 17:05:00+00:00,2023-09-14 17:10:00+00:00,0.4190476190476245,0.06666666666667427,1636.7975,True,2023-09-14 17:10:00+00:00,5.0,True,2023-09-14 18:05:00+00:00,1637.795,True,2023-09-14 18:00:00+00:00,55.0,False,,1638.7925,True,2023-09-14 18:35:00+00:00,90.0,False,,1639.79,True,2023-09-14 18:35:00+00:00,90.0,False,,1640.7875,True,2023-09-14 18:35:00+00:00,90.0,False,,1641.7849999999999,True,2023-09-14 18:35:00+00:00,90.0,False,,1643.78,True,2023-09-14 18:35:00+00:00,90.0,False,,1645.775,False,,,False,
development,2023-09-20,2023-09-20 18:35:00+00:00,2023-09-20 18:45:00+00:00,1632.215,1637.51,1616.33,21.180000000000064,False,,2023-09-20 20:00:00+00:00,False,,,,,1638.569,False,,,False,,1639.628,False,,,False,,1640.687,False,,,False,,1641.746,False,,,False,,1642.805,False,,,False,,1643.864,False,,,False,,1645.982,False,,,False,,1648.1,False,,,False,
development,2023-10-05,2023-10-05 13:40:00+00:00,2023-10-05 14:15:00+00:00,1643.9475,1648.43,1630.5,17.930000000000064,False,,2023-10-05 20:00:00+00:00,False,,,,,1649.3265000000001,False,,,False,,1650.223,False,,,False,,1651.1195,False,,,False,,1652.016,False,,,False,,1652.9125000000001,False,,,False,,1653.8090000000002,False,,,False,,1655.602,False,,,False,,1657.395,False,,,False,
development,2023-10-19,2023-10-19 13:35:00+00:00,2023-10-19 13:55:00+00:00,1554.135,1558.67,1540.53,18.1400000000001,True,2023-10-19 14:50:00+00:00,2023-10-19 20:00:00+00:00,True,2023-10-19 14:55:00+00:00,2023-10-19 15:00:00+00:00,0.8638368246967894,0.705071664829101,1559.577,True,2023-10-19 14:50:00+00:00,0.0,True,2023-10-19 15:00:00+00:00,1560.4840000000002,True,2023-10-19 14:50:00+00:00,0.0,True,2023-10-19 15:05:00+00:00,1561.391,True,2023-10-19 14:50:00+00:00,0.0,True,2023-10-19 15:05:00+00:00,1562.298,True,2023-10-19 15:00:00+00:00,10.0,True,2023-10-19 15:05:00+00:00,1563.2050000000002,True,2023-10-19 15:00:00+00:00,10.0,True,2023-10-19 15:05:00+00:00,1564.112,True,2023-10-19 15:00:00+00:00,10.0,True,2023-10-19 15:05:00+00:00,1565.9260000000002,True,2023-10-19 16:00:00+00:00,70.0,True,2023-10-19 16:20:00+00:00,1567.7400000000002,True,2023-10-19 16:15:00+00:00,85.0,True,2023-10-19 16:20:00+00:00
development,2023-10-23,2023-10-23 14:50:00+00:00,2023-10-23 14:55:00+00:00,1678.09,1683.72,1661.2,22.519999999999985,True,2023-10-23 15:50:00+00:00,2023-10-23 20:00:00+00:00,True,2023-10-23 16:45:00+00:00,2023-10-23 16:50:00+00:00,1.2557726465364119,1.2482238010657158,1684.846,True,2023-10-23 16:45:00+00:00,55.0,True,2023-10-23 16:55:00+00:00,1685.972,True,2023-10-23 16:45:00+00:00,55.0,True,2023-10-23 16:55:00+00:00,1687.098,True,2023-10-23 16:50:00+00:00,60.0,True,2023-10-23 16:55:00+00:00,1688.224,True,2023-10-23 16:55:00+00:00,65.0,True,2023-10-23 17:00:00+00:00,1689.35,True,2023-10-23 16:55:00+00:00,65.0,True,2023-10-23 17:00:00+00:00,1690.476,True,2023-10-23 16:55:00+00:00,65.0,True,2023-10-23 17:10:00+00:00,1692.728,True,2023-10-23 16:55:00+00:00,65.0,True,2023-10-23 18:15:00+00:00,1694.98,True,2023-10-23 18:10:00+00:00,140.0,True,2023-10-23 18:15:00+00:00
development,2023-11-15,2023-11-15 16:05:00+00:00,2023-11-15 16:20:00+00:00,2014.0125,2024.68,1982.01,42.67000000000007,True,2023-11-15 18:10:00+00:00,2023-11-15 20:00:00+00:00,True,2023-11-15 18:10:00+00:00,2023-11-15 18:15:00+00:00,0.7147879071947438,0.6585423013827065,2026.8135,True,2023-11-15 18:10:00+00:00,0.0,True,2023-11-15 18:15:00+00:00,2028.9470000000001,True,2023-11-15 18:10:00+00:00,0.0,True,2023-11-15 18:15:00+00:00,2031.0805,True,2023-11-15 18:10:00+00:00,0.0,True,2023-11-15 18:15:00+00:00,2033.2140000000002,True,2023-11-15 18:10:00+00:00,0.0,True,2023-11-15 18:15:00+00:00,2035.3475,True,2023-11-15 18:10:00+00:00,0.0,True,2023-11-15 18:20:00+00:00,2037.481,True,2023-11-15 18:15:00+00:00,5.0,True,2023-11-15 18:20:00+00:00,2041.748,True,2023-11-15 18:15:00+00:00,5.0,True,2023-11-15 18:20:00+00:00,2046.015,True,2023-11-15 18:15:00+00:00,5.0,True,2023-11-15 20:00:00+00:00
development,2023-11-24,2023-11-24 15:45:00+00:00,2023-11-24 15:55:00+00:00,2116.255,2129.96,2075.14,54.82000000000016,False,,2023-11-24 20:00:00+00:00,False,,,,,2132.701,False,,,False,,2135.442,False,,,False,,2138.183,False,,,False,,2140.924,False,,,False,,2143.665,False,,,False,,2146.406,False,,,False,,2151.888,False,,,False,,2157.37,False,,,False,
development,2023-12-26,2023-12-26 13:45:00+00:00,2023-12-26 14:05:00+00:00,2242.6225,2251.21,2216.86,34.34999999999991,True,2023-12-26 14:25:00+00:00,2023-12-26 20:00:00+00:00,True,,,0.047452692867543333,-0.018631732168846414,2252.9275000000002,False,,,False,,2254.645,False,,,False,,2256.3625,False,,,False,,2258.08,False,,,False,,2259.7975,False,,,False,,2261.515,False,,,False,,2264.95,False,,,False,,2268.385,False,,,False,
development,2024-01-15,2024-01-15 13:55:00+00:00,2024-01-15 14:00:00+00:00,2538.5825,2548.8,2507.93,40.870000000000346,True,2024-01-15 18:30:00+00:00,2024-01-15 20:00:00+00:00,True,2024-01-15 18:30:00+00:00,2024-01-15 18:35:00+00:00,0.1517005138243153,0.125275263029113,2550.8435000000004,True,2024-01-15 18:30:00+00:00,0.0,True,2024-01-15 18:35:00+00:00,2552.887,True,2024-01-15 18:30:00+00:00,0.0,True,2024-01-15 18:35:00+00:00,2554.9305000000004,True,2024-01-15 18:40:00+00:00,10.0,False,,2556.974,False,,,False,,2559.0175000000004,False,,,False,,2561.061,False,,,False,,2565.148,False,,,False,,2569.2350000000006,False,,,False,
development,2024-02-06,2024-02-06 13:35:00+00:00,2024-02-06 13:45:00+00:00,2335.3775,2344.45,2308.16,36.28999999999997,True,2024-02-06 14:35:00+00:00,2024-02-06 20:00:00+00:00,True,2024-02-06 14:35:00+00:00,2024-02-06 14:40:00+00:00,0.9517773491319922,0.9203637365665507,2346.2644999999998,True,2024-02-06 14:35:00+00:00,0.0,True,2024-02-06 16:25:00+00:00,2348.0789999999997,True,2024-02-06 16:20:00+00:00,105.0,True,2024-02-06 16:25:00+00:00,2349.8934999999997,True,2024-02-06 16:20:00+00:00,105.0,True,2024-02-06 16:25:00+00:00,2351.7079999999996,True,2024-02-06 16:20:00+00:00,105.0,True,2024-02-06 16:25:00+00:00,2353.5225,True,2024-02-06 16:20:00+00:00,105.0,True,2024-02-06 16:25:00+00:00,2355.337,True,2024-02-06 16:20:00+00:00,105.0,True,2024-02-06 16:25:00+00:00,2358.966,True,2024-02-06 16:20:00+00:00,105.0,True,2024-02-06 18:55:00+00:00,2362.595,True,2024-02-06 17:25:00+00:00,170.0,True,2024-02-06 19:00:00+00:00
development,2024-02-07,2024-02-07 14:05:00+00:00,2024-02-07 14:15:00+00:00,2370.8475,2377.11,2352.06,25.050000000000185,True,2024-02-07 14:45:00+00:00,2024-02-07 20:00:00+00:00,True,2024-02-07 14:45:00+00:00,2024-02-07 14:50:00+00:00,1.9085828343313214,1.8522954091816268,2378.3625,True,2024-02-07 14:45:00+00:00,0.0,True,2024-02-07 14:50:00+00:00,2379.6150000000002,True,2024-02-07 14:45:00+00:00,0.0,True,2024-02-07 14:50:00+00:00,2380.8675000000003,True,2024-02-07 14:45:00+00:00,0.0,True,2024-02-07 16:35:00+00:00,2382.1200000000003,True,2024-02-07 14:45:00+00:00,0.0,True,2024-02-07 16:40:00+00:00,2383.3725000000004,True,2024-02-07 14:45:00+00:00,0.0,True,2024-02-07 16:40:00+00:00,2384.625,True,2024-02-07 14:45:00+00:00,0.0,True,2024-02-07 16:45:00+00:00,2387.13,True,2024-02-07 16:35:00+00:00,110.0,True,2024-02-07 16:45:00+00:00,2389.635,True,2024-02-07 16:40:00+00:00,115.0,True,2024-02-07 16:45:00+00:00
development,2024-02-15,2024-02-15 14:00:00+00:00,2024-02-15 14:05:00+00:00,2804.6025,2816.13,2770.02,46.11000000000013,True,2024-02-15 14:10:00+00:00,2024-02-15 20:00:00+00:00,True,2024-02-15 14:20:00+00:00,2024-02-15 14:25:00+00:00,1.189546736065924,1.0824116243764847,2818.4355,True,2024-02-15 14:15:00+00:00,5.0,True,2024-02-15 14:25:00+00:00,2820.741,True,2024-02-15 14:15:00+00:00,5.0,True,2024-02-15 14:25:00+00:00,2823.0465,True,2024-02-15 14:15:00+00:00,5.0,True,2024-02-15 14:25:00+00:00,2825.3520000000003,True,2024-02-15 14:15:00+00:00,5.0,True,2024-02-15 14:25:00+00:00,2827.6575000000003,True,2024-02-15 14:25:00+00:00,15.0,True,2024-02-15 14:30:00+00:00,2829.963,True,2024-02-15 14:25:00+00:00,15.0,True,2024-02-15 14:30:00+00:00,2834.574,True,2024-02-15 14:25:00+00:00,15.0,True,2024-02-15 14:35:00+00:00,2839.1850000000004,True,2024-02-15 14:30:00+00:00,20.0,True,2024-02-15 14:35:00+00:00
development,2024-03-28,2024-03-28 13:35:00+00:00,2024-03-28 14:00:00+00:00,3586.945,3597.61,3554.95,42.66000000000031,True,2024-03-28 14:05:00+00:00,2024-03-28 20:00:00+00:00,True,2024-03-28 14:30:00+00:00,2024-03-28 14:35:00+00:00,0.4270979840600016,0.305438349742139,3599.743,True,2024-03-28 14:05:00+00:00,0.0,True,2024-03-28 14:35:00+00:00,3601.876,True,2024-03-28 14:05:00+00:00,0.0,True,2024-03-28 14:40:00+00:00,3604.009,True,2024-03-28 14:30:00+00:00,25.0,True,2024-03-28 14:45:00+00:00,3606.1420000000003,True,2024-03-28 14:30:00+00:00,25.0,True,2024-03-28 15:00:00+00:00,3608.275,True,2024-03-28 14:35:00+00:00,30.0,True,2024-03-28 15:00:00+00:00,3610.4080000000004,True,2024-03-28 14:50:00+00:00,45.0,True,2024-03-28 15:00:00+00:00,3614.6740000000004,True,2024-03-28 14:50:00+00:00,45.0,False,,3618.9400000000005,False,,,False,
development,2024-04-04,2024-04-04 14:10:00+00:00,2024-04-04 14:25:00+00:00,3367.4775,3383.0,3320.91,62.09000000000015,True,2024-04-04 14:40:00+00:00,2024-04-04 20:00:00+00:00,True,2024-04-04 14:40:00+00:00,2024-04-04 14:45:00+00:00,1.0223868577870812,0.8870993718795265,3386.1045,True,2024-04-04 14:40:00+00:00,0.0,True,2024-04-04 14:45:00+00:00,3389.209,True,2024-04-04 14:40:00+00:00,0.0,True,2024-04-04 14:50:00+00:00,3392.3135,True,2024-04-04 14:45:00+00:00,5.0,True,2024-04-04 14:50:00+00:00,3395.418,True,2024-04-04 14:45:00+00:00,5.0,True,2024-04-04 17:55:00+00:00,3398.5225,True,2024-04-04 17:50:00+00:00,190.0,True,2024-04-04 17:55:00+00:00,3401.627,True,2024-04-04 17:50:00+00:00,190.0,True,2024-04-04 17:55:00+00:00,3407.8360000000002,True,2024-04-04 17:50:00+00:00,190.0,True,2024-04-04 17:55:00+00:00,3414.045,True,2024-04-04 17:50:00+00:00,190.0,True,2024-04-04 17:55:00+00:00
development,2024-04-10,2024-04-10 17:25:00+00:00,2024-04-10 18:00:00+00:00,3511.255,3543.94,3413.2,130.74000000000024,False,,2024-04-10 20:00:00+00:00,False,,,,,3550.477,False,,,False,,3557.014,False,,,False,,3563.551,False,,,False,,3570.088,False,,,False,,3576.625,False,,,False,,3583.1620000000003,False,,,False,,3596.2360000000003,False,,,False,,3609.3100000000004,False,,,False,
development,2024-05-21,2024-05-21 13:50:00+00:00,2024-05-21 14:05:00+00:00,3785.795,3830.53,3651.59,178.94000000000003,True,2024-05-21 14:35:00+00:00,2024-05-21 20:00:00+00:00,True,,,0.10467195708058574,-0.03749860288364834,3839.4770000000003,True,2024-05-21 16:30:00+00:00,115.0,False,,3848.424,True,2024-05-21 16:30:00+00:00,115.0,False,,3857.371,False,,,False,,3866.318,False,,,False,,3875.2650000000003,False,,,False,,3884.2120000000004,False,,,False,,3902.106,False,,,False,,3920.0,False,,,False,
development,2024-05-22,2024-05-22 16:15:00+00:00,2024-05-22 16:35:00+00:00,3750.505,3782.34,3655.0,127.34000000000016,True,2024-05-22 17:15:00+00:00,2024-05-22 20:00:00+00:00,True,,,0.1380555991832881,-0.04923825977697483,3788.7070000000003,True,2024-05-22 17:15:00+00:00,0.0,False,,3795.074,True,2024-05-22 17:15:00+00:00,0.0,False,,3801.4410000000003,False,,,False,,3807.808,False,,,False,,3814.175,False,,,False,,3820.5420000000004,False,,,False,,3833.2760000000003,False,,,False,,3846.01,False,,,False,
development,2024-07-26,2024-07-26 14:15:00+00:00,2024-07-26 14:25:00+00:00,3253.965,3262.72,3227.7,35.01999999999998,False,,2024-07-26 20:00:00+00:00,False,,,,,3264.471,False,,,False,,3266.2219999999998,False,,,False,,3267.973,False,,,False,,3269.7239999999997,False,,,False,,3271.475,False,,,False,,3273.2259999999997,False,,,False,,3276.7279999999996,False,,,False,,3280.2299999999996,False,,,False,
development,2024-08-12,2024-08-12 13:40:00+00:00,2024-08-12 14:10:00+00:00,2663.2925,2698.85,2556.62,142.23000000000002,True,2024-08-12 14:35:00+00:00,2024-08-12 20:00:00+00:00,True,2024-08-12 14:35:00+00:00,2024-08-12 14:40:00+00:00,0.16248330169443945,0.07333192716023545,2705.9615,True,2024-08-12 14:35:00+00:00,0.0,True,2024-08-12 14:40:00+00:00,2713.073,True,2024-08-12 14:35:00+00:00,0.0,False,,2720.1845,True,2024-08-12 14:40:00+00:00,5.0,False,,2727.296,False,,,False,,2734.4075,False,,,False,,2741.519,False,,,False,,2755.7419999999997,False,,,False,,2769.965,False,,,False,
development,2024-08-15,2024-08-15 13:40:00+00:00,2024-08-15 13:45:00+00:00,2651.06,2666.65,2604.29,62.36000000000013,True,2024-08-15 14:00:00+00:00,2024-08-15 20:00:00+00:00,True,2024-08-15 15:45:00+00:00,2024-08-15 15:50:00+00:00,0.12059012187299498,0.09252726106478464,2669.768,True,2024-08-15 15:20:00+00:00,80.0,True,2024-08-15 15:55:00+00:00,2672.886,True,2024-08-15 15:50:00+00:00,110.0,False,,2676.004,False,,,False,,2679.1220000000003,False,,,False,,2682.2400000000002,False,,,False,,2685.358,False,,,False,,2691.594,False,,,False,,2697.83,False,,,False,
development,2024-11-21,2024-11-21 14:10:00+00:00,2024-11-21 15:10:00+00:00,3307.535,3370.0,3120.14,249.86000000000013,True,2024-11-21 18:55:00+00:00,2024-11-21 20:00:00+00:00,True,2024-11-21 18:55:00+00:00,2024-11-21 19:00:00+00:00,0.0800048026895052,0.07724325622348584,3382.493,True,2024-11-21 18:55:00+00:00,0.0,True,2024-11-21 19:05:00+00:00,3394.986,False,,,False,,3407.479,False,,,False,,3419.972,False,,,False,,3432.465,False,,,False,,3444.958,False,,,False,,3469.944,False,,,False,,3494.9300000000003,False,,,False,
development,2024-11-29,2024-11-29 14:05:00+00:00,2024-11-29 14:15:00+00:00,3600.395,3618.0,3547.58,70.42000000000007,True,2024-11-29 14:35:00+00:00,2024-11-29 20:00:00+00:00,True,2024-11-29 14:40:00+00:00,2024-11-29 14:45:00+00:00,0.4441919909116752,0.38525986935529793,3621.521,True,2024-11-29 14:40:00+00:00,5.0,True,2024-11-29 14:45:00+00:00,3625.042,True,2024-11-29 14:45:00+00:00,10.0,True,2024-11-29 14:55:00+00:00,3628.563,True,2024-11-29 14:50:00+00:00,15.0,True,2024-11-29 14:55:00+00:00,3632.084,True,2024-11-29 14:50:00+00:00,15.0,True,2024-11-29 14:55:00+00:00,3635.605,True,2024-11-29 14:55:00+00:00,20.0,True,2024-11-29 15:00:00+00:00,3639.126,True,2024-11-29 15:10:00+00:00,35.0,True,2024-11-29 15:15:00+00:00,3646.168,True,2024-11-29 15:10:00+00:00,35.0,False,,3653.21,False,,,False,
external,2020-02-04,2020-02-04 15:20:00+00:00,2020-02-04 15:30:00+00:00,187.6275,188.6,184.71,3.8899999999999855,True,2020-02-04 15:40:00+00:00,2020-02-04 20:00:00+00:00,True,2020-02-04 16:00:00+00:00,2020-02-04 16:05:00+00:00,0.3470437017994856,0.2776349614395929,188.7945,True,2020-02-04 15:50:00+00:00,10.0,True,2020-02-04 16:25:00+00:00,188.989,True,2020-02-04 16:00:00+00:00,20.0,True,2020-02-04 16:25:00+00:00,189.18349999999998,True,2020-02-04 16:20:00+00:00,40.0,True,2020-02-04 16:25:00+00:00,189.378,True,2020-02-04 16:20:00+00:00,40.0,True,2020-02-04 16:25:00+00:00,189.5725,True,2020-02-04 16:25:00+00:00,45.0,True,2020-02-04 18:05:00+00:00,189.767,True,2020-02-04 16:25:00+00:00,45.0,False,,190.15599999999998,False,,,False,,190.545,False,,,False,
external,2020-02-19,2020-02-19 16:20:00+00:00,2020-02-19 16:25:00+00:00,281.23,283.46,274.54,8.919999999999959,True,2020-02-19 17:05:00+00:00,2020-02-19 20:00:00+00:00,True,2020-02-19 17:20:00+00:00,2020-02-19 17:25:00+00:00,0.3632286995515722,0.30269058295964774,283.90599999999995,True,2020-02-19 17:25:00+00:00,20.0,True,2020-02-19 17:30:00+00:00,284.352,True,2020-02-19 17:25:00+00:00,20.0,True,2020-02-19 17:30:00+00:00,284.798,True,2020-02-19 17:25:00+00:00,20.0,True,2020-02-19 17:30:00+00:00,285.24399999999997,True,2020-02-19 17:25:00+00:00,20.0,True,2020-02-19 17:30:00+00:00,285.68999999999994,True,2020-02-19 17:25:00+00:00,20.0,True,2020-02-19 17:30:00+00:00,286.13599999999997,True,2020-02-19 17:25:00+00:00,20.0,True,2020-02-19 17:30:00+00:00,287.02799999999996,False,,,False,,287.91999999999996,False,,,False,
external,2020-03-31,2020-03-31 15:20:00+00:00,2020-03-31 15:30:00+00:00,132.695,133.26,131.0,2.259999999999991,True,2020-03-31 19:50:00+00:00,2020-03-31 20:00:00+00:00,True,,,0.10619469026549118,-0.02212389380530228,133.373,True,2020-03-31 19:50:00+00:00,0.0,False,,133.486,True,2020-03-31 19:50:00+00:00,0.0,False,,133.599,False,,,False,,133.712,False,,,False,,133.825,False,,,False,,133.938,False,,,False,,134.164,False,,,False,,134.39,False,,,False,
external,2020-04-06,2020-04-06 13:35:00+00:00,2020-04-06 13:50:00+00:00,156.065,158.4,149.06,9.340000000000003,True,2020-04-06 15:40:00+00:00,2020-04-06 20:00:00+00:00,True,2020-04-06 15:40:00+00:00,2020-04-06 15:45:00+00:00,0.9389721627408971,0.8993576017130623,158.86700000000002,True,2020-04-06 15:40:00+00:00,0.0,True,2020-04-06 15:45:00+00:00,159.334,True,2020-04-06 15:40:00+00:00,0.0,True,2020-04-06 15:50:00+00:00,159.80100000000002,True,2020-04-06 15:40:00+00:00,0.0,True,2020-04-06 15:50:00+00:00,160.268,True,2020-04-06 15:45:00+00:00,5.0,True,2020-04-06 16:00:00+00:00,160.735,True,2020-04-06 15:45:00+00:00,5.0,True,2020-04-06 16:00:00+00:00,161.202,True,2020-04-06 15:55:00+00:00,15.0,True,2020-04-06 16:05:00+00:00,162.136,True,2020-04-06 16:00:00+00:00,20.0,True,2020-04-06 16:05:00+00:00,163.07,True,2020-04-06 16:00:00+00:00,20.0,True,2020-04-06 16:05:00+00:00
external,2020-04-21,2020-04-21 14:35:00+00:00,2020-04-21 14:40:00+00:00,172.0,173.36,167.92,5.440000000000026,False,,2020-04-21 20:00:00+00:00,False,,,,,173.632,False,,,False,,173.90400000000002,False,,,False,,174.17600000000002,False,,,False,,174.448,False,,,False,,174.72000000000003,False,,,False,,174.99200000000002,False,,,False,,175.53600000000003,False,,,False,,176.08000000000004,False,,,False,
external,2020-06-01,2020-06-01 14:50:00+00:00,2020-06-01 14:55:00+00:00,239.205,240.7,234.72,5.97999999999999,False,,2020-06-01 20:00:00+00:00,False,,,,,240.999,False,,,False,,241.298,False,,,False,,241.59699999999998,False,,,False,,241.896,False,,,False,,242.195,False,,,False,,242.49399999999997,False,,,False,,243.09199999999998,False,,,False,,243.69,False,,,False,
external,2020-06-10,2020-06-10 13:40:00+00:00,2020-06-10 13:45:00+00:00,243.595,243.96,242.5,1.460000000000008,True,2020-06-10 18:10:00+00:00,2020-06-10 20:00:00+00:00,True,2020-06-10 18:10:00+00:00,2020-06-10 18:15:00+00:00,4.821917808219147,3.924657534246547,244.03300000000002,True,2020-06-10 18:10:00+00:00,0.0,True,2020-06-10 18:20:00+00:00,244.106,True,2020-06-10 18:10:00+00:00,0.0,True,2020-06-10 18:20:00+00:00,244.179,True,2020-06-10 18:15:00+00:00,5.0,True,2020-06-10 18:20:00+00:00,244.252,True,2020-06-10 18:15:00+00:00,5.0,True,2020-06-10 18:35:00+00:00,244.32500000000002,True,2020-06-10 18:25:00+00:00,15.0,True,2020-06-10 18:35:00+00:00,244.39800000000002,True,2020-06-10 18:30:00+00:00,20.0,True,2020-06-10 18:35:00+00:00,244.544,True,2020-06-10 18:30:00+00:00,20.0,True,2020-06-10 18:40:00+00:00,244.69,True,2020-06-10 18:30:00+00:00,20.0,True,2020-06-10 18:40:00+00:00
external,2020-07-01,2020-07-01 13:45:00+00:00,2020-07-01 13:55:00+00:00,228.22,229.13,225.49,3.6399999999999855,True,2020-07-01 14:30:00+00:00,2020-07-01 20:00:00+00:00,True,2020-07-01 15:55:00+00:00,2020-07-01 16:00:00+00:00,1.002747252747258,0.8791208791208871,229.31199999999998,True,2020-07-01 15:55:00+00:00,85.0,True,2020-07-01 16:00:00+00:00,229.494,True,2020-07-01 16:00:00+00:00,90.0,True,2020-07-01 16:15:00+00:00,229.676,True,2020-07-01 16:00:00+00:00,90.0,True,2020-07-01 16:15:00+00:00,229.858,True,2020-07-01 16:00:00+00:00,90.0,True,2020-07-01 16:15:00+00:00,230.04,True,2020-07-01 16:10:00+00:00,100.0,True,2020-07-01 16:15:00+00:00,230.22199999999998,True,2020-07-01 16:10:00+00:00,100.0,True,2020-07-01 16:15:00+00:00,230.58599999999998,True,2020-07-01 16:10:00+00:00,100.0,True,2020-07-01 16:25:00+00:00,230.95,True,2020-07-01 16:10:00+00:00,100.0,True,2020-07-01 16:30:00+00:00
external,2020-08-05,2020-08-05 16:25:00+00:00,2020-08-05 16:30:00+00:00,398.9575,402.11,389.5,12.610000000000014,False,,2020-08-05 20:00:00+00:00,False,,,,,402.7405,False,,,False,,403.37100000000004,False,,,False,,404.0015,False,,,False,,404.632,False,,,False,,405.26250000000005,False,,,False,,405.89300000000003,False,,,False,,407.154,False,,,False,,408.415,False,,,False,
external,2020-08-17,2020-08-17 14:05:00+00:00,2020-08-17 14:10:00+00:00,430.56500000000005,433.22,422.6,10.620000000000005,True,2020-08-17 15:45:00+00:00,2020-08-17 20:00:00+00:00,True,2020-08-17 15:45:00+00:00,2020-08-17 15:50:00+00:00,1.4858757062146861,1.008474576271184,433.75100000000003,True,2020-08-17 15:45:00+00:00,0.0,True,2020-08-17 15:50:00+00:00,434.28200000000004,True,2020-08-17 15:45:00+00:00,0.0,True,2020-08-17 15:50:00+00:00,434.81300000000005,True,2020-08-17 15:45:00+00:00,0.0,True,2020-08-17 15:50:00+00:00,435.34400000000005,True,2020-08-17 15:45:00+00:00,0.0,True,2020-08-17 15:50:00+00:00,435.875,True,2020-08-17 15:45:00+00:00,0.0,True,2020-08-17 15:50:00+00:00,436.406,True,2020-08-17 15:45:00+00:00,0.0,True,2020-08-17 15:50:00+00:00,437.468,True,2020-08-17 15:45:00+00:00,0.0,True,2020-08-17 15:50:00+00:00,438.53000000000003,True,2020-08-17 15:45:00+00:00,0.0,True,2020-08-17 15:50:00+00:00
external,2020-09-25,2020-09-25 16:15:00+00:00,2020-09-25 16:25:00+00:00,345.8775,348.67,337.5,11.170000000000016,True,2020-09-25 17:40:00+00:00,2020-09-25 20:00:00+00:00,True,2020-09-25 17:40:00+00:00,2020-09-25 17:45:00+00:00,0.60698299015219,0.5371530886302589,349.2285,True,2020-09-25 17:40:00+00:00,0.0,True,2020-09-25 17:45:00+00:00,349.78700000000003,True,2020-09-25 17:40:00+00:00,0.0,True,2020-09-25 17:45:00+00:00,350.3455,True,2020-09-25 17:45:00+00:00,5.0,True,2020-09-25 18:05:00+00:00,350.904,True,2020-09-25 18:00:00+00:00,20.0,True,2020-09-25 18:05:00+00:00,351.46250000000003,True,2020-09-25 18:00:00+00:00,20.0,True,2020-09-25 18:10:00+00:00,352.021,True,2020-09-25 18:05:00+00:00,25.0,True,2020-09-25 18:15:00+00:00,353.13800000000003,True,2020-09-25 18:10:00+00:00,30.0,True,2020-09-25 18:15:00+00:00,354.255,True,2020-09-25 18:10:00+00:00,30.0,True,2020-09-25 18:30:00+00:00
external,2020-09-28,2020-09-28 17:35:00+00:00,2020-09-28 17:50:00+00:00,364.7075,367.65,355.88,11.769999999999982,False,,2020-09-28 20:00:00+00:00,False,,,,,368.2385,False,,,False,,368.827,False,,,False,,369.41549999999995,False,,,False,,370.00399999999996,False,,,False,,370.5925,False,,,False,,371.181,False,,,False,,372.35799999999995,False,,,False,,373.53499999999997,False,,,False,
external,2020-09-30,2020-09-30 13:35:00+00:00,2020-09-30 13:40:00+00:00,354.83000000000004,356.1,351.02,5.080000000000041,True,2020-09-30 14:00:00+00:00,2020-09-30 20:00:00+00:00,True,2020-09-30 14:05:00+00:00,2020-09-30 14:10:00+00:00,0.48818897637794123,0.45275590551179845,356.35400000000004,True,2020-09-30 14:00:00+00:00,0.0,True,2020-09-30 15:15:00+00:00,356.608,True,2020-09-30 14:05:00+00:00,5.0,True,2020-09-30 15:15:00+00:00,356.862,True,2020-09-30 15:10:00+00:00,70.0,True,2020-09-30 15:15:00+00:00,357.11600000000004,True,2020-09-30 15:10:00+00:00,70.0,True,2020-09-30 15:15:00+00:00,357.37,True,2020-09-30 15:10:00+00:00,70.0,True,2020-09-30 16:30:00+00:00,357.624,True,2020-09-30 16:00:00+00:00,120.0,True,2020-09-30 16:30:00+00:00,358.13200000000006,True,2020-09-30 16:25:00+00:00,145.0,True,2020-09-30 16:30:00+00:00,358.64000000000004,False,,,False,
external,2020-10-05,2020-10-05 14:05:00+00:00,2020-10-05 14:40:00+00:00,353.025,354.2,349.5,4.699999999999989,False,,2020-10-05 20:00:00+00:00,False,,,,,354.435,False,,,False,,354.66999999999996,False,,,False,,354.905,False,,,False,,355.14,False,,,False,,355.375,False,,,False,,355.61,False,,,False,,356.08,False,,,False,,356.54999999999995,False,,,False,
external,2020-11-04,2020-11-04 13:45:00+00:00,2020-11-04 14:00:00+00:00,382.38,384.29,376.65,7.640000000000043,True,2020-11-04 16:00:00+00:00,2020-11-04 20:00:00+00:00,True,2020-11-04 16:00:00+00:00,2020-11-04 16:05:00+00:00,3.2329842931936974,3.1348167539266822,384.672,True,2020-11-04 16:00:00+00:00,0.0,True,2020-11-04 16:05:00+00:00,385.05400000000003,True,2020-11-04 16:00:00+00:00,0.0,True,2020-11-04 16:10:00+00:00,385.43600000000004,True,2020-11-04 16:00:00+00:00,0.0,True,2020-11-04 16:10:00+00:00,385.81800000000004,True,2020-11-04 16:00:00+00:00,0.0,True,2020-11-04 16:10:00+00:00,386.20000000000005,True,2020-11-04 16:05:00+00:00,5.0,True,2020-11-04 16:10:00+00:00,386.58200000000005,True,2020-11-04 16:05:00+00:00,5.0,True,2020-11-04 16:10:00+00:00,387.34600000000006,True,2020-11-04 16:05:00+00:00,5.0,True,2020-11-04 16:10:00+00:00,388.11,True,2020-11-04 16:05:00+00:00,5.0,True,2020-11-04 16:10:00+00:00
external,2020-11-05,2020-11-05 13:45:00+00:00,2020-11-05 14:00:00+00:00,407.59,411.49,395.89,15.600000000000025,True,2020-11-05 14:10:00+00:00,2020-11-05 20:00:00+00:00,True,2020-11-05 14:10:00+00:00,2020-11-05 14:15:00+00:00,0.5455128205128191,0.4499999999999982,412.27,True,2020-11-05 14:10:00+00:00,0.0,True,2020-11-05 14:25:00+00:00,413.05,True,2020-11-05 14:15:00+00:00,5.0,True,2020-11-05 14:25:00+00:00,413.83000000000004,True,2020-11-05 14:20:00+00:00,10.0,True,2020-11-05 14:55:00+00:00,414.61,True,2020-11-05 14:50:00+00:00,40.0,True,2020-11-05 14:55:00+00:00,415.39,True,2020-11-05 14:50:00+00:00,40.0,True,2020-11-05 15:00:00+00:00,416.17,True,2020-11-05 14:50:00+00:00,40.0,True,2020-11-05 16:05:00+00:00,417.73,True,2020-11-05 16:00:00+00:00,110.0,True,2020-11-05 16:05:00+00:00,419.29,True,2020-11-05 16:00:00+00:00,110.0,False,
external,2020-11-20,2020-11-20 14:15:00+00:00,2020-11-20 14:45:00+00:00,506.0625,511.21,490.62,20.58999999999997,True,2020-11-20 17:35:00+00:00,2020-11-20 20:00:00+00:00,True,2020-11-20 17:35:00+00:00,2020-11-20 17:40:00+00:00,0.16075764934434222,0.142302088392424,512.2395,True,2020-11-20 17:40:00+00:00,5.0,True,2020-11-20 17:45:00+00:00,513.269,True,2020-11-20 17:55:00+00:00,20.0,True,2020-11-20 18:00:00+00:00,514.2985,True,2020-11-20 17:55:00+00:00,20.0,False,,515.328,False,,,False,,516.3575,False,,,False,,517.387,False,,,False,,519.4459999999999,False,,,False,,521.505,False,,,False,
external,2020-12-30,2020-12-30 16:05:00+00:00,2020-12-30 16:25:00+00:00,733.225,738.46,717.52,20.94000000000005,True,2020-12-30 17:35:00+00:00,2020-12-30 20:00:00+00:00,True,2020-12-30 17:35:00+00:00,2020-12-30 17:40:00+00:00,1.0649474689589253,0.8653295128939807,739.5070000000001,True,2020-12-30 18:50:00+00:00,75.0,True,2020-12-30 18:55:00+00:00,740.5540000000001,True,2020-12-30 18:55:00+00:00,80.0,True,2020-12-30 19:00:00+00:00,741.601,True,2020-12-30 18:55:00+00:00,80.0,True,2020-12-30 19:00:00+00:00,742.648,True,2020-12-30 18:55:00+00:00,80.0,True,2020-12-30 19:00:00+00:00,743.695,True,2020-12-30 18:55:00+00:00,80.0,True,2020-12-30 19:05:00+00:00,744.7420000000001,True,2020-12-30 19:00:00+00:00,85.0,True,2020-12-30 19:10:00+00:00,746.836,True,2020-12-30 19:00:00+00:00,85.0,True,2020-12-30 19:10:00+00:00,748.9300000000001,True,2020-12-30 19:05:00+00:00,90.0,True,2020-12-30 19:10:00+00:00
external,2021-01-18,2021-01-18 14:15:00+00:00,2021-01-18 14:30:00+00:00,1246.0625,1257.76,1210.97,46.78999999999997,False,,2021-01-18 20:00:00+00:00,False,,,,,1260.0995,False,,,False,,1262.439,False,,,False,,1264.7785,False,,,False,,1267.118,False,,,False,,1269.4575,False,,,False,,1271.797,False,,,False,,1276.4759999999999,False,,,False,,1281.155,False,,,False,
external,2021-01-29,2021-01-29 14:05:00+00:00,2021-01-29 14:30:00+00:00,1401.7075,1436.97,1295.92,141.04999999999995,False,,2021-01-29 20:00:00+00:00,False,,,,,1444.0225,False,,,False,,1451.075,False,,,False,,1458.1275,False,,,False,,1465.18,False,,,False,,1472.2325,False,,,False,,1479.285,False,,,False,,1493.39,False,,,False,,1507.495,False,,,False,
external,2021-02-03,2021-02-03 13:35:00+00:00,2021-02-03 13:45:00+00:00,1556.06,1569.58,1515.5,54.07999999999993,True,2021-02-03 15:15:00+00:00,2021-02-03 20:00:00+00:00,True,2021-02-03 15:15:00+00:00,2021-02-03 15:20:00+00:00,1.604659763313611,1.5580621301775168,1572.2839999999999,True,2021-02-03 15:20:00+00:00,5.0,True,2021-02-03 15:25:00+00:00,1574.9879999999998,True,2021-02-03 15:20:00+00:00,5.0,True,2021-02-03 15:25:00+00:00,1577.692,True,2021-02-03 15:20:00+00:00,5.0,True,2021-02-03 15:25:00+00:00,1580.396,True,2021-02-03 15:20:00+00:00,5.0,True,2021-02-03 15:25:00+00:00,1583.1,True,2021-02-03 15:20:00+00:00,5.0,True,2021-02-03 15:25:00+00:00,1585.8039999999999,True,2021-02-03 15:20:00+00:00,5.0,True,2021-02-03 15:30:00+00:00,1591.212,True,2021-02-03 15:20:00+00:00,5.0,True,2021-02-03 15:35:00+00:00,1596.62,True,2021-02-03 15:30:00+00:00,15.0,True,2021-02-03 15:40:00+00:00
external,2021-03-05,2021-03-05 13:35:00+00:00,2021-03-05 13:40:00+00:00,1483.7424999999998,1497.8,1441.57,56.23000000000002,True,2021-03-05 14:00:00+00:00,2021-03-05 20:00:00+00:00,True,2021-03-05 14:00:00+00:00,2021-03-05 14:05:00+00:00,0.7199004090343234,0.7046060821625486,1500.6115,True,2021-03-05 14:15:00+00:00,15.0,True,2021-03-05 14:20:00+00:00,1503.423,True,2021-03-05 14:15:00+00:00,15.0,True,2021-03-05 14:20:00+00:00,1506.2345,True,2021-03-05 14:15:00+00:00,15.0,True,2021-03-05 14:25:00+00:00,1509.046,True,2021-03-05 14:20:00+00:00,20.0,True,2021-03-05 14:30:00+00:00,1511.8575,True,2021-03-05 14:25:00+00:00,25.0,True,2021-03-05 18:10:00+00:00,1514.6689999999999,True,2021-03-05 14:30:00+00:00,30.0,True,2021-03-05 18:15:00+00:00,1520.292,True,2021-03-05 18:10:00+00:00,250.0,True,2021-03-05 18:20:00+00:00,1525.915,True,2021-03-05 18:20:00+00:00,260.0,True,2021-03-05 19:25:00+00:00
external,2021-03-09,2021-03-09 13:50:00+00:00,2021-03-09 14:10:00+00:00,1832.95,1843.6,1801.0,42.59999999999991,True,2021-03-09 16:00:00+00:00,2021-03-09 20:00:00+00:00,True,2021-03-09 16:00:00+00:00,2021-03-09 16:05:00+00:00,0.15023474178404,0.08286384976526309,1845.73,True,2021-03-09 16:00:00+00:00,0.0,True,2021-03-09 16:05:00+00:00,1847.86,True,2021-03-09 16:00:00+00:00,0.0,False,,1849.9899999999998,True,2021-03-09 16:00:00+00:00,0.0,False,,1852.12,False,,,False,,1854.25,False,,,False,,1856.3799999999999,False,,,False,,1860.6399999999999,False,,,False,,1864.8999999999999,False,,,False,
external,2021-03-19,2021-03-19 16:05:00+00:00,2021-03-19 16:10:00+00:00,1819.065,1830.0,1786.26,43.74000000000001,True,2021-03-19 16:15:00+00:00,2021-03-19 20:00:00+00:00,True,2021-03-19 16:15:00+00:00,2021-03-19 16:20:00+00:00,0.022862368541380882,0.020576131687244873,1832.187,False,,,False,,1834.374,False,,,False,,1836.561,False,,,False,,1838.748,False,,,False,,1840.935,False,,,False,,1843.122,False,,,False,,1847.496,False,,,False,,1851.87,False,,,False,
external,2021-04-08,2021-04-08 13:40:00+00:00,2021-04-08 13:45:00+00:00,2025.735,2039.1,1985.64,53.45999999999981,True,2021-04-08 14:10:00+00:00,2021-04-08 20:00:00+00:00,True,2021-04-08 14:15:00+00:00,2021-04-08 14:20:00+00:00,0.758698092031427,0.7095024317246619,2041.773,True,2021-04-08 14:15:00+00:00,5.0,True,2021-04-08 14:20:00+00:00,2044.446,True,2021-04-08 14:15:00+00:00,5.0,True,2021-04-08 14:20:00+00:00,2047.119,True,2021-04-08 14:15:00+00:00,5.0,True,2021-04-08 14:30:00+00:00,2049.792,True,2021-04-08 14:20:00+00:00,10.0,True,2021-04-08 15:55:00+00:00,2052.4649999999997,True,2021-04-08 14:25:00+00:00,15.0,True,2021-04-08 15:55:00+00:00,2055.138,True,2021-04-08 15:50:00+00:00,100.0,True,2021-04-08 15:55:00+00:00,2060.484,True,2021-04-08 15:50:00+00:00,100.0,True,2021-04-08 16:00:00+00:00,2065.83,True,2021-04-08 16:00:00+00:00,110.0,True,2021-04-08 16:05:00+00:00
external,2021-04-26,2021-04-26 16:05:00+00:00,2021-04-26 17:00:00+00:00,2501.3725,2527.36,2423.41,103.95000000000029,True,2021-04-26 17:20:00+00:00,2021-04-26 20:00:00+00:00,True,2021-04-26 17:20:00+00:00,2021-04-26 17:25:00+00:00,0.07118807118807188,0.013564213564212129,2532.5575000000003,True,2021-04-26 17:20:00+00:00,0.0,False,,2537.755,False,,,False,,2542.9525000000003,False,,,False,,2548.15,False,,,False,,2553.3475000000003,False,,,False,,2558.545,False,,,False,,2568.94,False,,,False,,2579.335,False,,,False,
external,2021-05-04,2021-05-04 13:35:00+00:00,2021-05-04 13:50:00+00:00,3460.7925,3521.39,3279.0,242.38999999999987,False,,2021-05-04 20:00:00+00:00,False,,,,,3533.5094999999997,False,,,False,,3545.629,False,,,False,,3557.7484999999997,False,,,False,,3569.868,False,,,False,,3581.9874999999997,False,,,False,,3594.107,False,,,False,,3618.346,False,,,False,,3642.585,False,,,False,
external,2021-05-24,2021-05-24 14:30:00+00:00,2021-05-24 14:35:00+00:00,2406.6400000000003,2468.09,2222.29,245.80000000000015,True,2021-05-24 15:20:00+00:00,2021-05-24 20:00:00+00:00,True,2021-05-24 15:20:00+00:00,2021-05-24 15:25:00+00:00,0.8010984540276636,0.7653783563873048,2480.38,True,2021-05-24 15:20:00+00:00,0.0,True,2021-05-24 15:25:00+00:00,2492.67,True,2021-05-24 15:20:00+00:00,0.0,True,2021-05-24 15:25:00+00:00,2504.96,True,2021-05-24 15:30:00+00:00,10.0,True,2021-05-24 15:35:00+00:00,2517.25,True,2021-05-24 15:30:00+00:00,10.0,True,2021-05-24 17:50:00+00:00,2529.54,True,2021-05-24 16:00:00+00:00,40.0,True,2021-05-24 18:00:00+00:00,2541.8300000000004,True,2021-05-24 16:00:00+00:00,40.0,True,2021-05-24 18:00:00+00:00,2566.4100000000003,True,2021-05-24 18:15:00+00:00,175.0,True,2021-05-24 18:30:00+00:00,2590.9900000000002,True,2021-05-24 18:30:00+00:00,190.0,True,2021-05-24 18:35:00+00:00
external,2021-05-27,2021-05-27 14:30:00+00:00,2021-05-27 15:15:00+00:00,2821.5275,2867.37,2684.0,183.3699999999999,False,,2021-05-27 20:00:00+00:00,False,,,,,2876.5384999999997,False,,,False,,2885.707,False,,,False,,2894.8755,False,,,False,,2904.044,False,,,False,,2913.2124999999996,False,,,False,,2922.381,False,,,False,,2940.718,False,,,False,,2959.055,False,,,False,
external,2021-06-02,2021-06-02 13:35:00+00:00,2021-06-02 14:00:00+00:00,2727.33,2749.44,2661.0,88.44000000000005,True,2021-06-02 14:30:00+00:00,2021-06-02 20:00:00+00:00,True,2021-06-02 14:30:00+00:00,2021-06-02 14:35:00+00:00,0.6173677069199444,0.48586612392582285,2753.862,True,2021-06-02 14:30:00+00:00,0.0,True,2021-06-02 14:35:00+00:00,2758.284,True,2021-06-02 14:30:00+00:00,0.0,True,2021-06-02 14:35:00+00:00,2762.706,True,2021-06-02 14:35:00+00:00,5.0,True,2021-06-02 14:40:00+00:00,2767.128,True,2021-06-02 14:35:00+00:00,5.0,True,2021-06-02 14:45:00+00:00,2771.55,True,2021-06-02 14:35:00+00:00,5.0,True,2021-06-02 15:05:00+00:00,2775.972,True,2021-06-02 14:35:00+00:00,5.0,True,2021-06-02 15:10:00+00:00,2784.8160000000003,True,2021-06-02 15:10:00+00:00,40.0,True,2021-06-02 15:15:00+00:00,2793.66,True,2021-06-02 15:10:00+00:00,40.0,False,
external,2021-07-16,2021-07-16 13:35:00+00:00,2021-07-16 13:45:00+00:00,1896.715,1913.62,1846.0,67.61999999999989,True,2021-07-16 14:40:00+00:00,2021-07-16 20:00:00+00:00,True,2021-07-16 15:30:00+00:00,2021-07-16 15:35:00+00:00,0.39012126589766566,0.34279798876072315,1917.001,True,2021-07-16 15:00:00+00:00,20.0,True,2021-07-16 15:35:00+00:00,1920.3819999999998,True,2021-07-16 15:30:00+00:00,50.0,True,2021-07-16 15:35:00+00:00,1923.763,True,2021-07-16 15:30:00+00:00,50.0,True,2021-07-16 15:35:00+00:00,1927.1439999999998,True,2021-07-16 15:40:00+00:00,60.0,True,2021-07-16 15:45:00+00:00,1930.5249999999999,True,2021-07-16 15:40:00+00:00,60.0,True,2021-07-16 15:45:00+00:00,1933.906,True,2021-07-16 16:00:00+00:00,80.0,True,2021-07-16 16:35:00+00:00,1940.668,False,,,False,,1947.4299999999998,False,,,False,
external,2021-07-20,2021-07-20 14:10:00+00:00,2021-07-20 14:15:00+00:00,1751.2725,1763.03,1716.0,47.02999999999997,True,2021-07-20 14:25:00+00:00,2021-07-20 20:00:00+00:00,True,2021-07-20 14:55:00+00:00,2021-07-20 15:00:00+00:00,1.2113544546034458,1.018924091005743,1765.3815,True,2021-07-20 14:30:00+00:00,5.0,True,2021-07-20 15:00:00+00:00,1767.733,True,2021-07-20 14:55:00+00:00,30.0,True,2021-07-20 15:15:00+00:00,1770.0845,True,2021-07-20 15:10:00+00:00,45.0,True,2021-07-20 15:15:00+00:00,1772.436,True,2021-07-20 15:10:00+00:00,45.0,True,2021-07-20 15:15:00+00:00,1774.7875,True,2021-07-20 15:10:00+00:00,45.0,True,2021-07-20 15:25:00+00:00,1777.139,True,2021-07-20 15:10:00+00:00,45.0,True,2021-07-20 15:30:00+00:00,1781.8419999999999,True,2021-07-20 15:10:00+00:00,45.0,True,2021-07-20 15:30:00+00:00,1786.545,True,2021-07-20 15:25:00+00:00,60.0,True,2021-07-20 15:30:00+00:00
external,2021-07-27,2021-07-27 13:40:00+00:00,2021-07-27 14:00:00+00:00,2286.02,2317.36,2192.0,125.36000000000011,False,,2021-07-27 20:00:00+00:00,False,,,,,2323.628,False,,,False,,2329.896,False,,,False,,2336.164,False,,,False,,2342.4320000000002,False,,,False,,2348.7000000000003,False,,,False,,2354.9680000000003,False,,,False,,2367.5040000000004,False,,,False,,2380.04,False,,,False,
external,2021-07-29,2021-07-29 15:15:00+00:00,2021-07-29 15:30:00+00:00,2316.135,2328.0,2280.54,47.46000000000004,True,2021-07-29 16:00:00+00:00,2021-07-29 20:00:00+00:00,True,2021-07-29 16:15:00+00:00,2021-07-29 16:20:00+00:00,0.33712600084281474,0.10682680151707037,2330.373,True,2021-07-29 16:00:00+00:00,0.0,True,2021-07-29 16:20:00+00:00,2332.746,True,2021-07-29 16:00:00+00:00,0.0,True,2021-07-29 16:20:00+00:00,2335.119,True,2021-07-29 16:20:00+00:00,20.0,False,,2337.492,True,2021-07-29 16:20:00+00:00,20.0,False,,2339.865,True,2021-07-29 16:20:00+00:00,20.0,False,,2342.238,True,2021-07-29 16:20:00+00:00,20.0,False,,2346.984,False,,,False,,2351.73,False,,,False,
external,2021-09-01,2021-09-01 14:35:00+00:00,2021-09-01 15:15:00+00:00,3551.5025,3564.0,3514.01,49.98999999999978,True,2021-09-01 15:40:00+00:00,2021-09-01 20:00:00+00:00,True,2021-09-01 15:45:00+00:00,2021-09-01 15:50:00+00:00,5.073614722944614,3.8167633526705544,3566.4995,True,2021-09-01 15:40:00+00:00,0.0,True,2021-09-01 15:50:00+00:00,3568.999,True,2021-09-01 15:40:00+00:00,0.0,True,2021-09-01 15:50:00+00:00,3571.4985,True,2021-09-01 15:40:00+00:00,0.0,True,2021-09-01 16:00:00+00:00,3573.998,True,2021-09-01 15:40:00+00:00,0.0,True,2021-09-01 16:00:00+00:00,3576.4975,True,2021-09-01 15:40:00+00:00,0.0,True,2021-09-01 16:00:00+00:00,3578.997,True,2021-09-01 15:55:00+00:00,15.0,True,2021-09-01 16:00:00+00:00,3583.996,True,2021-09-01 15:55:00+00:00,15.0,True,2021-09-01 16:05:00+00:00,3588.995,True,2021-09-01 16:00:00+00:00,20.0,True,2021-09-01 16:05:00+00:00
external,2021-09-02,2021-09-02 13:50:00+00:00,2021-09-02 14:00:00+00:00,3782.5075,3800.0,3730.03,69.9699999999998,True,2021-09-02 14:05:00+00:00,2021-09-02 20:00:00+00:00,True,2021-09-02 14:05:00+00:00,2021-09-02 14:10:00+00:00,0.5430898956695742,0.39474060311562054,3803.4985,True,2021-09-02 14:05:00+00:00,0.0,True,2021-09-02 14:10:00+00:00,3806.997,True,2021-09-02 14:05:00+00:00,0.0,True,2021-09-02 14:10:00+00:00,3810.4955,True,2021-09-02 14:05:00+00:00,0.0,True,2021-09-02 14:10:00+00:00,3813.994,True,2021-09-02 14:05:00+00:00,0.0,True,2021-09-02 14:10:00+00:00,3817.4925,True,2021-09-02 14:05:00+00:00,0.0,True,2021-09-02 14:10:00+00:00,3820.991,True,2021-09-02 14:05:00+00:00,0.0,True,2021-09-02 14:10:00+00:00,3827.988,True,2021-09-02 14:05:00+00:00,0.0,False,,3834.9849999999997,True,2021-09-02 14:05:00+00:00,0.0,False,
external,2021-09-15,2021-09-15 14:15:00+00:00,2021-09-15 14:20:00+00:00,3428.6125,3445.0,3379.45,65.55000000000018,True,2021-09-15 15:00:00+00:00,2021-09-15 20:00:00+00:00,True,2021-09-15 15:00:00+00:00,2021-09-15 15:05:00+00:00,1.678108314263916,1.5676582761250943,3448.2775,True,2021-09-15 15:00:00+00:00,0.0,True,2021-09-15 15:05:00+00:00,3451.555,True,2021-09-15 15:00:00+00:00,0.0,True,2021-09-15 15:10:00+00:00,3454.8325,True,2021-09-15 15:00:00+00:00,0.0,True,2021-09-15 15:10:00+00:00,3458.11,True,2021-09-15 15:00:00+00:00,0.0,True,2021-09-15 15:10:00+00:00,3461.3875,True,2021-09-15 15:05:00+00:00,5.0,True,2021-09-15 15:10:00+00:00,3464.665,True,2021-09-15 15:05:00+00:00,5.0,True,2021-09-15 15:10:00+00:00,3471.2200000000003,True,2021-09-15 15:05:00+00:00,5.0,True,2021-09-15 15:10:00+00:00,3477.775,True,2021-09-15 15:05:00+00:00,5.0,True,2021-09-15 15:10:00+00:00
external,2021-10-25,2021-10-25 14:05:00+00:00,2021-10-25 14:10:00+00:00,4152.1425,4166.19,4110.0,56.1899999999996,True,2021-10-25 15:40:00+00:00,2021-10-25 20:00:00+00:00,True,2021-10-25 15:40:00+00:00,2021-10-25 15:45:00+00:00,1.3141128314646853,1.2233493504182449,4168.9995,True,2021-10-25 15:45:00+00:00,5.0,True,2021-10-25 15:50:00+00:00,4171.808999999999,True,2021-10-25 15:45:00+00:00,5.0,True,2021-10-25 15:50:00+00:00,4174.6185,True,2021-10-25 15:50:00+00:00,10.0,True,2021-10-25 15:55:00+00:00,4177.428,True,2021-10-25 15:50:00+00:00,10.0,True,2021-10-25 15:55:00+00:00,4180.237499999999,True,2021-10-25 15:50:00+00:00,10.0,True,2021-10-25 15:55:00+00:00,4183.047,True,2021-10-25 15:50:00+00:00,10.0,True,2021-10-25 15:55:00+00:00,4188.665999999999,True,2021-10-25 15:50:00+00:00,10.0,True,2021-10-25 15:55:00+00:00,4194.285,True,2021-10-25 15:50:00+00:00,10.0,True,2021-10-25 15:55:00+00:00
external,2021-10-28,2021-10-28 13:35:00+00:00,2021-10-28 15:50:00+00:00,4152.3875,4199.32,4011.59,187.7299999999996,True,2021-10-28 17:00:00+00:00,2021-10-28 20:00:00+00:00,True,2021-10-28 17:00:00+00:00,2021-10-28 17:05:00+00:00,0.3951419591967212,0.3400628562296931,4208.706499999999,True,2021-10-28 17:00:00+00:00,0.0,True,2021-10-28 17:20:00+00:00,4218.093,True,2021-10-28 17:05:00+00:00,5.0,True,2021-10-28 17:25:00+00:00,4227.4794999999995,True,2021-10-28 17:20:00+00:00,20.0,True,2021-10-28 19:40:00+00:00,4236.866,True,2021-10-28 19:40:00+00:00,160.0,True,2021-10-28 19:50:00+00:00,4246.2525,True,2021-10-28 19:40:00+00:00,160.0,True,2021-10-28 19:50:00+00:00,4255.638999999999,True,2021-10-28 19:45:00+00:00,165.0,True,2021-10-28 19:50:00+00:00,4274.411999999999,False,,,False,,4293.1849999999995,False,,,False,
external,2021-11-16,2021-11-16 14:50:00+00:00,2021-11-16 15:55:00+00:00,4278.0,4345.0,4077.0,268.0,False,,2021-11-16 20:00:00+00:00,False,,,,,4358.4,False,,,False,,4371.8,False,,,False,,4385.2,False,,,False,,4398.6,False,,,False,,4412.0,False,,,False,,4425.4,False,,,False,,4452.2,False,,,False,,4479.0,False,,,False,
external,2021-12-16,2021-12-16 13:55:00+00:00,2021-12-16 14:00:00+00:00,4064.4525,4083.9,4006.11,77.78999999999996,True,2021-12-16 14:35:00+00:00,2021-12-16 20:00:00+00:00,True,2021-12-16 15:45:00+00:00,2021-12-16 15:50:00+00:00,0.44440159403522533,0.2556883918241404,4087.7895,True,2021-12-16 14:35:00+00:00,0.0,True,2021-12-16 15:50:00+00:00,4091.679,True,2021-12-16 15:30:00+00:00,55.0,True,2021-12-16 16:25:00+00:00,4095.5685000000003,True,2021-12-16 15:50:00+00:00,75.0,True,2021-12-16 16:25:00+00:00,4099.4580000000005,True,2021-12-16 15:50:00+00:00,75.0,True,2021-12-16 16:25:00+00:00,4103.3475,True,2021-12-16 15:50:00+00:00,75.0,True,2021-12-16 16:25:00+00:00,4107.237,True,2021-12-16 15:50:00+00:00,75.0,False,,4115.016,True,2021-12-16 15:50:00+00:00,75.0,False,,4122.795,False,,,False,
external,2021-12-23,2021-12-23 16:10:00+00:00,2021-12-23 16:30:00+00:00,3945.57,3964.47,3888.87,75.59999999999991,True,2021-12-23 16:40:00+00:00,2021-12-23 20:00:00+00:00,True,2021-12-23 16:40:00+00:00,2021-12-23 16:45:00+00:00,2.5031746031746094,2.3972222222222253,3968.25,True,2021-12-23 16:45:00+00:00,5.0,True,2021-12-23 16:50:00+00:00,3972.0299999999997,True,2021-12-23 16:45:00+00:00,5.0,True,2021-12-23 16:50:00+00:00,3975.81,True,2021-12-23 16:45:00+00:00,5.0,True,2021-12-23 16:55:00+00:00,3979.5899999999997,True,2021-12-23 16:45:00+00:00,5.0,True,2021-12-23 16:55:00+00:00,3983.37,True,2021-12-23 16:50:00+00:00,10.0,True,2021-12-23 17:00:00+00:00,3987.1499999999996,True,2021-12-23 16:55:00+00:00,15.0,True,2021-12-23 17:10:00+00:00,3994.7099999999996,True,2021-12-23 17:05:00+00:00,25.0,True,2021-12-23 17:35:00+00:00,4002.2699999999995,True,2021-12-23 17:30:00+00:00,50.0,True,2021-12-23 17:40:00+00:00
reference_validation,2025-01-01,2025-01-01 14:05:00+00:00,2025-01-01 14:15:00+00:00,3342.74,3352.78,3312.62,40.16000000000031,True,2025-01-01 15:45:00+00:00,2025-01-01 20:00:00+00:00,True,2025-01-01 16:05:00+00:00,2025-01-01 16:10:00+00:00,0.2868525896414316,0.15463147410357406,3354.788,True,2025-01-01 16:00:00+00:00,15.0,True,2025-01-01 19:50:00+00:00,3356.7960000000003,True,2025-01-01 19:45:00+00:00,240.0,True,2025-01-01 19:50:00+00:00,3358.804,True,2025-01-01 19:45:00+00:00,240.0,True,2025-01-01 19:50:00+00:00,3360.8120000000004,True,2025-01-01 19:45:00+00:00,240.0,False,,3362.82,True,2025-01-01 19:45:00+00:00,240.0,False,,3364.8280000000004,False,,,False,,3368.8440000000005,False,,,False,,3372.8600000000006,False,,,False,
reference_validation,2025-02-04,2025-02-04 13:35:00+00:00,2025-02-04 13:55:00+00:00,2793.345,2832.7,2675.28,157.41999999999962,True,2025-02-04 14:30:00+00:00,2025-02-04 20:00:00+00:00,True,2025-02-04 14:35:00+00:00,2025-02-04 14:40:00+00:00,0.22614661415322354,0.18460170245204213,2840.571,True,2025-02-04 14:35:00+00:00,5.0,True,2025-02-04 19:15:00+00:00,2848.442,True,2025-02-04 19:10:00+00:00,280.0,True,2025-02-04 19:15:00+00:00,2856.3129999999996,True,2025-02-04 19:10:00+00:00,280.0,True,2025-02-04 19:15:00+00:00,2864.1839999999997,True,2025-02-04 19:15:00+00:00,285.0,False,,2872.055,False,,,False,,2879.9259999999995,False,,,False,,2895.6679999999997,False,,,False,,2911.41,False,,,False,
reference_validation,2025-02-20,2025-02-20 13:35:00+00:00,2025-02-20 13:45:00+00:00,2740.43,2746.0,2723.72,22.2800000000002,True,2025-02-20 14:00:00+00:00,2025-02-20 20:00:00+00:00,True,2025-02-20 14:00:00+00:00,2025-02-20 14:05:00+00:00,1.099640933572701,0.7912926391382383,2747.114,True,2025-02-20 14:00:00+00:00,0.0,True,2025-02-20 14:05:00+00:00,2748.228,True,2025-02-20 14:00:00+00:00,0.0,True,2025-02-20 14:05:00+00:00,2749.342,True,2025-02-20 14:00:00+00:00,0.0,True,2025-02-20 14:05:00+00:00,2750.456,True,2025-02-20 14:00:00+00:00,0.0,True,2025-02-20 14:05:00+00:00,2751.57,True,2025-02-20 14:00:00+00:00,0.0,True,2025-02-20 14:05:00+00:00,2752.684,True,2025-02-20 14:00:00+00:00,0.0,True,2025-02-20 14:05:00+00:00,2754.9120000000003,True,2025-02-20 14:00:00+00:00,0.0,True,2025-02-20 14:05:00+00:00,2757.1400000000003,True,2025-02-20 14:05:00+00:00,5.0,True,2025-02-20 14:10:00+00:00
reference_validation,2025-02-21,2025-02-21 13:45:00+00:00,2025-02-21 14:10:00+00:00,2819.45,2843.75,2746.55,97.19999999999982,False,,2025-02-21 20:00:00+00:00,False,,,,,2848.61,False,,,False,,2853.47,False,,,False,,2858.33,False,,,False,,2863.19,False,,,False,,2868.05,False,,,False,,2872.91,False,,,False,,2882.63,False,,,False,,2892.35,False,,,False,
reference_validation,2025-03-03,2025-03-03 13:45:00+00:00,2025-03-03 13:50:00+00:00,2370.4925,2386.99,2321.0,65.98999999999978,False,,2025-03-03 20:00:00+00:00,False,,,,,2390.2895,False,,,False,,2393.589,False,,,False,,2396.8884999999996,False,,,False,,2400.1879999999996,False,,,False,,2403.4874999999997,False,,,False,,2406.787,False,,,False,,2413.3859999999995,False,,,False,,2419.9849999999997,False,,,False,
reference_validation,2025-04-24,2025-04-24 13:35:00+00:00,2025-04-24 13:40:00+00:00,1750.215,1759.88,1721.22,38.66000000000008,True,2025-04-24 14:00:00+00:00,2025-04-24 20:00:00+00:00,True,2025-04-24 14:00:00+00:00,2025-04-24 14:05:00+00:00,0.45137092602172224,0.3804966373512617,1761.813,True,2025-04-24 14:00:00+00:00,0.0,True,2025-04-24 14:05:00+00:00,1763.746,True,2025-04-24 14:00:00+00:00,0.0,True,2025-04-24 14:05:00+00:00,1765.679,True,2025-04-24 14:00:00+00:00,0.0,True,2025-04-24 14:10:00+00:00,1767.612,True,2025-04-24 14:00:00+00:00,0.0,True,2025-04-24 14:10:00+00:00,1769.545,True,2025-04-24 14:05:00+00:00,5.0,True,2025-04-24 14:10:00+00:00,1771.478,True,2025-04-24 14:50:00+00:00,50.0,True,2025-04-24 15:15:00+00:00,1775.344,True,2025-04-24 14:50:00+00:00,50.0,False,,1779.21,False,,,False,
reference_validation,2025-05-08,2025-05-08 13:40:00+00:00,2025-05-08 13:45:00+00:00,1963.67,1976.56,1925.0,51.559999999999945,True,2025-05-08 13:55:00+00:00,2025-05-08 20:00:00+00:00,True,2025-05-08 14:00:00+00:00,2025-05-08 14:05:00+00:00,3.1739720713731625,3.025795190069829,1979.138,True,2025-05-08 14:00:00+00:00,5.0,True,2025-05-08 14:05:00+00:00,1981.716,True,2025-05-08 14:00:00+00:00,5.0,True,2025-05-08 14:35:00+00:00,1984.2939999999999,True,2025-05-08 14:30:00+00:00,35.0,True,2025-05-08 14:35:00+00:00,1986.8719999999998,True,2025-05-08 14:30:00+00:00,35.0,True,2025-05-08 14:35:00+00:00,1989.4499999999998,True,2025-05-08 14:30:00+00:00,35.0,True,2025-05-08 14:35:00+00:00,1992.028,True,2025-05-08 14:30:00+00:00,35.0,True,2025-05-08 14:50:00+00:00,1997.184,True,2025-05-08 14:45:00+00:00,50.0,True,2025-05-08 15:10:00+00:00,2002.34,True,2025-05-08 14:50:00+00:00,55.0,True,2025-05-08 15:10:00+00:00
reference_validation,2025-05-21,2025-05-21 14:25:00+00:00,2025-05-21 14:30:00+00:00,2549.4125,2561.48,2513.21,48.26999999999998,True,2025-05-21 14:50:00+00:00,2025-05-21 20:00:00+00:00,True,2025-05-21 14:50:00+00:00,2025-05-21 14:55:00+00:00,1.108556038947582,1.0739589807333783,2563.8935,True,2025-05-21 14:50:00+00:00,0.0,True,2025-05-21 14:55:00+00:00,2566.307,True,2025-05-21 14:50:00+00:00,0.0,True,2025-05-21 15:00:00+00:00,2568.7205,True,2025-05-21 14:50:00+00:00,0.0,True,2025-05-21 15:00:00+00:00,2571.134,True,2025-05-21 14:50:00+00:00,0.0,True,2025-05-21 15:00:00+00:00,2573.5475,True,2025-05-21 14:50:00+00:00,0.0,True,2025-05-21 15:00:00+00:00,2575.9610000000002,True,2025-05-21 14:50:00+00:00,0.0,True,2025-05-21 15:00:00+00:00,2580.788,True,2025-05-21 15:00:00+00:00,10.0,True,2025-05-21 16:35:00+00:00,2585.615,True,2025-05-21 16:30:00+00:00,100.0,True,2025-05-21 16:35:00+00:00
reference_validation,2025-07-18,2025-07-18 13:50:00+00:00,2025-07-18 14:00:00+00:00,3637.2425,3654.99,3584.0,70.98999999999978,True,2025-07-18 14:05:00+00:00,2025-07-18 20:00:00+00:00,True,2025-07-18 14:05:00+00:00,2025-07-18 14:10:00+00:00,0.26383997746161536,0.14100577546133608,3658.5395,True,2025-07-18 14:05:00+00:00,0.0,True,2025-07-18 14:10:00+00:00,3662.089,True,2025-07-18 14:05:00+00:00,0.0,True,2025-07-18 14:10:00+00:00,3665.6384999999996,True,2025-07-18 14:05:00+00:00,0.0,False,,3669.1879999999996,True,2025-07-18 14:10:00+00:00,5.0,False,,3672.7374999999997,True,2025-07-18 14:10:00+00:00,5.0,False,,3676.287,False,,,False,,3683.3859999999995,False,,,False,,3690.4849999999997,False,,,False,
reference_validation,2025-07-30,2025-07-30 14:55:00+00:00,2025-07-30 15:05:00+00:00,3803.695,3824.26,3742.0,82.26000000000022,False,,2025-07-30 20:00:00+00:00,False,,,,,3828.373,False,,,False,,3832.4860000000003,False,,,False,,3836.599,False,,,False,,3840.7120000000004,False,,,False,,3844.8250000000003,False,,,False,,3848.938,False,,,False,,3857.164,False,,,False,,3865.3900000000003,False,,,False,
reference_validation,2025-08-12,2025-08-12 13:35:00+00:00,2025-08-12 13:40:00+00:00,4385.182500000001,4428.39,4255.56,172.82999999999993,True,2025-08-12 15:00:00+00:00,2025-08-12 20:00:00+00:00,True,2025-08-12 15:25:00+00:00,2025-08-12 15:30:00+00:00,0.5242724064109223,0.5021119018688872,4437.0315,True,2025-08-12 15:05:00+00:00,5.0,True,2025-08-12 15:35:00+00:00,4445.673000000001,True,2025-08-12 15:30:00+00:00,30.0,True,2025-08-12 15:35:00+00:00,4454.3145,True,2025-08-12 15:35:00+00:00,35.0,True,2025-08-12 15:55:00+00:00,4462.956,True,2025-08-12 15:50:00+00:00,50.0,True,2025-08-12 15:55:00+00:00,4471.5975,True,2025-08-12 15:50:00+00:00,50.0,True,2025-08-12 16:05:00+00:00,4480.2390000000005,True,2025-08-12 15:55:00+00:00,55.0,True,2025-08-12 16:10:00+00:00,4497.522,True,2025-08-12 17:20:00+00:00,140.0,True,2025-08-12 18:00:00+00:00,4514.805,True,2025-08-12 18:05:00+00:00,185.0,True,2025-08-12 20:00:00+00:00
reference_validation,2025-08-18,2025-08-18 13:40:00+00:00,2025-08-18 13:45:00+00:00,4331.2075,4366.91,4224.1,142.8099999999995,True,2025-08-18 17:30:00+00:00,2025-08-18 20:00:00+00:00,True,2025-08-18 17:30:00+00:00,2025-08-18 17:35:00+00:00,0.11735872838036747,0.08689867656326516,4374.050499999999,True,2025-08-18 17:30:00+00:00,0.0,True,2025-08-18 19:05:00+00:00,4381.191,True,2025-08-18 19:00:00+00:00,90.0,False,,4388.3315,False,,,False,,4395.472,False,,,False,,4402.612499999999,False,,,False,,4409.753,False,,,False,,4424.034,False,,,False,,4438.315,False,,,False,
reference_validation,2025-08-19,2025-08-19 13:35:00+00:00,2025-08-19 13:40:00+00:00,4290.860000000001,4315.71,4216.31,99.39999999999964,False,,2025-08-19 20:00:00+00:00,False,,,,,4320.68,False,,,False,,4325.65,False,,,False,,4330.62,False,,,False,,4335.59,False,,,False,,4340.5599999999995,False,,,False,,4345.53,False,,,False,,4355.47,False,,,False,,4365.41,False,,,False,
reference_validation,2025-09-22,2025-09-22 14:25:00+00:00,2025-09-22 14:40:00+00:00,4195.1875,4215.25,4135.0,80.25,False,,2025-09-22 20:00:00+00:00,False,,,,,4219.2625,False,,,False,,4223.275,False,,,False,,4227.2875,False,,,False,,4231.3,False,,,False,,4235.3125,False,,,False,,4239.325,False,,,False,,4247.35,False,,,False,,4255.375,False,,,False,
reference_validation,2025-10-02,2025-10-02 14:05:00+00:00,2025-10-02 14:15:00+00:00,4404.305,4416.96,4366.34,50.61999999999989,True,2025-10-02 14:25:00+00:00,2025-10-02 20:00:00+00:00,True,2025-10-02 15:50:00+00:00,2025-10-02 15:55:00+00:00,1.9693796918214108,1.8972738048202324,4419.491,True,2025-10-02 15:50:00+00:00,85.0,True,2025-10-02 15:55:00+00:00,4422.022,True,2025-10-02 15:50:00+00:00,85.0,True,2025-10-02 15:55:00+00:00,4424.553,True,2025-10-02 15:50:00+00:00,85.0,True,2025-10-02 15:55:00+00:00,4427.084,True,2025-10-02 15:50:00+00:00,85.0,True,2025-10-02 15:55:00+00:00,4429.615,True,2025-10-02 15:50:00+00:00,85.0,True,2025-10-02 16:00:00+00:00,4432.146,True,2025-10-02 15:50:00+00:00,85.0,True,2025-10-02 16:00:00+00:00,4437.208,True,2025-10-02 15:55:00+00:00,90.0,True,2025-10-02 16:05:00+00:00,4442.27,True,2025-10-02 16:00:00+00:00,95.0,True,2025-10-02 16:05:00+00:00
reference_validation,2025-10-03,2025-10-03 13:35:00+00:00,2025-10-03 13:40:00+00:00,4476.31,4493.08,4426.0,67.07999999999993,True,2025-10-03 15:20:00+00:00,2025-10-03 20:00:00+00:00,True,2025-10-03 15:30:00+00:00,2025-10-03 15:35:00+00:00,1.4572152653548018,1.3044126416219453,4496.434,True,2025-10-03 15:30:00+00:00,10.0,True,2025-10-03 15:35:00+00:00,4499.788,True,2025-10-03 15:30:00+00:00,10.0,True,2025-10-03 15:35:00+00:00,4503.142,True,2025-10-03 15:30:00+00:00,10.0,True,2025-10-03 15:55:00+00:00,4506.496,True,2025-10-03 15:45:00+00:00,25.0,True,2025-10-03 15:55:00+00:00,4509.85,True,2025-10-03 15:50:00+00:00,30.0,True,2025-10-03 15:55:00+00:00,4513.204,True,2025-10-03 15:50:00+00:00,30.0,True,2025-10-03 15:55:00+00:00,4519.912,True,2025-10-03 15:50:00+00:00,30.0,True,2025-10-03 15:55:00+00:00,4526.62,True,2025-10-03 15:55:00+00:00,35.0,True,2025-10-03 16:00:00+00:00
reference_validation,2025-10-14,2025-10-14 14:20:00+00:00,2025-10-14 14:25:00+00:00,3981.3375,4013.42,3885.09,128.32999999999993,True,2025-10-14 15:40:00+00:00,2025-10-14 20:00:00+00:00,True,2025-10-14 15:40:00+00:00,2025-10-14 15:45:00+00:00,1.1675368191381594,1.0043637497077877,4019.8365,True,2025-10-14 15:40:00+00:00,0.0,True,2025-10-14 15:45:00+00:00,4026.253,True,2025-10-14 15:40:00+00:00,0.0,True,2025-10-14 15:50:00+00:00,4032.6695,True,2025-10-14 15:45:00+00:00,5.0,True,2025-10-14 15:50:00+00:00,4039.0860000000002,True,2025-10-14 15:45:00+00:00,5.0,True,2025-10-14 15:50:00+00:00,4045.5025,True,2025-10-14 15:50:00+00:00,10.0,True,2025-10-14 15:55:00+00:00,4051.919,True,2025-10-14 15:50:00+00:00,10.0,True,2025-10-14 15:55:00+00:00,4064.752,True,2025-10-14 15:50:00+00:00,10.0,True,2025-10-14 15:55:00+00:00,4077.585,True,2025-10-14 15:55:00+00:00,15.0,True,2025-10-14 16:00:00+00:00
reference_validation,2025-11-03,2025-11-03 14:10:00+00:00,2025-11-03 14:25:00+00:00,3717.5175,3739.98,3650.13,89.84999999999991,False,,2025-11-03 20:00:00+00:00,False,,,,,3744.4725,False,,,False,,3748.965,False,,,False,,3753.4575,False,,,False,,3757.95,False,,,False,,3762.4425,False,,,False,,3766.935,False,,,False,,3775.92,False,,,False,,3784.9049999999997,False,,,False,
reference_validation,2025-11-14,2025-11-14 14:50:00+00:00,2025-11-14 15:00:00+00:00,3180.3500000000004,3217.8,3068.0,149.80000000000018,True,2025-11-14 15:45:00+00:00,2025-11-14 20:00:00+00:00,True,2025-11-14 15:45:00+00:00,2025-11-14 15:50:00+00:00,0.25467289719625896,0.17209612817089262,3225.29,True,2025-11-14 15:45:00+00:00,0.0,True,2025-11-14 16:30:00+00:00,3232.78,True,2025-11-14 15:45:00+00:00,0.0,True,2025-11-14 16:30:00+00:00,3240.2700000000004,True,2025-11-14 16:25:00+00:00,40.0,True,2025-11-14 16:35:00+00:00,3247.76,True,2025-11-14 16:25:00+00:00,40.0,False,,3255.25,True,2025-11-14 16:35:00+00:00,50.0,False,,3262.7400000000002,False,,,False,,3277.7200000000003,False,,,False,,3292.7000000000003,False,,,False,
reference_validation,2025-11-21,2025-11-21 13:50:00+00:00,2025-11-21 14:15:00+00:00,2725.6525,2760.87,2620.0,140.8699999999999,True,2025-11-21 14:30:00+00:00,2025-11-21 20:00:00+00:00,True,2025-11-21 14:30:00+00:00,2025-11-21 14:35:00+00:00,0.31994037055441327,0.2867892383048209,2767.9134999999997,True,2025-11-21 14:30:00+00:00,0.0,True,2025-11-21 14:35:00+00:00,2774.957,True,2025-11-21 14:35:00+00:00,5.0,True,2025-11-21 14:55:00+00:00,2782.0005,True,2025-11-21 17:05:00+00:00,155.0,True,2025-11-21 17:10:00+00:00,2789.044,True,2025-11-21 17:05:00+00:00,155.0,True,2025-11-21 17:25:00+00:00,2796.0874999999996,True,2025-11-21 17:15:00+00:00,165.0,True,2025-11-21 17:25:00+00:00,2803.131,True,2025-11-21 17:25:00+00:00,175.0,False,,2817.218,False,,,False,,2831.305,False,,,False,
reference_validation,2025-11-24,2025-11-24 14:40:00+00:00,2025-11-24 14:55:00+00:00,2827.9425,2841.92,2786.01,55.909999999999854,True,2025-11-24 15:30:00+00:00,2025-11-24 20:00:00+00:00,True,2025-11-24 15:30:00+00:00,2025-11-24 15:35:00+00:00,2.451618672867109,2.34752280450725,2844.7155000000002,True,2025-11-24 15:35:00+00:00,5.0,True,2025-11-24 15:45:00+00:00,2847.511,True,2025-11-24 15:40:00+00:00,10.0,True,2025-11-24 15:50:00+00:00,2850.3065,True,2025-11-24 15:45:00+00:00,15.0,True,2025-11-24 15:50:00+00:00,2853.102,True,2025-11-24 15:45:00+00:00,15.0,True,2025-11-24 16:05:00+00:00,2855.8975,True,2025-11-24 15:45:00+00:00,15.0,True,2025-11-24 16:05:00+00:00,2858.693,True,2025-11-24 15:45:00+00:00,15.0,True,2025-11-24 16:05:00+00:00,2864.284,True,2025-11-24 16:40:00+00:00,70.0,True,2025-11-24 16:50:00+00:00,2869.875,True,2025-11-24 16:45:00+00:00,75.0,True,2025-11-24 17:20:00+00:00
reference_validation,2025-12-30,2025-12-30 14:55:00+00:00,2025-12-30 15:50:00+00:00,2989.4525,3003.0,2948.81,54.190000000000055,False,,2025-12-30 20:00:00+00:00,False,,,,,3005.7095,False,,,False,,3008.419,False,,,False,,3011.1285,False,,,False,,3013.838,False,,,False,,3016.5475,False,,,False,,3019.257,False,,,False,,3024.676,False,,,False,,3030.0950000000003,False,,,False,
reference_validation,2026-02-02,2026-02-02 13:55:00+00:00,2026-02-02 14:10:00+00:00,2302.89,2328.0,2227.56,100.44000000000004,True,2026-02-02 14:30:00+00:00,2026-02-02 20:00:00+00:00,True,2026-02-02 14:30:00+00:00,2026-02-02 14:35:00+00:00,0.6710473914774996,0.5812425328554368,2333.022,True,2026-02-02 14:30:00+00:00,0.0,True,2026-02-02 14:35:00+00:00,2338.044,True,2026-02-02 14:30:00+00:00,0.0,True,2026-02-02 14:35:00+00:00,2343.066,True,2026-02-02 14:30:00+00:00,0.0,True,2026-02-02 14:40:00+00:00,2348.088,True,2026-02-02 14:35:00+00:00,5.0,True,2026-02-02 14:40:00+00:00,2353.11,True,2026-02-02 14:35:00+00:00,5.0,True,2026-02-02 15:20:00+00:00,2358.132,True,2026-02-02 14:35:00+00:00,5.0,True,2026-02-02 15:20:00+00:00,2368.176,True,2026-02-02 15:20:00+00:00,50.0,True,2026-02-02 15:25:00+00:00,2378.2200000000003,True,2026-02-02 15:25:00+00:00,55.0,True,2026-02-02 15:40:00+00:00
reference_validation,2026-02-11,2026-02-11 13:35:00+00:00,2026-02-11 13:40:00+00:00,1957.645,1966.73,1930.39,36.33999999999992,True,2026-02-11 14:00:00+00:00,2026-02-11 20:00:00+00:00,True,2026-02-11 14:00:00+00:00,2026-02-11 14:05:00+00:00,1.34012107870116,0.9936708860759489,1968.547,True,2026-02-11 14:00:00+00:00,0.0,True,2026-02-11 14:05:00+00:00,1970.364,True,2026-02-11 14:00:00+00:00,0.0,True,2026-02-11 14:05:00+00:00,1972.181,True,2026-02-11 14:00:00+00:00,0.0,True,2026-02-11 14:05:00+00:00,1973.998,True,2026-02-11 14:00:00+00:00,0.0,True,2026-02-11 14:05:00+00:00,1975.815,True,2026-02-11 14:00:00+00:00,0.0,True,2026-02-11 14:05:00+00:00,1977.632,True,2026-02-11 14:00:00+00:00,0.0,True,2026-02-11 14:05:00+00:00,1981.266,True,2026-02-11 14:00:00+00:00,0.0,True,2026-02-11 14:15:00+00:00,1984.9,True,2026-02-11 14:05:00+00:00,5.0,True,2026-02-11 14:15:00+00:00
reference_validation,2026-03-12,2026-03-12 13:40:00+00:00,2026-03-12 13:45:00+00:00,2065.925,2075.65,2036.75,38.90000000000009,True,2026-03-12 14:00:00+00:00,2026-03-12 20:00:00+00:00,True,2026-03-12 14:00:00+00:00,2026-03-12 14:05:00+00:00,0.48637532133676165,0.12776349614395344,2077.5950000000003,True,2026-03-12 14:00:00+00:00,0.0,True,2026-03-12 14:15:00+00:00,2079.54,True,2026-03-12 14:00:00+00:00,0.0,True,2026-03-12 15:40:00+00:00,2081.485,True,2026-03-12 14:00:00+00:00,0.0,False,,2083.4300000000003,True,2026-03-12 14:15:00+00:00,15.0,False,,2085.375,True,2026-03-12 14:15:00+00:00,15.0,False,,2087.32,True,2026-03-12 14:15:00+00:00,15.0,False,,2091.21,True,2026-03-12 14:15:00+00:00,15.0,False,,2095.1000000000004,False,,,False,
reference_validation,2026-03-13,2026-03-13 14:30:00+00:00,2026-03-13 14:40:00+00:00,2176.7075,2205.58,2090.09,115.48999999999978,False,,2026-03-13 20:00:00+00:00,False,,,,,2211.3545,False,,,False,,2217.129,False,,,False,,2222.9035,False,,,False,,2228.678,False,,,False,,2234.4525,False,,,False,,2240.227,False,,,False,,2251.776,False,,,False,,2263.325,False,,,False,
reference_validation,2026-03-16,2026-03-16 13:45:00+00:00,2026-03-16 13:50:00+00:00,2285.4925,2302.99,2233.0,69.98999999999978,True,2026-03-16 14:10:00+00:00,2026-03-16 20:00:00+00:00,True,2026-03-16 17:10:00+00:00,2026-03-16 17:15:00+00:00,0.6429489927132468,0.5765109301328831,2306.4894999999997,True,2026-03-16 17:05:00+00:00,175.0,True,2026-03-16 17:40:00+00:00,2309.9889999999996,True,2026-03-16 17:30:00+00:00,200.0,True,2026-03-16 17:40:00+00:00,2313.4885,True,2026-03-16 17:30:00+00:00,200.0,True,2026-03-16 17:50:00+00:00,2316.988,True,2026-03-16 17:45:00+00:00,215.0,True,2026-03-16 18:10:00+00:00,2320.4874999999997,True,2026-03-16 17:45:00+00:00,215.0,True,2026-03-16 18:10:00+00:00,2323.9869999999996,True,2026-03-16 18:05:00+00:00,235.0,True,2026-03-16 18:10:00+00:00,2330.986,True,2026-03-16 18:05:00+00:00,235.0,True,2026-03-16 18:10:00+00:00,2337.9849999999997,True,2026-03-16 18:10:00+00:00,240.0,True,2026-03-16 18:25:00+00:00
reference_validation,2026-04-22,2026-04-22 13:35:00+00:00,2026-04-22 13:40:00+00:00,2406.78,2414.99,2382.15,32.83999999999969,True,2026-04-22 13:45:00+00:00,2026-04-22 20:00:00+00:00,True,2026-04-22 13:55:00+00:00,2026-04-22 14:00:00+00:00,0.24390986601706133,0.2085870889159692,2416.6319999999996,True,2026-04-22 13:45:00+00:00,0.0,True,2026-04-22 14:05:00+00:00,2418.274,True,2026-04-22 13:45:00+00:00,0.0,True,2026-04-22 14:15:00+00:00,2419.9159999999997,True,2026-04-22 13:45:00+00:00,0.0,True,2026-04-22 14:15:00+00:00,2421.5579999999995,True,2026-04-22 13:45:00+00:00,0.0,True,2026-04-22 14:15:00+00:00,2423.2,False,,,False,,2424.8419999999996,False,,,False,,2428.1259999999997,False,,,False,,2431.41,False,,,False,
reference_validation,2026-05-01,2026-05-01 13:35:00+00:00,2026-05-01 13:45:00+00:00,2304.93,2314.68,2275.68,39.0,True,2026-05-01 13:50:00+00:00,2026-05-01 20:00:00+00:00,True,2026-05-01 13:50:00+00:00,2026-05-01 13:55:00+00:00,0.2553846153846163,0.113076923076931,2316.6299999999997,True,2026-05-01 13:50:00+00:00,0.0,True,2026-05-01 13:55:00+00:00,2318.58,True,2026-05-01 13:50:00+00:00,0.0,True,2026-05-01 14:05:00+00:00,2320.5299999999997,True,2026-05-01 13:55:00+00:00,5.0,False,,2322.48,True,2026-05-01 13:55:00+00:00,5.0,False,,2324.43,True,2026-05-01 14:10:00+00:00,20.0,False,,2326.3799999999997,False,,,False,,2330.2799999999997,False,,,False,,2334.18,False,,,False,
reference_validation,2026-07-03,2026-07-03 13:45:00+00:00,2026-07-03 14:00:00+00:00,1740.2275,1748.67,1714.9,33.76999999999998,True,2026-07-03 19:30:00+00:00,2026-07-03 20:00:00+00:00,True,2026-07-03 19:35:00+00:00,2026-07-03 19:40:00+00:00,0.1273319514361847,0.031684927450397894,1750.3585,True,2026-07-03 19:30:00+00:00,0.0,False,,1752.047,True,2026-07-03 19:35:00+00:00,5.0,False,,1753.7355,False,,,False,,1755.424,False,,,False,,1757.1125000000002,False,,,False,,1758.8010000000002,False,,,False,,1762.178,False,,,False,,1765.555,False,,,False,
reference_validation,2026-07-10,2026-07-10 13:55:00+00:00,2026-07-10 14:00:00+00:00,1798.03,1806.82,1771.66,35.159999999999854,False,,2026-07-10 20:00:00+00:00,False,,,,,1808.578,False,,,False,,1810.336,False,,,False,,1812.0939999999998,False,,,False,,1813.8519999999999,False,,,False,,1815.61,False,,,False,,1817.368,False,,,False,,1820.8839999999998,False,,,False,,1824.3999999999999,False,,,False,
