candidate_id,partition,execution_utc,entry_bar_start,exit_ts,pnl_0,pnl_5,hold_min,signals_blocked
reference_validation|05:00|2025-02-10T05:00:00+00:00|2025-02-10T06:00:00+00:00,reference_validation,05:00,2025-02-10 06:00:00+00:00,2025-02-10 11:00:00+00:00,2.176423775652703,1.674098514507683,300.0,2
external|05:00|2021-02-01T05:00:00+00:00|2021-02-01T07:10:00+00:00,external,05:00,2021-02-01 07:10:00+00:00,2021-02-01 11:00:00+00:00,3.7731407015132006,3.2692195214017565,230.0,2
development|05:00|2022-06-02T05:00:00+00:00|2022-06-02T07:35:00+00:00,development,05:00,2022-06-02 07:35:00+00:00,2022-06-02 11:00:00+00:00,0.23430849425971656,-0.2660756221763313,205.0,2
external|05:00|2020-05-06T05:00:00+00:00|2020-05-06T08:40:00+00:00,external,05:00,2020-05-06 08:40:00+00:00,2020-05-06 11:00:00+00:00,3.9237049990955124,3.4196333299310715,140.0,2
development|10:00|2023-01-02T10:00:00+00:00|2023-01-02T10:35:00+00:00,development,10:00,2023-01-02 10:35:00+00:00,2023-01-02 16:00:00+00:00,0.4673276443216249,-0.03328937481299443,325.0,1
development|05:00|2024-06-25T05:00:00+00:00|2024-06-25T05:40:00+00:00,development,05:00,2024-06-25 05:40:00+00:00,2024-06-25 11:00:00+00:00,-0.7876966968833773,-1.2870593188754493,320.0,1
reference_validation|10:00|2025-04-29T10:00:00+00:00|2025-04-29T10:40:00+00:00,reference_validation,10:00,2025-04-29 10:40:00+00:00,2025-04-29 16:00:00+00:00,-3.2151972693476467,-3.712133603911027,320.0,1
development|09:00|2023-12-04T09:00:00+00:00|2023-12-04T09:50:00+00:00,development,09:00,2023-12-04 09:50:00+00:00,2023-12-04 14:30:00+00:00,-8.137993514866814,-8.63000951335262,280.0,1
development|10:00|2023-03-23T10:00:00+00:00|2023-03-23T10:55:00+00:00,development,10:00,2023-03-23 10:55:00+00:00,2023-03-23 15:25:00+00:00,23.957413535897377,23.433318170044416,270.0,1
development|05:00|2022-04-20T05:00:00+00:00|2022-04-20T06:15:00+00:00,development,05:00,2022-04-20 06:15:00+00:00,2022-04-20 10:30:00+00:00,2.84356797321812,2.5920719372495964,255.0,1
external|10:00|2020-12-24T10:00:00+00:00|2020-12-24T10:10:00+00:00,external,10:00,2020-12-24 10:10:00+00:00,2020-12-24 14:05:00+00:00,10.088308115543244,9.578074924023584,235.0,1
development|10:00|2023-02-06T10:00:00+00:00|2023-02-06T12:15:00+00:00,development,10:00,2023-02-06 12:15:00+00:00,2023-02-06 16:00:00+00:00,5.193890882325869,4.688549662053743,225.0,1
development|09:00|2024-02-01T09:00:00+00:00|2024-02-01T10:35:00+00:00,development,09:00,2024-02-01 10:35:00+00:00,2024-02-01 14:20:00+00:00,2.488356169663098,2.2370376508376704,225.0,1
development|10:00|2022-12-21T10:00:00+00:00|2022-12-21T11:15:00+00:00,development,10:00,2022-12-21 11:15:00+00:00,2022-12-21 14:55:00+00:00,-0.617153701595807,-1.116686781354281,220.0,1
development|05:00|2024-01-16T05:00:00+00:00|2024-01-16T05:55:00+00:00,development,05:00,2024-01-16 05:55:00+00:00,2024-01-16 09:30:00+00:00,3.055799056000908,2.8041969575221652,215.0,1
reference_validation|10:00|2026-05-28T10:00:00+00:00|2026-05-28T10:20:00+00:00,reference_validation,10:00,2026-05-28 10:20:00+00:00,2026-05-28 13:45:00+00:00,-3.9805880482873697,-4.476759374575856,205.0,1
external|09:00|2021-12-07T09:00:00+00:00|2021-12-07T09:15:00+00:00,external,09:00,2021-12-07 09:15:00+00:00,2021-12-07 12:35:00+00:00,-6.899829924814293,-7.393083468117778,200.0,1
external|10:00|2020-01-02T10:00:00+00:00|2020-01-02T10:20:00+00:00,external,10:00,2020-01-02 10:20:00+00:00,2020-01-02 13:35:00+00:00,-3.613887071321364,-4.110424915328081,195.0,1
reference_validation|10:00|2025-02-03T10:00:00+00:00|2025-02-03T12:45:00+00:00,reference_validation,10:00,2025-02-03 12:45:00+00:00,2025-02-03 16:00:00+00:00,19.24772269870274,18.7283346700184,195.0,1
external|10:00|2020-11-16T10:00:00+00:00|2020-11-16T11:15:00+00:00,external,10:00,2020-11-16 11:15:00+00:00,2020-11-16 14:25:00+00:00,4.586974729876858,4.082240122450687,190.0,1
development|09:00|2023-05-19T09:00:00+00:00|2023-05-19T09:15:00+00:00,development,09:00,2023-05-19 09:15:00+00:00,2023-05-19 12:15:00+00:00,1.2381557465507957,0.9874620155430728,180.0,1
development|10:00|2024-03-07T10:00:00+00:00|2024-03-07T11:15:00+00:00,development,10:00,2024-03-07 11:15:00+00:00,2024-03-07 14:10:00+00:00,2.0597598558240287,1.5575512002959484,175.0,1
external|10:00|2020-10-07T10:00:00+00:00|2020-10-07T13:10:00+00:00,external,10:00,2020-10-07 13:10:00+00:00,2020-10-07 16:00:00+00:00,-0.8364890144150646,-1.3358028684735008,170.0,1
development|10:00|2022-11-18T10:00:00+00:00|2022-11-18T10:40:00+00:00,development,10:00,2022-11-18 10:40:00+00:00,2022-11-18 13:30:00+00:00,0.790065822951003,0.2891262269261844,170.0,1
development|09:00|2023-12-20T09:00:00+00:00|2023-12-20T10:25:00+00:00,development,09:00,2023-12-20 10:25:00+00:00,2023-12-20 13:15:00+00:00,4.128911887152098,3.876773500401898,170.0,1
reference_validation|10:00|2025-06-03T10:00:00+00:00|2025-06-03T10:40:00+00:00,reference_validation,10:00,2025-06-03 10:40:00+00:00,2025-06-03 13:30:00+00:00,0.9651723619826361,0.46405774692832613,170.0,1
external|05:00|2020-04-24T05:00:00+00:00|2020-04-24T08:15:00+00:00,external,05:00,2020-04-24 08:15:00+00:00,2020-04-24 11:00:00+00:00,-0.7384880865466844,-1.237899892557059,165.0,1
development|10:00|2022-12-23T10:00:00+00:00|2022-12-23T10:45:00+00:00,development,10:00,2022-12-23 10:45:00+00:00,2022-12-23 13:30:00+00:00,0.6124976988689083,0.11173558222838975,165.0,1
external|09:00|2020-06-30T09:00:00+00:00|2020-06-30T09:55:00+00:00,external,09:00,2020-06-30 09:55:00+00:00,2020-06-30 12:35:00+00:00,-5.397578266038527,-5.892333310250287,160.0,1
development|10:00|2022-08-25T10:00:00+00:00|2022-08-25T12:15:00+00:00,development,10:00,2022-08-25 12:15:00+00:00,2022-08-25 14:50:00+00:00,2.782471475082882,2.279540469110786,155.0,1
development|10:00|2022-03-31T10:00:00+00:00|2022-03-31T10:15:00+00:00,development,10:00,2022-03-31 10:15:00+00:00,2022-03-31 12:45:00+00:00,2.1020288700146055,1.599777966596339,150.0,1
external|10:00|2020-03-20T10:00:00+00:00|2020-03-20T11:00:00+00:00,external,10:00,2020-03-20 11:00:00+00:00,2020-03-20 13:25:00+00:00,-38.18555916567061,-38.647542614780356,145.0,1
reference_validation|10:00|2026-05-20T10:00:00+00:00|2026-05-20T13:05:00+00:00,reference_validation,10:00,2026-05-20 13:05:00+00:00,2026-05-20 15:30:00+00:00,1.1023960930663494,0.6011443228584715,145.0,1
external|10:00|2021-05-07T10:00:00+00:00|2021-05-07T10:35:00+00:00,external,10:00,2021-05-07 10:35:00+00:00,2021-05-07 12:50:00+00:00,2.471279402796967,1.9686594333789391,135.0,1
development|10:00|2022-02-04T10:00:00+00:00|2022-02-04T13:30:00+00:00,development,10:00,2022-02-04 13:30:00+00:00,2022-02-04 15:45:00+00:00,13.942842784628718,13.42875698474406,135.0,1
development|10:00|2022-02-28T10:00:00+00:00|2022-02-28T12:55:00+00:00,development,10:00,2022-02-28 12:55:00+00:00,2022-02-28 15:10:00+00:00,19.896043267862165,19.376007242607088,135.0,1
external|10:00|2021-04-02T10:00:00+00:00|2021-04-02T12:10:00+00:00,external,10:00,2021-04-02 12:10:00+00:00,2021-04-02 14:20:00+00:00,5.482118235875699,4.9764889322917005,130.0,1
development|09:00|2022-07-06T09:00:00+00:00|2022-07-06T10:00:00+00:00,development,09:00,2022-07-06 10:00:00+00:00,2022-07-06 12:10:00+00:00,-7.842181990007068,-8.334493652185904,130.0,1
development|10:00|2023-10-06T10:00:00+00:00|2023-10-06T10:45:00+00:00,development,10:00,2023-10-06 10:45:00+00:00,2023-10-06 12:55:00+00:00,-3.8992235858389286,-4.395476235928053,130.0,1
development|10:00|2024-08-22T10:00:00+00:00|2024-08-22T11:05:00+00:00,development,10:00,2024-08-22 11:05:00+00:00,2024-08-22 13:15:00+00:00,-3.4905163130875434,-3.987177466197855,130.0,1
external|10:00|2020-06-12T10:00:00+00:00|2020-06-12T12:15:00+00:00,external,10:00,2020-06-12 12:15:00+00:00,2020-06-12 14:20:00+00:00,2.28567078328541,1.7832363297289437,125.0,1
external|10:00|2020-07-01T10:00:00+00:00|2020-07-01T13:55:00+00:00,external,10:00,2020-07-01 13:55:00+00:00,2020-07-01 16:00:00+00:00,2.6039907029777436,2.1012380885819364,125.0,1
external|10:00|2020-10-05T10:00:00+00:00|2020-10-05T11:15:00+00:00,external,10:00,2020-10-05 11:15:00+00:00,2020-10-05 13:10:00+00:00,1.0233254575992672,0.5221527185112599,115.0,1
development|10:00|2022-03-30T10:00:00+00:00|2022-03-30T11:45:00+00:00,development,10:00,2022-03-30 11:45:00+00:00,2022-03-30 13:40:00+00:00,-5.576894039798319,-6.0714698578494435,115.0,1
reference_validation|10:00|2026-03-30T10:00:00+00:00|2026-03-30T11:35:00+00:00,reference_validation,10:00,2026-03-30 11:35:00+00:00,2026-03-30 13:30:00+00:00,1.1027077777831633,0.6014556960463716,115.0,1
development|10:00|2023-07-31T10:00:00+00:00|2023-07-31T11:25:00+00:00,development,10:00,2023-07-31 11:25:00+00:00,2023-07-31 13:15:00+00:00,0.5145349607798669,0.013870757920542487,110.0,1
development|10:00|2023-08-09T10:00:00+00:00|2023-08-09T11:15:00+00:00,development,10:00,2023-08-09 11:15:00+00:00,2023-08-09 13:05:00+00:00,0.6042124266587127,0.10345859114975242,110.0,1
development|10:00|2023-09-13T10:00:00+00:00|2023-09-13T10:15:00+00:00,development,10:00,2023-09-13 10:15:00+00:00,2023-09-13 12:05:00+00:00,1.2865531236841536,0.7851172884781435,110.0,1
development|10:00|2024-03-08T10:00:00+00:00|2024-03-08T11:30:00+00:00,development,10:00,2024-03-08 11:30:00+00:00,2024-03-08 13:20:00+00:00,1.9888983019118016,1.4867604725246735,110.0,1
development|09:00|2024-10-04T09:00:00+00:00|2024-10-04T12:40:00+00:00,development,09:00,2024-10-04 12:40:00+00:00,2024-10-04 14:25:00+00:00,-5.389053531323396,-5.883817096009702,105.0,1
development|09:00|2024-11-20T09:00:00+00:00|2024-11-20T09:30:00+00:00,development,09:00,2024-11-20 09:30:00+00:00,2024-11-20 11:15:00+00:00,-6.020029313534614,-6.514162217768893,105.0,1
reference_validation|09:00|2025-03-13T09:00:00+00:00|2025-03-13T09:10:00+00:00,reference_validation,09:00,2025-03-13 09:10:00+00:00,2025-03-13 10:55:00+00:00,4.72727823657777,4.474840816169734,105.0,1
development|10:00|2022-10-04T10:00:00+00:00|2022-10-04T14:20:00+00:00,development,10:00,2022-10-04 14:20:00+00:00,2022-10-04 16:00:00+00:00,0.5596040915964554,0.058894842129686764,100.0,1
development|10:00|2024-08-30T10:00:00+00:00|2024-08-30T12:40:00+00:00,development,10:00,2024-08-30 12:40:00+00:00,2024-08-30 14:20:00+00:00,-4.120845946580231,-4.616877085064353,100.0,1
development|10:00|2022-11-10T10:00:00+00:00|2022-11-10T12:25:00+00:00,development,10:00,2022-11-10 12:25:00+00:00,2022-11-10 14:00:00+00:00,37.365338610778686,36.827842020463144,95.0,1
external|10:00|2020-04-02T10:00:00+00:00|2020-04-02T10:40:00+00:00,external,10:00,2020-04-02 10:40:00+00:00,2020-04-02 12:10:00+00:00,-0.14504662004659574,-0.6450515709510604,90.0,1
development|10:00|2022-02-11T10:00:00+00:00|2022-02-11T11:05:00+00:00,development,10:00,2022-02-11 11:05:00+00:00,2022-02-11 12:35:00+00:00,2.512178775284491,2.0095179269335577,90.0,1
development|10:00|2023-02-02T10:00:00+00:00|2023-02-02T13:10:00+00:00,development,10:00,2023-02-02 13:10:00+00:00,2023-02-02 14:40:00+00:00,2.379118289948035,1.8765904355853684,90.0,1
development|10:00|2023-06-08T10:00:00+00:00|2023-06-08T11:30:00+00:00,development,10:00,2023-06-08 11:30:00+00:00,2023-06-08 13:00:00+00:00,0.9868232790906765,0.4856870239392078,90.0,1
development|10:00|2022-06-27T10:00:00+00:00|2022-06-27T11:05:00+00:00,development,10:00,2022-06-27 11:05:00+00:00,2022-06-27 12:30:00+00:00,-6.107948063766511,-6.601993093187975,85.0,1
reference_validation|10:00|2025-03-14T10:00:00+00:00|2025-03-14T11:05:00+00:00,reference_validation,10:00,2025-03-14 11:05:00+00:00,2025-03-14 12:30:00+00:00,0.4721825084653245,-0.028439363107301774,85.0,1
external|10:00|2021-12-24T10:00:00+00:00|2021-12-24T13:45:00+00:00,external,10:00,2021-12-24 13:45:00+00:00,2021-12-24 15:05:00+00:00,-6.118696427200632,-6.612730713630155,80.0,1
reference_validation|10:00|2025-10-06T10:00:00+00:00|2025-10-06T10:15:00+00:00,reference_validation,10:00,2025-10-06 10:15:00+00:00,2025-10-06 11:35:00+00:00,1.28198594424529,0.780554673936296,80.0,1
reference_validation|10:00|2026-05-01T10:00:00+00:00|2026-05-01T11:35:00+00:00,reference_validation,10:00,2026-05-01 11:35:00+00:00,2026-05-01 12:45:00+00:00,3.848397858775066,3.3444014591160314,70.0,1
development|10:00|2023-01-10T10:00:00+00:00|2023-01-10T14:20:00+00:00,development,10:00,2023-01-10 14:20:00+00:00,2023-01-10 15:25:00+00:00,1.007108336085039,0.5059518060140492,65.0,1
reference_validation|10:00|2025-02-14T10:00:00+00:00|2025-02-14T10:25:00+00:00,reference_validation,10:00,2025-02-14 10:25:00+00:00,2025-02-14 11:30:00+00:00,-3.5333120446545014,-4.029930423420469,65.0,1
development|10:00|2023-08-08T10:00:00+00:00|2023-08-08T12:10:00+00:00,development,10:00,2023-08-08 12:10:00+00:00,2023-08-08 13:10:00+00:00,1.574681062801853,1.0729572436485983,60.0,1
development|10:00|2023-10-25T10:00:00+00:00|2023-10-25T13:35:00+00:00,development,10:00,2023-10-25 13:35:00+00:00,2023-10-25 14:35:00+00:00,2.1269525274423944,1.6246767128222488,60.0,1
development|10:00|2022-10-19T10:00:00+00:00|2022-10-19T10:20:00+00:00,development,10:00,2022-10-19 10:20:00+00:00,2022-10-19 11:15:00+00:00,-3.584420128604537,-4.080987424827698,55.0,1
development|10:00|2023-02-09T10:00:00+00:00|2023-02-09T12:05:00+00:00,development,10:00,2023-02-09 12:05:00+00:00,2023-02-09 13:00:00+00:00,0.7844062360365504,0.28347229677012675,55.0,1
external|10:00|2020-05-13T10:00:00+00:00|2020-05-13T11:20:00+00:00,external,10:00,2020-05-13 11:20:00+00:00,2020-05-13 12:10:00+00:00,1.6528476681755948,1.1510457214807928,50.0,1
development|10:00|2023-05-05T10:00:00+00:00|2023-05-05T11:20:00+00:00,development,10:00,2023-05-05 11:20:00+00:00,2023-05-05 12:10:00+00:00,1.0333466865432688,0.5321639312344087,50.0,1
reference_validation|10:00|2025-08-27T10:00:00+00:00|2025-08-27T13:50:00+00:00,reference_validation,10:00,2025-08-27 13:50:00+00:00,2025-08-27 14:40:00+00:00,1.5727029628142657,1.0709811207725966,50.0,1
external|10:00|2021-03-26T10:00:00+00:00|2021-03-26T13:20:00+00:00,external,10:00,2021-03-26 13:20:00+00:00,2021-03-26 14:05:00+00:00,3.529733744802433,3.0260558500049943,45.0,1
external|09:00|2021-10-05T09:00:00+00:00|2021-10-05T09:10:00+00:00,external,09:00,2021-10-05 09:10:00+00:00,2021-10-05 09:55:00+00:00,3.709186968006995,3.4572583388376548,45.0,1
development|10:00|2022-01-20T10:00:00+00:00|2022-01-20T13:15:00+00:00,development,10:00,2022-01-20 13:15:00+00:00,2022-01-20 14:00:00+00:00,4.539721084734061,4.035033707338109,45.0,1
development|10:00|2023-08-04T10:00:00+00:00|2023-08-04T12:40:00+00:00,development,10:00,2023-08-04 12:40:00+00:00,2023-08-04 13:20:00+00:00,0.14410220415812558,-0.35619175106842393,40.0,1
reference_validation|10:00|2025-12-03T10:00:00+00:00|2025-12-03T12:30:00+00:00,reference_validation,10:00,2025-12-03 12:30:00+00:00,2025-12-03 13:10:00+00:00,1.1156604692813104,0.614395441325977,40.0,1
development|10:00|2022-01-03T10:00:00+00:00|2022-01-03T10:25:00+00:00,development,10:00,2022-01-03 10:25:00+00:00,2022-01-03 11:00:00+00:00,0.702309967071613,0.20145808304656876,35.0,1
development|10:00|2022-12-08T10:00:00+00:00|2022-12-08T11:35:00+00:00,development,10:00,2022-12-08 11:35:00+00:00,2022-12-08 12:10:00+00:00,2.813533142285785,2.310571090169589,35.0,1
reference_validation|10:00|2025-12-22T10:00:00+00:00|2025-12-22T12:10:00+00:00,reference_validation,10:00,2025-12-22 12:10:00+00:00,2025-12-22 12:45:00+00:00,0.9950434925323884,0.4938990212755682,35.0,1
external|10:00|2020-01-16T10:00:00+00:00|2020-01-16T11:20:00+00:00,external,10:00,2020-01-16 11:20:00+00:00,2020-01-16 11:50:00+00:00,4.656925118015476,4.15212059515897,30.0,1
development|10:00|2022-03-17T10:00:00+00:00|2022-03-17T10:50:00+00:00,development,10:00,2022-03-17 10:50:00+00:00,2022-03-17 11:20:00+00:00,0.9266265742679639,0.4255504857380691,30.0,1
development|10:00|2023-05-26T10:00:00+00:00|2023-05-26T12:45:00+00:00,development,10:00,2023-05-26 12:45:00+00:00,2023-05-26 13:15:00+00:00,0.7847377656355462,0.2838034950051863,30.0,1
development|10:00|2023-06-26T10:00:00+00:00|2023-06-26T14:15:00+00:00,development,10:00,2023-06-26 14:15:00+00:00,2023-06-26 14:45:00+00:00,-6.615811061493659,-7.109348481722,30.0,1
development|10:00|2023-08-03T10:00:00+00:00|2023-08-03T14:15:00+00:00,development,10:00,2023-08-03 14:15:00+00:00,2023-08-03 14:45:00+00:00,0.5222342161826491,0.021562317915569174,30.0,1
development|10:00|2022-09-06T10:00:00+00:00|2022-09-06T11:55:00+00:00,development,10:00,2022-09-06 11:55:00+00:00,2022-09-06 12:20:00+00:00,2.569893185815864,2.067174651897053,25.0,1
development|10:00|2023-07-12T10:00:00+00:00|2023-07-12T13:15:00+00:00,development,10:00,2023-07-12 13:15:00+00:00,2023-07-12 13:40:00+00:00,-3.587742581529873,-4.084306556960504,25.0,1
development|10:00|2023-09-14T10:00:00+00:00|2023-09-14T11:40:00+00:00,development,10:00,2023-09-14 11:40:00+00:00,2023-09-14 12:05:00+00:00,0.24205432719954822,-0.25833753119846004,25.0,1
reference_validation|10:00|2025-12-19T10:00:00+00:00|2025-12-19T14:25:00+00:00,reference_validation,10:00,2025-12-19 14:25:00+00:00,2025-12-19 14:50:00+00:00,0.8857935411849652,0.384758265281793,25.0,1
reference_validation|10:00|2026-03-16T10:00:00+00:00|2026-03-16T12:10:00+00:00,reference_validation,10:00,2026-03-16 12:10:00+00:00,2026-03-16 12:35:00+00:00,3.63649554798291,3.132710944736617,25.0,1
development|10:00|2023-04-14T10:00:00+00:00|2023-04-14T12:30:00+00:00,development,10:00,2023-04-14 12:30:00+00:00,2023-04-14 12:50:00+00:00,-3.612006592724692,-4.1085463162701,20.0,1
reference_validation|10:00|2026-06-11T10:00:00+00:00|2026-06-11T11:25:00+00:00,reference_validation,10:00,2026-06-11 11:25:00+00:00,2026-06-11 11:40:00+00:00,0.246358845172168,-0.2540373155925254,15.0,1
external|16:00|2020-02-04T16:00:00+00:00|2020-02-04T16:10:00+00:00,external,16:00,2020-02-04 16:10:00+00:00,2020-02-04 22:00:00+00:00,0.2651058848569091,-0.23530901357864364,350.0,0
external|16:00|2020-04-16T16:00:00+00:00|2020-04-16T16:10:00+00:00,external,16:00,2020-04-16 16:10:00+00:00,2020-04-16 22:00:00+00:00,3.4851228223630852,2.981489516193881,350.0,0
external|16:00|2020-08-17T16:00:00+00:00|2020-08-17T16:10:00+00:00,external,16:00,2020-08-17 16:10:00+00:00,2020-08-17 22:00:00+00:00,-0.8779244424214513,-1.3771968817592901,350.0,0
external|16:00|2020-10-09T16:00:00+00:00|2020-10-09T16:10:00+00:00,external,16:00,2020-10-09 16:10:00+00:00,2020-10-09 22:00:00+00:00,0.7862600144413315,0.285324222323036,350.0,0
external|16:00|2021-07-20T16:00:00+00:00|2021-07-20T16:10:00+00:00,external,16:00,2021-07-20 16:10:00+00:00,2021-07-20 22:00:00+00:00,-2.7174098552664057,-3.214843728474514,350.0,0
external|09:00|2021-09-14T09:00:00+00:00|2021-09-14T09:10:00+00:00,external,09:00,2021-09-14 09:10:00+00:00,2021-09-14 15:00:00+00:00,0.39870469794129926,-0.10184373254133983,350.0,0
external|05:00|2021-10-14T05:00:00+00:00|2021-10-14T05:10:00+00:00,external,05:00,2021-10-14 05:10:00+00:00,2021-10-14 11:00:00+00:00,-0.5917426491219177,-1.091301127233701,350.0,0
external|16:00|2020-06-23T16:00:00+00:00|2020-06-23T16:15:00+00:00,external,16:00,2020-06-23 16:15:00+00:00,2020-06-23 22:00:00+00:00,0.10764544811243704,-0.39261206857725794,345.0,0
external|16:00|2020-07-10T16:00:00+00:00|2020-07-10T16:15:00+00:00,external,16:00,2020-07-10 16:15:00+00:00,2020-07-10 22:00:00+00:00,-2.398834013492101,-2.8965863033336587,345.0,0
external|16:00|2020-09-11T16:00:00+00:00|2020-09-11T16:15:00+00:00,external,16:00,2020-09-11 16:15:00+00:00,2020-09-11 22:00:00+00:00,1.61593744485018,1.1141723899328997,345.0,0
external|16:00|2021-07-22T16:00:00+00:00|2021-07-22T16:15:00+00:00,external,16:00,2021-07-22 16:15:00+00:00,2021-07-22 22:00:00+00:00,-4.758316062977485,-5.253710049920968,345.0,0
development|05:00|2022-12-05T05:00:00+00:00|2022-12-05T05:15:00+00:00,development,05:00,2022-12-05 05:15:00+00:00,2022-12-05 11:00:00+00:00,-1.0399777935415795,-1.5390882605144536,345.0,0
external|16:00|2020-08-03T16:00:00+00:00|2020-08-03T16:20:00+00:00,external,16:00,2020-08-03 16:20:00+00:00,2020-08-03 22:00:00+00:00,-13.322137945880208,-13.80897239071187,340.0,0
development|09:00|2023-06-05T09:00:00+00:00|2023-06-05T09:20:00+00:00,development,09:00,2023-06-05 09:20:00+00:00,2023-06-05 15:00:00+00:00,-1.0464880389684956,-1.5455919989495355,340.0,0
external|16:00|2020-05-13T16:00:00+00:00|2020-05-13T16:25:00+00:00,external,16:00,2020-05-13 16:25:00+00:00,2020-05-13 22:00:00+00:00,10.489361539539122,10.23404451728056,335.0,0
external|09:00|2021-02-02T09:00:00+00:00|2021-02-02T09:25:00+00:00,external,09:00,2021-02-02 09:25:00+00:00,2021-02-02 15:00:00+00:00,-2.1138250873416915,-2.611862243676199,335.0,0
external|16:00|2021-11-25T16:00:00+00:00|2021-11-25T16:25:00+00:00,external,16:00,2021-11-25 16:25:00+00:00,2021-11-25 22:00:00+00:00,3.2101931179225445,2.7068346040616924,335.0,0
development|16:00|2022-02-25T16:00:00+00:00|2022-02-25T16:25:00+00:00,development,16:00,2022-02-25 16:25:00+00:00,2022-02-25 22:00:00+00:00,-0.7406252365453777,-1.2400349064737743,335.0,0
development|16:00|2022-11-24T16:00:00+00:00|2022-11-24T16:25:00+00:00,development,16:00,2022-11-24 16:25:00+00:00,2022-11-24 22:00:00+00:00,-1.7852609898413192,-2.283626546073269,335.0,0
development|09:00|2023-08-01T09:00:00+00:00|2023-08-01T09:25:00+00:00,development,09:00,2023-08-01 09:25:00+00:00,2023-08-01 15:00:00+00:00,-1.8727329530649368,-2.371011081047802,335.0,0
external|16:00|2020-10-19T16:00:00+00:00|2020-10-19T16:30:00+00:00,external,16:00,2020-10-19 16:30:00+00:00,2020-10-19 22:00:00+00:00,-3.9659604538256783,-4.462146400398481,330.0,0
external|05:00|2021-09-23T05:00:00+00:00|2021-09-23T05:30:00+00:00,external,05:00,2021-09-23 05:30:00+00:00,2021-09-23 11:00:00+00:00,-4.059426088117368,-4.555518615765298,330.0,0
development|16:00|2024-04-29T16:00:00+00:00|2024-04-29T16:30:00+00:00,development,16:00,2024-04-29 16:30:00+00:00,2024-04-29 22:00:00+00:00,0.7674736627730331,0.26655664761783304,330.0,0
reference_validation|09:00|2025-06-24T09:00:00+00:00|2025-06-24T09:35:00+00:00,reference_validation,09:00,2025-06-24 09:35:00+00:00,2025-06-24 15:00:00+00:00,1.8072500310006405,1.305293759105664,325.0,0
reference_validation|05:00|2025-08-27T05:00:00+00:00|2025-08-27T05:35:00+00:00,reference_validation,05:00,2025-08-27 05:35:00+00:00,2025-08-27 11:00:00+00:00,-4.366515213144395,-4.862300805135211,325.0,0
external|16:00|2021-07-29T16:00:00+00:00|2021-07-29T16:40:00+00:00,external,16:00,2021-07-29 16:40:00+00:00,2021-07-29 22:00:00+00:00,-3.0338870145873327,-3.5310045687956144,320.0,0
external|16:00|2021-10-14T16:00:00+00:00|2021-10-14T16:40:00+00:00,external,16:00,2021-10-14 16:40:00+00:00,2021-10-14 22:00:00+00:00,-0.7138947666143088,-1.213331153654062,320.0,0
external|16:00|2021-10-29T16:00:00+00:00|2021-10-29T16:40:00+00:00,external,16:00,2021-10-29 16:40:00+00:00,2021-10-29 22:00:00+00:00,0.5811779350030747,0.08044712247441443,320.0,0
external|16:00|2020-09-14T16:00:00+00:00|2020-09-14T16:45:00+00:00,external,16:00,2020-09-14 16:45:00+00:00,2020-09-14 22:00:00+00:00,-1.2961990616268566,-1.7950534353783238,315.0,0
external|09:00|2021-04-13T09:00:00+00:00|2021-04-13T09:20:00+00:00,external,09:00,2021-04-13 09:20:00+00:00,2021-04-13 14:35:00+00:00,8.562497654832034,8.308143583040616,315.0,0
external|16:00|2021-04-27T16:00:00+00:00|2021-04-27T16:45:00+00:00,external,16:00,2021-04-27 16:45:00+00:00,2021-04-27 22:00:00+00:00,1.1712697261122123,0.6699491166908936,315.0,0
development|16:00|2022-06-14T16:00:00+00:00|2022-06-14T16:10:00+00:00,development,16:00,2022-06-14 16:10:00+00:00,2022-06-14 21:25:00+00:00,-30.217618232511445,-30.687565640574775,315.0,0
development|16:00|2023-02-03T16:00:00+00:00|2023-02-03T16:45:00+00:00,development,16:00,2023-02-03 16:45:00+00:00,2023-02-03 22:00:00+00:00,-1.5825737378357014,-2.0811418800266597,315.0,0
development|16:00|2023-03-10T16:00:00+00:00|2023-03-10T16:45:00+00:00,development,16:00,2023-03-10 16:45:00+00:00,2023-03-10 22:00:00+00:00,1.4820046521462742,0.9803734630887243,315.0,0
reference_validation|05:00|2026-05-05T05:00:00+00:00|2026-05-05T05:45:00+00:00,reference_validation,05:00,2026-05-05 05:45:00+00:00,2026-05-05 11:00:00+00:00,-0.43259980271863585,-0.9323173441452167,315.0,0
development|10:00|2022-07-21T10:00:00+00:00|2022-07-21T10:50:00+00:00,development,10:00,2022-07-21 10:50:00+00:00,2022-07-21 16:00:00+00:00,1.278384631610741,0.7769569608146568,310.0,0
development|10:00|2024-02-28T10:00:00+00:00|2024-02-28T10:15:00+00:00,development,10:00,2024-02-28 10:15:00+00:00,2024-02-28 15:25:00+00:00,3.5625842830338654,3.0588735541153382,310.0,0
reference_validation|16:00|2026-02-17T16:00:00+00:00|2026-02-17T16:50:00+00:00,reference_validation,16:00,2026-02-17 16:50:00+00:00,2026-02-17 22:00:00+00:00,2.3961209010980427,1.8935760526212602,310.0,0
development|05:00|2023-04-10T05:00:00+00:00|2023-04-10T05:55:00+00:00,development,05:00,2023-04-10 05:55:00+00:00,2023-04-10 11:00:00+00:00,0.1253690700900426,-0.37490616136430754,305.0,0
development|16:00|2024-05-17T16:00:00+00:00|2024-05-17T16:55:00+00:00,development,16:00,2024-05-17 16:55:00+00:00,2024-05-17 22:00:00+00:00,-1.5759227294666496,-2.0744975193421773,305.0,0
development|16:00|2024-09-26T16:00:00+00:00|2024-09-26T16:55:00+00:00,development,16:00,2024-09-26 16:55:00+00:00,2024-09-26 22:00:00+00:00,-2.56077200764464,-3.058362440420614,305.0,0
development|05:00|2023-03-22T05:00:00+00:00|2023-03-22T06:00:00+00:00,development,05:00,2023-03-22 06:00:00+00:00,2023-03-22 11:00:00+00:00,-3.151054570918787,-3.6480550161252396,300.0,0
development|10:00|2024-10-28T10:00:00+00:00|2024-10-28T11:00:00+00:00,development,10:00,2024-10-28 11:00:00+00:00,2024-10-28 16:00:00+00:00,-5.406770721972753,-5.901516578322596,300.0,0
reference_validation|16:00|2026-04-02T16:00:00+00:00|2026-04-02T17:00:00+00:00,reference_validation,16:00,2026-04-02 17:00:00+00:00,2026-04-02 22:00:00+00:00,0.6550868305483352,0.15428214606012547,300.0,0
external|09:00|2020-07-23T09:00:00+00:00|2020-07-23T09:35:00+00:00,external,09:00,2020-07-23 09:35:00+00:00,2020-07-23 14:30:00+00:00,4.40728203669456,4.1550045344273645,295.0,0
external|16:00|2020-08-05T16:00:00+00:00|2020-08-05T16:30:00+00:00,external,16:00,2020-08-05 16:30:00+00:00,2020-08-05 21:25:00+00:00,6.952664871297043,6.699115313640269,295.0,0
development|09:00|2023-05-15T09:00:00+00:00|2023-05-15T09:15:00+00:00,development,09:00,2023-05-15 09:15:00+00:00,2023-05-15 14:10:00+00:00,-3.4788025876700153,-3.975475448651777,295.0,0
development|16:00|2022-02-01T16:00:00+00:00|2022-02-01T17:10:00+00:00,development,16:00,2022-02-01 17:10:00+00:00,2022-02-01 22:00:00+00:00,0.5535724912259624,0.05286927034526856,290.0,0
development|09:00|2022-09-26T09:00:00+00:00|2022-09-26T09:35:00+00:00,development,09:00,2022-09-26 09:35:00+00:00,2022-09-26 14:25:00+00:00,8.13097196639474,7.876833549619944,290.0,0
development|10:00|2023-01-11T10:00:00+00:00|2023-01-11T10:50:00+00:00,development,10:00,2023-01-11 10:50:00+00:00,2023-01-11 15:40:00+00:00,-4.559758713387751,-5.055351158451837,290.0,0
external|16:00|2021-07-08T16:00:00+00:00|2021-07-08T16:35:00+00:00,external,16:00,2021-07-08 16:35:00+00:00,2021-07-08 21:20:00+00:00,-8.073259035873182,-8.565339736486921,285.0,0
external|16:00|2020-01-22T16:00:00+00:00|2020-01-22T17:20:00+00:00,external,16:00,2020-01-22 17:20:00+00:00,2020-01-22 22:00:00+00:00,-0.3107196000237563,-0.8105589607433236,280.0,0
external|16:00|2021-08-09T16:00:00+00:00|2021-08-09T16:10:00+00:00,external,16:00,2021-08-09 16:10:00+00:00,2021-08-09 20:50:00+00:00,-10.009339385170335,-10.499484972991235,280.0,0
development|09:00|2022-03-14T09:00:00+00:00|2022-03-14T10:20:00+00:00,development,09:00,2022-03-14 10:20:00+00:00,2022-03-14 15:00:00+00:00,-0.525127664035607,-1.0247527238416039,280.0,0
reference_validation|10:00|2025-07-17T10:00:00+00:00|2025-07-17T11:20:00+00:00,reference_validation,10:00,2025-07-17 11:20:00+00:00,2025-07-17 16:00:00+00:00,-3.9116498512012816,-4.407890081234978,280.0,0
reference_validation|16:00|2025-08-13T16:00:00+00:00|2025-08-13T16:40:00+00:00,reference_validation,16:00,2025-08-13 16:40:00+00:00,2025-08-13 21:20:00+00:00,6.1689549013223655,5.915797002820922,280.0,0
reference_validation|05:00|2026-06-03T05:00:00+00:00|2026-06-03T05:30:00+00:00,reference_validation,05:00,2026-06-03 05:30:00+00:00,2026-06-03 10:10:00+00:00,7.361027058715952,7.107273422004967,280.0,0
external|09:00|2020-06-08T09:00:00+00:00|2020-06-08T09:30:00+00:00,external,09:00,2020-06-08 09:30:00+00:00,2020-06-08 14:05:00+00:00,-4.641841235404276,-5.137351638967047,275.0,0
development|16:00|2022-10-11T16:00:00+00:00|2022-10-11T17:25:00+00:00,development,16:00,2022-10-11 17:25:00+00:00,2022-10-11 22:00:00+00:00,-5.817604161216172,-6.3119393894407905,275.0,0
external|09:00|2020-09-18T09:00:00+00:00|2020-09-18T10:30:00+00:00,external,09:00,2020-09-18 10:30:00+00:00,2020-09-18 15:00:00+00:00,-2.8154589371980228,-3.312794810324193,270.0,0
external|09:00|2021-02-05T09:00:00+00:00|2021-02-05T09:20:00+00:00,external,09:00,2021-02-05 09:20:00+00:00,2021-02-05 13:50:00+00:00,7.967573403712969,7.713516645390284,270.0,0
reference_validation|09:00|2025-07-24T09:00:00+00:00|2025-07-24T10:20:00+00:00,reference_validation,09:00,2025-07-24 10:20:00+00:00,2025-07-24 14:50:00+00:00,10.116863246239683,9.861732380049682,270.0,0
external|05:00|2020-03-09T05:00:00+00:00|2020-03-09T06:35:00+00:00,external,05:00,2020-03-09 06:35:00+00:00,2020-03-09 11:00:00+00:00,-2.856071751509081,-3.3533670321171822,265.0,0
development|05:00|2022-04-13T05:00:00+00:00|2022-04-13T06:35:00+00:00,development,05:00,2022-04-13 06:35:00+00:00,2022-04-13 11:00:00+00:00,-3.4713210327507067,-3.968001371548446,265.0,0
development|10:00|2023-02-20T10:00:00+00:00|2023-02-20T11:35:00+00:00,development,10:00,2023-02-20 11:35:00+00:00,2023-02-20 16:00:00+00:00,-1.156633150620467,-1.655627020534833,265.0,0
reference_validation|16:00|2025-01-30T16:00:00+00:00|2025-01-30T17:35:00+00:00,reference_validation,16:00,2025-01-30 17:35:00+00:00,2025-01-30 22:00:00+00:00,-3.267526630865036,-3.7644106622184865,265.0,0
development|05:00|2022-09-14T05:00:00+00:00|2022-09-14T06:40:00+00:00,development,05:00,2022-09-14 06:40:00+00:00,2022-09-14 11:00:00+00:00,-1.1778819119025337,-1.6768545436747102,260.0,0
development|05:00|2022-10-03T05:00:00+00:00|2022-10-03T06:40:00+00:00,development,05:00,2022-10-03 06:40:00+00:00,2022-10-03 11:00:00+00:00,2.219911326078306,1.7175425991157849,260.0,0
development|10:00|2023-01-09T10:00:00+00:00|2023-01-09T10:45:00+00:00,development,10:00,2023-01-09 10:45:00+00:00,2023-01-09 15:05:00+00:00,1.5647720807681735,1.0630581656449594,260.0,0
reference_validation|16:00|2025-02-03T16:00:00+00:00|2025-02-03T17:35:00+00:00,reference_validation,16:00,2025-02-03 17:35:00+00:00,2025-02-03 21:55:00+00:00,18.20225259900905,17.943081058479816,260.0,0
reference_validation|05:00|2026-02-20T05:00:00+00:00|2026-02-20T05:50:00+00:00,reference_validation,05:00,2026-02-20 05:50:00+00:00,2026-02-20 10:10:00+00:00,4.08127685696742,3.82916227582959,260.0,0
reference_validation|16:00|2026-03-11T16:00:00+00:00|2026-03-11T17:40:00+00:00,reference_validation,16:00,2026-03-11 17:40:00+00:00,2026-03-11 22:00:00+00:00,1.5215047447178613,1.0198340753078798,260.0,0
external|09:00|2021-06-02T09:00:00+00:00|2021-06-02T09:15:00+00:00,external,09:00,2021-06-02 09:15:00+00:00,2021-06-02 13:30:00+00:00,9.735251290485868,9.480311134918496,255.0,0
development|05:00|2022-03-28T05:00:00+00:00|2022-03-28T05:35:00+00:00,development,05:00,2022-03-28 05:35:00+00:00,2022-03-28 09:50:00+00:00,4.366986623236491,4.114729258607186,255.0,0
reference_validation|16:00|2025-01-16T16:00:00+00:00|2025-01-16T17:45:00+00:00,reference_validation,16:00,2025-01-16 17:45:00+00:00,2025-01-16 22:00:00+00:00,-3.353147977872328,-3.8499464306679827,255.0,0
external|16:00|2020-09-28T16:00:00+00:00|2020-09-28T17:50:00+00:00,external,16:00,2020-09-28 17:50:00+00:00,2020-09-28 22:00:00+00:00,-2.226030353900443,-2.7239553610429064,250.0,0
external|05:00|2021-04-15T05:00:00+00:00|2021-04-15T06:50:00+00:00,external,05:00,2021-04-15 06:50:00+00:00,2021-04-15 11:00:00+00:00,-9.787302163710033,-10.277669677789191,250.0,0
external|16:00|2021-05-11T16:00:00+00:00|2021-05-11T16:30:00+00:00,external,16:00,2021-05-11 16:30:00+00:00,2021-05-11 20:40:00+00:00,10.167478236581218,9.912322075543445,250.0,0
development|16:00|2022-09-29T16:00:00+00:00|2022-09-29T17:50:00+00:00,development,16:00,2022-09-29 17:50:00+00:00,2022-09-29 22:00:00+00:00,-0.0036084778942010454,-0.5037547962570718,250.0,0
external|16:00|2021-03-23T16:00:00+00:00|2021-03-23T16:45:00+00:00,external,16:00,2021-03-23 16:45:00+00:00,2021-03-23 20:50:00+00:00,-7.213527587619217,-7.706467590030397,245.0,0
external|16:00|2021-09-09T16:00:00+00:00|2021-09-09T17:55:00+00:00,external,16:00,2021-09-09 17:55:00+00:00,2021-09-09 22:00:00+00:00,-8.155460825855265,-8.64745936575938,245.0,0
development|16:00|2022-01-20T16:00:00+00:00|2022-01-20T17:40:00+00:00,development,16:00,2022-01-20 17:40:00+00:00,2022-01-20 21:45:00+00:00,-17.42272994207793,-17.905465844184775,245.0,0
development|09:00|2024-02-05T09:00:00+00:00|2024-02-05T09:35:00+00:00,development,09:00,2024-02-05 09:35:00+00:00,2024-02-05 13:40:00+00:00,3.5511013425108655,3.2992517166525297,245.0,0
external|09:00|2020-03-13T09:00:00+00:00|2020-03-13T11:00:00+00:00,external,09:00,2020-03-13 11:00:00+00:00,2020-03-13 15:00:00+00:00,3.0291377601585183,2.5259602111729733,240.0,0
reference_validation|16:00|2025-03-25T16:00:00+00:00|2025-03-25T18:00:00+00:00,reference_validation,16:00,2025-03-25 18:00:00+00:00,2025-03-25 22:00:00+00:00,-2.6936277928327086,-3.1910854362181436,240.0,0
reference_validation|09:00|2026-01-13T09:00:00+00:00|2026-01-13T09:35:00+00:00,reference_validation,09:00,2026-01-13 09:35:00+00:00,2026-01-13 13:35:00+00:00,2.389324696521489,2.138055668687145,240.0,0
reference_validation|10:00|2026-04-30T10:00:00+00:00|2026-04-30T11:40:00+00:00,reference_validation,10:00,2026-04-30 11:40:00+00:00,2026-04-30 15:40:00+00:00,0.6918020818353469,0.19096070044428737,240.0,0
development|10:00|2023-10-18T10:00:00+00:00|2023-10-18T11:50:00+00:00,development,10:00,2023-10-18 11:50:00+00:00,2023-10-18 15:45:00+00:00,-3.615795557103773,-4.112331493578414,235.0,0
development|10:00|2024-02-08T10:00:00+00:00|2024-02-08T10:25:00+00:00,development,10:00,2024-02-08 10:25:00+00:00,2024-02-08 14:20:00+00:00,0.8781444519865959,0.3771168213499546,235.0,0
reference_validation|05:00|2026-06-11T05:00:00+00:00|2026-06-11T07:05:00+00:00,reference_validation,05:00,2026-06-11 07:05:00+00:00,2026-06-11 11:00:00+00:00,1.4790875641182537,0.9774592906908856,235.0,0
external|09:00|2021-11-19T09:00:00+00:00|2021-11-19T10:15:00+00:00,external,09:00,2021-11-19 10:15:00+00:00,2021-11-19 14:05:00+00:00,9.432008272448455,9.177219662617153,230.0,0
development|09:00|2022-07-07T09:00:00+00:00|2022-07-07T09:55:00+00:00,development,09:00,2022-07-07 09:55:00+00:00,2022-07-07 13:45:00+00:00,5.4461252523885895,5.193328588094581,230.0,0
development|16:00|2024-08-16T16:00:00+00:00|2024-08-16T18:10:00+00:00,development,16:00,2024-08-16 18:10:00+00:00,2024-08-16 22:00:00+00:00,-1.410924897923926,-1.9096646031733107,230.0,0
development|05:00|2022-09-13T05:00:00+00:00|2022-09-13T07:00:00+00:00,development,05:00,2022-09-13 07:00:00+00:00,2022-09-13 10:45:00+00:00,7.100168001425833,6.846544729061388,225.0,0
development|16:00|2023-07-05T16:00:00+00:00|2023-07-05T18:15:00+00:00,development,16:00,2023-07-05 18:15:00+00:00,2023-07-05 22:00:00+00:00,-0.5412924596924104,-1.0409013627811654,225.0,0
reference_validation|16:00|2025-03-19T16:00:00+00:00|2025-03-19T18:15:00+00:00,reference_validation,16:00,2025-03-19 18:15:00+00:00,2025-03-19 22:00:00+00:00,0.6058780615416207,0.10512256123025343,225.0,0
reference_validation|05:00|2025-08-14T05:00:00+00:00|2025-08-14T07:00:00+00:00,reference_validation,05:00,2025-08-14 07:00:00+00:00,2025-08-14 10:45:00+00:00,-6.936691355124747,-7.429908055419421,225.0,0
reference_validation|09:00|2026-04-08T09:00:00+00:00|2026-04-08T09:25:00+00:00,reference_validation,09:00,2026-04-08 09:25:00+00:00,2026-04-08 13:10:00+00:00,2.4669572086665874,2.2156493839746276,225.0,0
development|16:00|2022-01-14T16:00:00+00:00|2022-01-14T18:20:00+00:00,development,16:00,2022-01-14 18:20:00+00:00,2022-01-14 22:00:00+00:00,8.67355550510025,8.419145932134176,220.0,0
development|05:00|2022-05-19T05:00:00+00:00|2022-05-19T07:20:00+00:00,development,05:00,2022-05-19 07:20:00+00:00,2022-05-19 11:00:00+00:00,-3.8192301291652293,-4.315562732734246,220.0,0
reference_validation|05:00|2025-11-05T05:00:00+00:00|2025-11-05T07:20:00+00:00,reference_validation,05:00,2025-11-05 07:20:00+00:00,2025-11-05 11:00:00+00:00,-4.534408789385147,-5.030026571704527,220.0,0
development|05:00|2023-06-26T05:00:00+00:00|2023-06-26T07:25:00+00:00,development,05:00,2023-06-26 07:25:00+00:00,2023-06-26 11:00:00+00:00,-4.998732840549125,-5.493886530863346,215.0,0
reference_validation|09:00|2025-12-01T09:00:00+00:00|2025-12-01T09:15:00+00:00,reference_validation,09:00,2025-12-01 09:15:00+00:00,2025-12-01 12:50:00+00:00,-6.68896153428965,-7.18242584060218,215.0,0
external|05:00|2021-11-02T05:00:00+00:00|2021-11-02T06:10:00+00:00,external,05:00,2021-11-02 06:10:00+00:00,2021-11-02 09:40:00+00:00,4.786677919587601,4.534210814180439,210.0,0
development|05:00|2022-09-06T05:00:00+00:00|2022-09-06T07:30:00+00:00,development,05:00,2022-09-06 07:30:00+00:00,2022-09-06 11:00:00+00:00,0.41848834915343447,-0.08207985509360827,210.0,0
development|10:00|2023-05-22T10:00:00+00:00|2023-05-22T10:30:00+00:00,development,10:00,2023-05-22 10:30:00+00:00,2023-05-22 14:00:00+00:00,1.249985879305982,0.7485865930698224,210.0,0
reference_validation|16:00|2025-01-10T16:00:00+00:00|2025-01-10T18:30:00+00:00,reference_validation,16:00,2025-01-10 18:30:00+00:00,2025-01-10 22:00:00+00:00,-3.948310560064216,-4.444514147710343,210.0,0
external|05:00|2020-12-31T05:00:00+00:00|2020-12-31T07:35:00+00:00,external,05:00,2020-12-31 07:35:00+00:00,2020-12-31 11:00:00+00:00,1.5793031918974303,1.0775747529249817,205.0,0
development|16:00|2022-05-30T16:00:00+00:00|2022-05-30T17:00:00+00:00,development,16:00,2022-05-30 17:00:00+00:00,2022-05-30 20:25:00+00:00,6.503135113929814,6.249810208825379,205.0,0
development|16:00|2022-11-07T16:00:00+00:00|2022-11-07T16:10:00+00:00,development,16:00,2022-11-07 16:10:00+00:00,2022-11-07 19:35:00+00:00,3.8015085086063443,3.549533741735456,205.0,0
development|05:00|2023-03-17T05:00:00+00:00|2023-03-17T07:20:00+00:00,development,05:00,2023-03-17 07:20:00+00:00,2023-03-17 10:45:00+00:00,8.878044399457673,8.623532633141151,205.0,0
reference_validation|05:00|2026-03-16T05:00:00+00:00|2026-03-16T07:35:00+00:00,reference_validation,05:00,2026-03-16 07:35:00+00:00,2026-03-16 11:00:00+00:00,5.445124471995033,4.93953214368732,205.0,0
external|09:00|2020-01-13T09:00:00+00:00|2020-01-13T11:10:00+00:00,external,09:00,2020-01-13 11:10:00+00:00,2020-01-13 14:30:00+00:00,-4.063864376098669,-4.559952467676753,200.0,0
external|05:00|2020-05-12T05:00:00+00:00|2020-05-12T05:45:00+00:00,external,05:00,2020-05-12 05:45:00+00:00,2020-05-12 09:05:00+00:00,4.829486873191469,4.576998374004448,200.0,0
external|10:00|2021-01-01T10:00:00+00:00|2021-01-01T12:45:00+00:00,external,10:00,2021-01-01 12:45:00+00:00,2021-01-01 16:00:00+00:00,-2.7846140846022767,-3.2819807871662827,195.0,0
external|16:00|2021-04-28T16:00:00+00:00|2021-04-28T18:45:00+00:00,external,16:00,2021-04-28 18:45:00+00:00,2021-04-28 22:00:00+00:00,7.944203583264597,7.436113424760649,195.0,0
development|05:00|2024-03-08T05:00:00+00:00|2024-03-08T07:50:00+00:00,development,05:00,2024-03-08 07:50:00+00:00,2024-03-08 11:00:00+00:00,2.5305435399132885,2.027864335975305,190.0,0
development|05:00|2024-12-11T05:00:00+00:00|2024-12-11T07:50:00+00:00,development,05:00,2024-12-11 07:50:00+00:00,2024-12-11 11:00:00+00:00,7.233702763468863,6.726322750711788,190.0,0
reference_validation|10:00|2026-02-13T10:00:00+00:00|2026-02-13T10:30:00+00:00,reference_validation,10:00,2026-02-13 10:30:00+00:00,2026-02-13 13:40:00+00:00,3.0222981738796233,2.5191274610621543,190.0,0
reference_validation|16:00|2026-03-04T16:00:00+00:00|2026-03-04T16:10:00+00:00,reference_validation,16:00,2026-03-04 16:10:00+00:00,2026-03-04 19:20:00+00:00,14.87245449324277,14.614947019732938,190.0,0
external|05:00|2021-02-24T05:00:00+00:00|2021-02-24T06:15:00+00:00,external,05:00,2021-02-24 06:15:00+00:00,2021-02-24 09:20:00+00:00,23.372477132330886,23.1107217714452,185.0,0
development|05:00|2022-06-17T05:00:00+00:00|2022-06-17T07:55:00+00:00,development,05:00,2022-06-17 07:55:00+00:00,2022-06-17 11:00:00+00:00,1.4249585236698175,0.9233843522320043,185.0,0
development|09:00|2022-10-07T09:00:00+00:00|2022-10-07T09:30:00+00:00,development,09:00,2022-10-07 09:30:00+00:00,2022-10-07 12:35:00+00:00,-5.750176618511449,-6.2445792405819045,185.0,0
development|16:00|2024-03-04T16:00:00+00:00|2024-03-04T16:25:00+00:00,development,16:00,2024-03-04 16:25:00+00:00,2024-03-04 19:30:00+00:00,7.8446621097879135,7.5906667763997016,185.0,0
reference_validation|05:00|2025-11-12T05:00:00+00:00|2025-11-12T05:35:00+00:00,reference_validation,05:00,2025-11-12 05:35:00+00:00,2025-11-12 08:40:00+00:00,2.9792761930209193,2.727712336852495,185.0,0
reference_validation|16:00|2026-01-09T16:00:00+00:00|2026-01-09T16:30:00+00:00,reference_validation,16:00,2026-01-09 16:30:00+00:00,2026-01-09 19:35:00+00:00,-8.260021677846108,-8.751915709152614,185.0,0
reference_validation|10:00|2026-03-04T10:00:00+00:00|2026-03-04T11:35:00+00:00,reference_validation,10:00,2026-03-04 11:35:00+00:00,2026-03-04 14:40:00+00:00,6.351440222117155,5.844942030990685,185.0,0
external|16:00|2020-04-08T16:00:00+00:00|2020-04-08T16:10:00+00:00,external,16:00,2020-04-08 16:10:00+00:00,2020-04-08 19:10:00+00:00,5.381028787163689,5.128264654836356,180.0,0
external|05:00|2021-07-07T05:00:00+00:00|2021-07-07T08:00:00+00:00,external,05:00,2021-07-07 08:00:00+00:00,2021-07-07 11:00:00+00:00,-0.9716643961518608,-1.470843142382538,180.0,0
development|05:00|2022-05-02T05:00:00+00:00|2022-05-02T06:50:00+00:00,development,05:00,2022-05-02 06:50:00+00:00,2022-05-02 09:50:00+00:00,-6.817847611895456,-7.311183096541207,180.0,0
development|05:00|2024-11-06T05:00:00+00:00|2024-11-06T08:00:00+00:00,development,05:00,2024-11-06 08:00:00+00:00,2024-11-06 11:00:00+00:00,7.655242586505361,7.147441244589836,180.0,0
reference_validation|16:00|2025-01-23T16:00:00+00:00|2025-01-23T16:50:00+00:00,reference_validation,16:00,2025-01-23 16:50:00+00:00,2025-01-23 19:50:00+00:00,-9.080085815921946,-9.571160192917471,180.0,0
reference_validation|05:00|2025-02-27T05:00:00+00:00|2025-02-27T08:00:00+00:00,reference_validation,05:00,2025-02-27 08:00:00+00:00,2025-02-27 11:00:00+00:00,4.605263946270544,4.1005110587680305,180.0,0
development|16:00|2023-05-09T16:00:00+00:00|2023-05-09T17:10:00+00:00,development,16:00,2023-05-09 17:10:00+00:00,2023-05-09 20:05:00+00:00,2.4128938727598475,2.161613066226709,175.0,0
reference_validation|05:00|2025-09-17T05:00:00+00:00|2025-09-17T08:05:00+00:00,reference_validation,05:00,2025-09-17 08:05:00+00:00,2025-09-17 11:00:00+00:00,-5.601246422331718,-6.0957979001704405,175.0,0
development|16:00|2024-06-25T16:00:00+00:00|2024-06-25T19:10:00+00:00,development,16:00,2024-06-25 19:10:00+00:00,2024-06-25 22:00:00+00:00,-1.3678957989359692,-1.8666785117805613,170.0,0
development|09:00|2024-07-18T09:00:00+00:00|2024-07-18T10:00:00+00:00,development,09:00,2024-07-18 10:00:00+00:00,2024-07-18 12:50:00+00:00,3.3259726994149923,3.0742355816241855,170.0,0
reference_validation|16:00|2026-02-20T16:00:00+00:00|2026-02-20T19:10:00+00:00,reference_validation,16:00,2026-02-20 19:10:00+00:00,2026-02-20 22:00:00+00:00,1.598132871384395,1.0963856121426034,170.0,0
development|16:00|2022-03-23T16:00:00+00:00|2022-03-23T16:15:00+00:00,development,16:00,2022-03-23 16:15:00+00:00,2022-03-23 19:00:00+00:00,-10.32662066768224,-10.816449132781946,165.0,0
development|09:00|2022-06-23T09:00:00+00:00|2022-06-23T09:30:00+00:00,development,09:00,2022-06-23 09:30:00+00:00,2022-06-23 12:15:00+00:00,8.461622358554921,8.20731869920528,165.0,0
development|16:00|2023-01-13T16:00:00+00:00|2023-01-13T18:15:00+00:00,development,16:00,2023-01-13 18:15:00+00:00,2023-01-13 21:00:00+00:00,3.808868397546972,3.556889952570708,165.0,0
development|05:00|2023-03-16T05:00:00+00:00|2023-03-16T08:05:00+00:00,development,05:00,2023-03-16 08:05:00+00:00,2023-03-16 10:50:00+00:00,3.758554535456549,3.5066012348392133,165.0,0
external|09:00|2020-06-22T09:00:00+00:00|2020-06-22T09:10:00+00:00,external,09:00,2020-06-22 09:10:00+00:00,2020-06-22 11:50:00+00:00,1.9796371053413924,1.7285728189319731,160.0,0
external|16:00|2021-01-22T16:00:00+00:00|2021-01-22T16:10:00+00:00,external,16:00,2021-01-22 16:10:00+00:00,2021-01-22 18:50:00+00:00,12.743538864699987,12.487095317041573,160.0,0
external|09:00|2021-06-24T09:00:00+00:00|2021-06-24T09:20:00+00:00,external,09:00,2021-06-24 09:20:00+00:00,2021-06-24 12:00:00+00:00,7.246342170911424,6.992645847987489,160.0,0
external|09:00|2021-11-03T09:00:00+00:00|2021-11-03T09:50:00+00:00,external,09:00,2021-11-03 09:50:00+00:00,2021-11-03 12:30:00+00:00,-6.483568766121928,-6.977238362557525,160.0,0
development|16:00|2022-05-31T16:00:00+00:00|2022-05-31T16:10:00+00:00,development,16:00,2022-05-31 16:10:00+00:00,2022-05-31 18:50:00+00:00,-9.90103461605506,-10.391288454519742,160.0,0
development|16:00|2022-06-09T16:00:00+00:00|2022-06-09T17:20:00+00:00,development,16:00,2022-06-09 17:20:00+00:00,2022-06-09 20:00:00+00:00,-6.556801427053827,-7.050397827426547,160.0,0
development|09:00|2022-08-10T09:00:00+00:00|2022-08-10T09:35:00+00:00,development,09:00,2022-08-10 09:35:00+00:00,2022-08-10 12:15:00+00:00,5.24903438523423,4.996336217125763,160.0,0
reference_validation|05:00|2025-08-26T05:00:00+00:00|2025-08-26T08:20:00+00:00,reference_validation,05:00,2025-08-26 08:20:00+00:00,2025-08-26 11:00:00+00:00,2.3541742998472563,1.8516713770089903,160.0,0
external|10:00|2020-03-19T10:00:00+00:00|2020-03-19T10:40:00+00:00,external,10:00,2020-03-19 10:40:00+00:00,2020-03-19 13:15:00+00:00,18.642952800914614,18.124169239894197,155.0,0
external|16:00|2020-12-30T16:00:00+00:00|2020-12-30T16:25:00+00:00,external,16:00,2020-12-30 16:25:00+00:00,2020-12-30 19:00:00+00:00,5.503960872189917,5.251135304537757,155.0,0
external|16:00|2021-04-06T16:00:00+00:00|2021-04-06T19:25:00+00:00,external,16:00,2021-04-06 19:25:00+00:00,2021-04-06 22:00:00+00:00,0.5733539181198125,0.07263092569804763,155.0,0
development|10:00|2022-03-28T10:00:00+00:00|2022-03-28T11:15:00+00:00,development,10:00,2022-03-28 11:15:00+00:00,2022-03-28 13:50:00+00:00,2.4530589420866504,1.9504571840237133,155.0,0
development|05:00|2022-11-23T05:00:00+00:00|2022-11-23T08:20:00+00:00,development,05:00,2022-11-23 08:20:00+00:00,2022-11-23 10:55:00+00:00,9.080583015984866,8.825970030969366,155.0,0
development|09:00|2024-02-09T09:00:00+00:00|2024-02-09T09:15:00+00:00,development,09:00,2024-02-09 09:15:00+00:00,2024-02-09 11:50:00+00:00,3.4369003196404573,3.1851077657574893,155.0,0
reference_validation|16:00|2026-01-13T16:00:00+00:00|2026-01-13T16:15:00+00:00,reference_validation,16:00,2026-01-13 16:15:00+00:00,2026-01-13 18:50:00+00:00,4.338350700982718,4.086107647159176,155.0,0
development|16:00|2022-08-22T16:00:00+00:00|2022-08-22T16:10:00+00:00,development,16:00,2022-08-22 16:10:00+00:00,2022-08-22 18:40:00+00:00,-9.310803520098988,-9.801647294691508,150.0,0
development|05:00|2024-10-11T05:00:00+00:00|2024-10-11T07:40:00+00:00,development,05:00,2024-10-11 07:40:00+00:00,2024-10-11 10:10:00+00:00,3.288550125651724,3.036831709796806,150.0,0
reference_validation|10:00|2026-01-15T10:00:00+00:00|2026-01-15T11:30:00+00:00,reference_validation,10:00,2026-01-15 11:30:00+00:00,2026-01-15 14:00:00+00:00,2.3228923382749405,1.8204206817649786,150.0,0
external|05:00|2020-07-01T05:00:00+00:00|2020-07-01T06:00:00+00:00,external,05:00,2020-07-01 06:00:00+00:00,2020-07-01 08:25:00+00:00,1.806183966918296,1.5552063637364726,145.0,0
development|16:00|2024-11-27T16:00:00+00:00|2024-11-27T17:05:00+00:00,development,16:00,2024-11-27 17:05:00+00:00,2024-11-27 19:30:00+00:00,9.357678320671203,9.102926857242633,145.0,0
reference_validation|10:00|2025-08-13T10:00:00+00:00|2025-08-13T11:15:00+00:00,reference_validation,10:00,2025-08-13 11:15:00+00:00,2025-08-13 13:40:00+00:00,0.03094712364133423,-0.4692337330540083,145.0,0
external|10:00|2020-05-12T10:00:00+00:00|2020-05-12T12:10:00+00:00,external,10:00,2020-05-12 12:10:00+00:00,2020-05-12 14:30:00+00:00,2.430660663032947,1.9280812920554173,140.0,0
external|09:00|2021-01-29T09:00:00+00:00|2021-01-29T09:10:00+00:00,external,09:00,2021-01-29 09:10:00+00:00,2021-01-29 11:30:00+00:00,19.347037395506206,19.087293748631897,140.0,0
external|16:00|2021-05-24T16:00:00+00:00|2021-05-24T16:15:00+00:00,external,16:00,2021-05-24 16:15:00+00:00,2021-05-24 18:35:00+00:00,27.36155037972117,27.097801478981623,140.0,0
external|09:00|2021-10-20T09:00:00+00:00|2021-10-20T10:05:00+00:00,external,09:00,2021-10-20 10:05:00+00:00,2021-10-20 12:25:00+00:00,2.5879865990192212,2.33661828987426,140.0,0
development|05:00|2024-04-16T05:00:00+00:00|2024-04-16T08:40:00+00:00,development,05:00,2024-04-16 08:40:00+00:00,2024-04-16 11:00:00+00:00,-5.899396432425141,-6.393649909254329,140.0,0
reference_validation|10:00|2025-09-08T10:00:00+00:00|2025-09-08T11:00:00+00:00,reference_validation,10:00,2025-09-08 11:00:00+00:00,2025-09-08 13:20:00+00:00,2.5369726536176977,2.034287023779014,140.0,0
reference_validation|10:00|2025-10-03T10:00:00+00:00|2025-10-03T13:40:00+00:00,reference_validation,10:00,2025-10-03 13:40:00+00:00,2025-10-03 16:00:00+00:00,5.3918590405887645,4.886319951092966,140.0,0
external|10:00|2020-08-27T10:00:00+00:00|2020-08-27T10:10:00+00:00,external,10:00,2020-08-27 10:10:00+00:00,2020-08-27 12:25:00+00:00,-5.741119498646907,-6.235531173310871,135.0,0
development|10:00|2023-07-28T10:00:00+00:00|2023-07-28T10:30:00+00:00,development,10:00,2023-07-28 10:30:00+00:00,2023-07-28 12:45:00+00:00,1.1236918193552996,0.6224187640637261,135.0,0
development|10:00|2024-11-13T10:00:00+00:00|2024-11-13T11:25:00+00:00,development,10:00,2024-11-13 11:25:00+00:00,2024-11-13 13:40:00+00:00,2.1489353057068787,1.6466375192944587,135.0,0
reference_validation|10:00|2025-05-07T10:00:00+00:00|2025-05-07T10:20:00+00:00,reference_validation,10:00,2025-05-07 10:20:00+00:00,2025-05-07 12:35:00+00:00,-3.8874477698134675,-4.383712189833622,135.0,0
external|16:00|2020-01-10T16:00:00+00:00|2020-01-10T16:10:00+00:00,external,16:00,2020-01-10 16:10:00+00:00,2020-01-10 18:20:00+00:00,10.665936008485044,10.410530743113556,130.0,0
external|05:00|2021-10-28T05:00:00+00:00|2021-10-28T06:10:00+00:00,external,05:00,2021-10-28 06:10:00+00:00,2021-10-28 08:20:00+00:00,8.259161016551063,8.004958537282404,130.0,0
development|09:00|2023-10-24T09:00:00+00:00|2023-10-24T09:55:00+00:00,development,09:00,2023-10-24 09:55:00+00:00,2023-10-24 12:05:00+00:00,4.658117745540213,4.405714888096224,130.0,0
development|05:00|2024-01-12T05:00:00+00:00|2024-01-12T06:30:00+00:00,development,05:00,2024-01-12 06:30:00+00:00,2024-01-12 08:40:00+00:00,-5.485407105128948,-5.980074364394117,130.0,0
development|05:00|2024-10-24T05:00:00+00:00|2024-10-24T06:55:00+00:00,development,05:00,2024-10-24 06:55:00+00:00,2024-10-24 09:05:00+00:00,-7.408226963716558,-7.900972364052617,130.0,0
reference_validation|16:00|2026-03-09T16:00:00+00:00|2026-03-09T17:20:00+00:00,reference_validation,16:00,2026-03-09 17:20:00+00:00,2026-03-09 19:30:00+00:00,6.2233033354125,5.970118276274317,130.0,0
external|16:00|2020-06-03T16:00:00+00:00|2020-06-03T16:40:00+00:00,external,16:00,2020-06-03 16:40:00+00:00,2020-06-03 18:45:00+00:00,3.199937392393171,2.948263260762874,125.0,0
external|16:00|2021-03-01T16:00:00+00:00|2021-03-01T16:15:00+00:00,external,16:00,2021-03-01 16:15:00+00:00,2021-03-01 18:20:00+00:00,-9.573414004804759,-10.063995300152273,125.0,0
development|16:00|2023-11-15T16:00:00+00:00|2023-11-15T16:10:00+00:00,development,16:00,2023-11-15 16:10:00+00:00,2023-11-15 18:15:00+00:00,3.7760487238748923,3.5240866805346776,125.0,0
reference_validation|05:00|2025-06-18T05:00:00+00:00|2025-06-18T08:30:00+00:00,reference_validation,05:00,2025-06-18 08:30:00+00:00,2025-06-18 10:35:00+00:00,-5.594126406516564,-6.088685000812822,125.0,0
reference_validation|05:00|2026-04-21T05:00:00+00:00|2026-04-21T06:45:00+00:00,reference_validation,05:00,2026-04-21 06:45:00+00:00,2026-04-21 08:50:00+00:00,2.60956353241455,2.358184440194489,125.0,0
external|09:00|2020-02-17T09:00:00+00:00|2020-02-17T09:25:00+00:00,external,09:00,2020-02-17 09:25:00+00:00,2020-02-17 11:25:00+00:00,-16.092209654293466,-16.57627541176031,120.0,0
external|05:00|2021-08-25T05:00:00+00:00|2021-08-25T06:20:00+00:00,external,05:00,2021-08-25 06:20:00+00:00,2021-08-25 08:20:00+00:00,-6.140876962932129,-6.634889079910655,120.0,0
external|09:00|2021-12-02T09:00:00+00:00|2021-12-02T09:25:00+00:00,external,09:00,2021-12-02 09:25:00+00:00,2021-12-02 11:25:00+00:00,-7.376174622490616,-7.868952059149659,120.0,0
development|09:00|2023-11-23T09:00:00+00:00|2023-11-23T09:15:00+00:00,development,09:00,2023-11-23 09:15:00+00:00,2023-11-23 11:15:00+00:00,-4.767495247491416,-5.262880059837705,120.0,0
development|05:00|2023-12-19T05:00:00+00:00|2023-12-19T09:00:00+00:00,development,05:00,2023-12-19 09:00:00+00:00,2023-12-19 11:00:00+00:00,-0.8304425929906875,-1.3297624904489598,120.0,0
development|16:00|2024-09-02T16:00:00+00:00|2024-09-02T18:35:00+00:00,development,16:00,2024-09-02 18:35:00+00:00,2024-09-02 20:35:00+00:00,3.1679751889716727,2.9163170304565393,120.0,0
reference_validation|10:00|2025-05-02T10:00:00+00:00|2025-05-02T12:45:00+00:00,reference_validation,10:00,2025-05-02 12:45:00+00:00,2025-05-02 14:45:00+00:00,1.3040021575854825,0.8025488820657237,120.0,0
reference_validation|16:00|2025-08-06T16:00:00+00:00|2025-08-06T16:10:00+00:00,reference_validation,16:00,2025-08-06 16:10:00+00:00,2025-08-06 18:10:00+00:00,6.251778210023384,5.998578920563058,120.0,0
reference_validation|09:00|2025-11-17T09:00:00+00:00|2025-11-17T09:35:00+00:00,reference_validation,09:00,2025-11-17 09:35:00+00:00,2025-11-17 11:35:00+00:00,3.075682338109465,2.8240703029581264,120.0,0
reference_validation|16:00|2026-06-23T16:00:00+00:00|2026-06-23T20:00:00+00:00,reference_validation,16:00,2026-06-23 20:00:00+00:00,2026-06-23 22:00:00+00:00,-0.06214491430493985,-0.5622327254849343,120.0,0
development|10:00|2023-09-05T10:00:00+00:00|2023-09-05T11:10:00+00:00,development,10:00,2023-09-05 11:10:00+00:00,2023-09-05 13:05:00+00:00,0.8049595614651576,0.30400507914492036,115.0,0
development|16:00|2023-11-22T16:00:00+00:00|2023-11-22T16:25:00+00:00,development,16:00,2023-11-22 16:25:00+00:00,2023-11-22 18:20:00+00:00,3.9417719189552396,3.68972705542765,115.0,0
reference_validation|10:00|2026-05-06T10:00:00+00:00|2026-05-06T12:10:00+00:00,reference_validation,10:00,2026-05-06 12:10:00+00:00,2026-05-06 14:05:00+00:00,-9.16517249276515,-9.656161825605903,115.0,0
reference_validation|10:00|2026-05-22T10:00:00+00:00|2026-05-22T12:25:00+00:00,reference_validation,10:00,2026-05-22 12:25:00+00:00,2026-05-22 14:20:00+00:00,-3.2485616406213054,-3.7454646274871934,115.0,0
development|10:00|2022-06-28T10:00:00+00:00|2022-06-28T11:50:00+00:00,development,10:00,2022-06-28 11:50:00+00:00,2022-06-28 13:40:00+00:00,2.797360233190394,2.2944143459010085,110.0,0
development|05:00|2023-01-10T05:00:00+00:00|2023-01-10T08:40:00+00:00,development,05:00,2023-01-10 08:40:00+00:00,2023-01-10 10:30:00+00:00,2.0313657490303565,1.7802756112248024,110.0,0
development|10:00|2023-05-25T10:00:00+00:00|2023-05-25T10:40:00+00:00,development,10:00,2023-05-25 10:40:00+00:00,2023-05-25 12:30:00+00:00,4.828270172818794,4.323294390537091,110.0,0
development|09:00|2024-02-15T09:00:00+00:00|2024-02-15T12:10:00+00:00,development,09:00,2024-02-15 12:10:00+00:00,2024-02-15 14:00:00+00:00,3.8101288272575755,3.5581497523814014,110.0,0
development|09:00|2024-08-08T09:00:00+00:00|2024-08-08T10:00:00+00:00,development,09:00,2024-08-08 10:00:00+00:00,2024-08-08 11:50:00+00:00,3.4162883746430954,3.1645061215823227,110.0,0
development|10:00|2024-11-05T10:00:00+00:00|2024-11-05T13:00:00+00:00,development,10:00,2024-11-05 13:00:00+00:00,2024-11-05 14:50:00+00:00,4.728092194012223,4.22321653964548,110.0,0
reference_validation|10:00|2025-07-22T10:00:00+00:00|2025-07-22T12:15:00+00:00,reference_validation,10:00,2025-07-22 12:15:00+00:00,2025-07-22 14:05:00+00:00,-8.25002203408075,-8.741926060033645,110.0,0
reference_validation|10:00|2025-10-21T10:00:00+00:00|2025-10-21T11:00:00+00:00,reference_validation,10:00,2025-10-21 11:00:00+00:00,2025-10-21 12:50:00+00:00,1.4291964097632008,0.927618002557096,110.0,0
reference_validation|05:00|2026-01-02T05:00:00+00:00|2026-01-02T07:25:00+00:00,reference_validation,05:00,2026-01-02 07:25:00+00:00,2026-01-02 09:15:00+00:00,3.212609819121482,2.96092935444432,110.0,0
external|16:00|2020-09-25T16:00:00+00:00|2020-09-25T16:20:00+00:00,external,16:00,2020-09-25 16:20:00+00:00,2020-09-25 18:05:00+00:00,6.5600877952984415,6.306734428084448,105.0,0
development|16:00|2022-07-18T16:00:00+00:00|2022-07-18T16:15:00+00:00,development,16:00,2022-07-18 16:15:00+00:00,2022-07-18 18:00:00+00:00,-14.27576280696412,-14.761644103508875,105.0,0
development|09:00|2022-07-25T09:00:00+00:00|2022-07-25T09:25:00+00:00,development,09:00,2022-07-25 09:25:00+00:00,2022-07-25 11:10:00+00:00,6.783201856299947,6.5297369878060785,105.0,0
development|09:00|2023-02-22T09:00:00+00:00|2023-02-22T12:40:00+00:00,development,09:00,2023-02-22 12:40:00+00:00,2023-02-22 14:25:00+00:00,-5.262697618388479,-5.757587475841364,105.0,0
development|05:00|2023-04-28T05:00:00+00:00|2023-04-28T06:00:00+00:00,development,05:00,2023-04-28 06:00:00+00:00,2023-04-28 07:45:00+00:00,1.6686942396731523,1.417785346999723,105.0,0
development|05:00|2023-06-29T05:00:00+00:00|2023-06-29T05:30:00+00:00,development,05:00,2023-06-29 05:30:00+00:00,2023-06-29 07:15:00+00:00,1.6967211197742142,1.4457982206638857,105.0,0
development|16:00|2023-07-26T16:00:00+00:00|2023-07-26T16:30:00+00:00,development,16:00,2023-07-26 16:30:00+00:00,2023-07-26 18:15:00+00:00,1.1232169480760006,0.8725806577471577,105.0,0
development|09:00|2024-01-05T09:00:00+00:00|2024-01-05T09:15:00+00:00,development,09:00,2024-01-05 09:15:00+00:00,2024-01-05 11:00:00+00:00,-4.303261556720939,-4.799110370757131,105.0,0
reference_validation|10:00|2025-02-18T10:00:00+00:00|2025-02-18T11:00:00+00:00,reference_validation,10:00,2025-02-18 11:00:00+00:00,2025-02-18 12:45:00+00:00,2.0457089768900043,1.5435143652190013,105.0,0
reference_validation|09:00|2025-10-24T09:00:00+00:00|2025-10-24T12:45:00+00:00,reference_validation,09:00,2025-10-24 12:45:00+00:00,2025-10-24 14:30:00+00:00,-7.861989661995739,-8.354281526401486,105.0,0
reference_validation|05:00|2026-04-03T05:00:00+00:00|2026-04-03T05:50:00+00:00,reference_validation,05:00,2026-04-03 05:50:00+00:00,2026-04-03 07:35:00+00:00,2.4611416113104583,2.209836692963996,105.0,0
external|09:00|2020-11-20T09:00:00+00:00|2020-11-20T09:10:00+00:00,external,09:00,2020-11-20 09:10:00+00:00,2020-11-20 10:50:00+00:00,10.147463586137674,9.892317427423869,100.0,0
external|09:00|2021-05-10T09:00:00+00:00|2021-05-10T09:10:00+00:00,external,09:00,2021-05-10 09:10:00+00:00,2021-05-10 10:50:00+00:00,-11.062559642447278,-11.551652536357915,100.0,0
external|05:00|2021-09-06T05:00:00+00:00|2021-09-06T09:20:00+00:00,external,05:00,2021-09-06 09:20:00+00:00,2021-09-06 11:00:00+00:00,-0.23769715998505048,-0.7376095066517371,100.0,0
development|16:00|2022-12-12T16:00:00+00:00|2022-12-12T19:15:00+00:00,development,16:00,2022-12-12 19:15:00+00:00,2022-12-12 20:55:00+00:00,2.2126545088748233,1.9614737719889201,100.0,0
development|09:00|2024-05-23T09:00:00+00:00|2024-05-23T09:40:00+00:00,development,09:00,2024-05-23 09:40:00+00:00,2024-05-23 11:20:00+00:00,4.630389207052454,4.378000206949073,100.0,0
external|05:00|2020-06-19T05:00:00+00:00|2020-06-19T09:25:00+00:00,external,05:00,2020-06-19 09:25:00+00:00,2020-06-19 11:00:00+00:00,0.21400362968522246,-0.2863601920334743,95.0,0
external|16:00|2020-11-13T16:00:00+00:00|2020-11-13T20:25:00+00:00,external,16:00,2020-11-13 20:25:00+00:00,2020-11-13 22:00:00+00:00,0.06646735788646863,-0.43374900129177185,95.0,0
development|10:00|2022-06-15T10:00:00+00:00|2022-06-15T12:25:00+00:00,development,10:00,2022-06-15 12:25:00+00:00,2022-06-15 14:00:00+00:00,11.995579191167293,11.48343968173089,95.0,0
development|09:00|2022-12-29T09:00:00+00:00|2022-12-29T09:40:00+00:00,development,09:00,2022-12-29 09:40:00+00:00,2022-12-29 11:15:00+00:00,1.6593579648698902,1.4084537380009814,95.0,0
development|16:00|2024-01-01T16:00:00+00:00|2024-01-01T16:35:00+00:00,development,16:00,2024-01-01 16:35:00+00:00,2024-01-01 18:10:00+00:00,2.244848377505893,1.9936515517301028,95.0,0
reference_validation|05:00|2025-09-08T05:00:00+00:00|2025-09-08T09:25:00+00:00,reference_validation,05:00,2025-09-08 09:25:00+00:00,2025-09-08 11:00:00+00:00,0.8780405810465245,0.37701305422905873,95.0,0
development|16:00|2022-09-20T16:00:00+00:00|2022-09-20T16:10:00+00:00,development,16:00,2022-09-20 16:10:00+00:00,2022-09-20 17:40:00+00:00,-11.199830476273975,-11.688786167951815,90.0,0
development|10:00|2022-12-29T10:00:00+00:00|2022-12-29T13:50:00+00:00,development,10:00,2022-12-29 13:50:00+00:00,2022-12-29 15:20:00+00:00,1.086108478629067,0.5848729878958462,90.0,0
development|05:00|2023-04-13T05:00:00+00:00|2023-04-13T06:25:00+00:00,development,05:00,2023-04-13 06:25:00+00:00,2023-04-13 07:55:00+00:00,2.471503171189338,2.2201930746519998,90.0,0
development|09:00|2023-05-08T09:00:00+00:00|2023-05-08T13:30:00+00:00,development,09:00,2023-05-08 13:30:00+00:00,2023-05-08 15:00:00+00:00,1.447507410184246,0.9459107011286608,90.0,0
development|10:00|2023-06-15T10:00:00+00:00|2023-06-15T14:30:00+00:00,development,10:00,2023-06-15 14:30:00+00:00,2023-06-15 16:00:00+00:00,-1.2020191116212549,-1.7009676182562656,90.0,0
development|09:00|2023-12-01T09:00:00+00:00|2023-12-01T09:25:00+00:00,development,09:00,2023-12-01 09:25:00+00:00,2023-12-01 10:55:00+00:00,-3.4749225623483144,-3.9715993014163726,90.0,0
development|05:00|2024-07-09T05:00:00+00:00|2024-07-09T07:15:00+00:00,development,05:00,2024-07-09 07:15:00+00:00,2024-07-09 08:45:00+00:00,6.3056599555676,6.052433738698304,90.0,0
development|16:00|2024-12-02T16:00:00+00:00|2024-12-02T16:20:00+00:00,development,16:00,2024-12-02 16:20:00+00:00,2024-12-02 17:50:00+00:00,-8.93922517414607,-9.430440341388225,90.0,0
reference_validation|10:00|2025-05-29T10:00:00+00:00|2025-05-29T10:20:00+00:00,reference_validation,10:00,2025-05-29 10:20:00+00:00,2025-05-29 11:50:00+00:00,-3.8442359617408712,-4.340543571973987,90.0,0
reference_validation|16:00|2025-07-11T16:00:00+00:00|2025-07-11T20:30:00+00:00,reference_validation,16:00,2025-07-11 20:30:00+00:00,2025-07-11 22:00:00+00:00,-4.6915961293288895,-5.187056802862733,90.0,0
reference_validation|05:00|2025-11-20T05:00:00+00:00|2025-11-20T05:15:00+00:00,reference_validation,05:00,2025-11-20 05:15:00+00:00,2025-11-20 06:45:00+00:00,-5.573556665168944,-6.06813581892689,90.0,0
external|05:00|2020-06-10T05:00:00+00:00|2020-06-10T06:00:00+00:00,external,05:00,2020-06-10 06:00:00+00:00,2020-06-10 07:25:00+00:00,-2.6394011902571175,-3.1369130331453827,85.0,0
external|05:00|2020-07-03T05:00:00+00:00|2020-07-03T08:20:00+00:00,external,05:00,2020-07-03 08:20:00+00:00,2020-07-03 09:45:00+00:00,-4.159398496240629,-4.655391101441686,85.0,0
external|10:00|2020-09-09T10:00:00+00:00|2020-09-09T10:10:00+00:00,external,10:00,2020-09-09 10:10:00+00:00,2020-09-09 11:35:00+00:00,4.376086877565033,3.8715630526000138,85.0,0
development|16:00|2024-04-03T16:00:00+00:00|2024-04-03T17:00:00+00:00,development,16:00,2024-04-03 17:00:00+00:00,2024-04-03 18:25:00+00:00,-9.04887551922383,-9.539981090918737,85.0,0
reference_validation|05:00|2026-07-16T05:00:00+00:00|2026-07-16T06:15:00+00:00,reference_validation,05:00,2026-07-16 06:15:00+00:00,2026-07-16 07:40:00+00:00,-4.305960538683251,-4.801806655086327,85.0,0
external|16:00|2020-03-26T16:00:00+00:00|2020-03-26T20:20:00+00:00,external,16:00,2020-03-26 20:20:00+00:00,2020-03-26 21:40:00+00:00,5.355608028335301,5.102856600035355,80.0,0
external|05:00|2020-08-28T05:00:00+00:00|2020-08-28T05:20:00+00:00,external,05:00,2020-08-28 05:20:00+00:00,2020-08-28 06:40:00+00:00,5.329658419235006,5.076919959255477,80.0,0
external|09:00|2021-02-09T09:00:00+00:00|2021-02-09T09:30:00+00:00,external,09:00,2021-02-09 09:30:00+00:00,2021-02-09 10:50:00+00:00,-14.992805795408781,-15.477970407307406,80.0,0
development|16:00|2022-11-30T16:00:00+00:00|2022-11-30T17:20:00+00:00,development,16:00,2022-11-30 17:20:00+00:00,2022-11-30 18:40:00+00:00,3.9175495691311073,3.6655168107256446,80.0,0
development|10:00|2023-02-01T10:00:00+00:00|2023-02-01T13:40:00+00:00,development,10:00,2023-02-01 13:40:00+00:00,2023-02-01 15:00:00+00:00,1.1743585931828897,0.6730348964381742,80.0,0
development|10:00|2024-05-08T10:00:00+00:00|2024-05-08T14:05:00+00:00,development,10:00,2024-05-08 14:05:00+00:00,2024-05-08 15:25:00+00:00,-5.7165257794932085,-6.210962035585621,80.0,0
external|09:00|2020-07-20T09:00:00+00:00|2020-07-20T09:15:00+00:00,external,09:00,2020-07-20 09:15:00+00:00,2020-07-20 10:30:00+00:00,-1.952681381415899,-2.4508796009247042,75.0,0
external|16:00|2021-03-15T16:00:00+00:00|2021-03-15T20:45:00+00:00,external,16:00,2021-03-15 20:45:00+00:00,2021-03-15 22:00:00+00:00,1.7469475642094117,1.245051564645117,75.0,0
external|05:00|2021-04-30T05:00:00+00:00|2021-04-30T05:15:00+00:00,external,05:00,2021-04-30 05:15:00+00:00,2021-04-30 06:30:00+00:00,3.5687355655583235,3.3168771269949775,75.0,0
external|10:00|2021-09-01T10:00:00+00:00|2021-09-01T14:45:00+00:00,external,10:00,2021-09-01 14:45:00+00:00,2021-09-01 16:00:00+00:00,5.87173759366606,5.365718865436531,75.0,0
development|10:00|2022-01-27T10:00:00+00:00|2022-01-27T10:30:00+00:00,development,10:00,2022-01-27 10:30:00+00:00,2022-01-27 11:45:00+00:00,2.58207053245092,2.07933982727111,75.0,0
development|10:00|2022-03-16T10:00:00+00:00|2022-03-16T10:35:00+00:00,development,10:00,2022-03-16 10:35:00+00:00,2022-03-16 11:50:00+00:00,3.4245067808281298,2.9209340604074545,75.0,0
development|10:00|2022-08-23T10:00:00+00:00|2022-08-23T12:30:00+00:00,development,10:00,2022-08-23 12:30:00+00:00,2022-08-23 13:45:00+00:00,1.1891854608948154,0.6878469446922167,75.0,0
development|10:00|2022-09-29T10:00:00+00:00|2022-09-29T11:35:00+00:00,development,10:00,2022-09-29 11:35:00+00:00,2022-09-29 12:50:00+00:00,-7.901945641762542,-8.394197570156514,75.0,0
development|05:00|2024-01-03T05:00:00+00:00|2024-01-03T09:45:00+00:00,development,05:00,2024-01-03 09:45:00+00:00,2024-01-03 11:00:00+00:00,-2.7711134243925013,-3.2684936208698274,75.0,0
development|10:00|2024-12-13T10:00:00+00:00|2024-12-13T13:15:00+00:00,development,10:00,2024-12-13 13:15:00+00:00,2024-12-13 14:30:00+00:00,0.9478706708194288,0.4467733488096707,75.0,0
reference_validation|09:00|2025-02-06T09:00:00+00:00|2025-02-06T10:05:00+00:00,reference_validation,09:00,2025-02-06 10:05:00+00:00,2025-02-06 11:20:00+00:00,-5.92745432780899,-6.421679760764565,75.0,0
reference_validation|10:00|2025-04-02T10:00:00+00:00|2025-04-02T14:00:00+00:00,reference_validation,10:00,2025-04-02 14:00:00+00:00,2025-04-02 15:15:00+00:00,0.37339005747845133,-0.12713307101468418,75.0,0
external|10:00|2020-05-11T10:00:00+00:00|2020-05-11T10:55:00+00:00,external,10:00,2020-05-11 10:55:00+00:00,2020-05-11 12:05:00+00:00,2.8218471923903814,2.31887683037908,70.0,0
external|16:00|2020-07-24T16:00:00+00:00|2020-07-24T17:05:00+00:00,external,16:00,2020-07-24 17:05:00+00:00,2020-07-24 18:15:00+00:00,6.347638326585647,6.094391131020238,70.0,0
external|05:00|2020-12-25T05:00:00+00:00|2020-12-25T07:00:00+00:00,external,05:00,2020-12-25 07:00:00+00:00,2020-12-25 08:10:00+00:00,4.405634698394456,4.153358019384723,70.0,0
external|10:00|2021-07-20T10:00:00+00:00|2021-07-20T14:15:00+00:00,external,10:00,2021-07-20 14:15:00+00:00,2021-07-20 15:25:00+00:00,3.338517410809661,2.835030636785985,70.0,0
development|16:00|2022-01-24T16:00:00+00:00|2022-01-24T16:40:00+00:00,development,16:00,2022-01-24 16:40:00+00:00,2022-01-24 17:50:00+00:00,14.618934601263467,14.361553824351292,70.0,0
development|09:00|2022-10-14T09:00:00+00:00|2022-10-14T10:15:00+00:00,development,09:00,2022-10-14 10:15:00+00:00,2022-10-14 11:25:00+00:00,2.63341273054214,2.3820217196823372,70.0,0
development|05:00|2023-02-17T05:00:00+00:00|2023-02-17T09:50:00+00:00,development,05:00,2023-02-17 09:50:00+00:00,2023-02-17 11:00:00+00:00,0.7960407963569341,0.2950952283446554,70.0,0
development|05:00|2023-09-26T05:00:00+00:00|2023-09-26T08:35:00+00:00,development,05:00,2023-09-26 08:35:00+00:00,2023-09-26 09:45:00+00:00,0.9585185394591192,0.7079645571805407,70.0,0
development|09:00|2024-01-24T09:00:00+00:00|2024-01-24T09:35:00+00:00,development,09:00,2024-01-24 09:35:00+00:00,2024-01-24 10:45:00+00:00,3.2311778360683667,2.979488092022376,70.0,0
development|16:00|2024-03-19T16:00:00+00:00|2024-03-19T16:20:00+00:00,development,16:00,2024-03-19 16:20:00+00:00,2024-03-19 17:30:00+00:00,8.85573459715634,8.60123398016628,70.0,0
development|16:00|2024-11-07T16:00:00+00:00|2024-11-07T16:10:00+00:00,development,16:00,2024-11-07 16:10:00+00:00,2024-11-07 17:20:00+00:00,6.500425117052799,6.247101566269797,70.0,0
reference_validation|10:00|2026-02-20T10:00:00+00:00|2026-02-20T10:40:00+00:00,reference_validation,10:00,2026-02-20 10:40:00+00:00,2026-02-20 11:50:00+00:00,-5.630325439640416,-6.124847852994042,70.0,0
reference_validation|09:00|2026-05-27T09:00:00+00:00|2026-05-27T12:30:00+00:00,reference_validation,09:00,2026-05-27 12:30:00+00:00,2026-05-27 13:40:00+00:00,-6.665438868373608,-7.158926685596523,70.0,0
external|16:00|2020-02-19T16:00:00+00:00|2020-02-19T16:25:00+00:00,external,16:00,2020-02-19 16:25:00+00:00,2020-02-19 17:30:00+00:00,4.243249565802976,3.991054038783704,65.0,0
external|16:00|2020-07-22T16:00:00+00:00|2020-07-22T18:15:00+00:00,external,16:00,2020-07-22 18:15:00+00:00,2020-07-22 19:20:00+00:00,2.073476563298438,1.8223653806082711,65.0,0
external|09:00|2020-08-05T09:00:00+00:00|2020-08-05T10:05:00+00:00,external,09:00,2020-08-05 10:05:00+00:00,2020-08-05 11:10:00+00:00,4.011006511485848,3.7589270479618357,65.0,0
external|09:00|2020-09-29T09:00:00+00:00|2020-09-29T09:25:00+00:00,external,09:00,2020-09-29 09:25:00+00:00,2020-09-29 10:30:00+00:00,3.7817399705234016,3.529775082981868,65.0,0
external|10:00|2020-11-23T10:00:00+00:00|2020-11-23T10:10:00+00:00,external,10:00,2020-11-23 10:10:00+00:00,2020-11-23 11:15:00+00:00,3.697178630201981,3.1933333741998697,65.0,0
external|16:00|2020-12-10T16:00:00+00:00|2020-12-10T19:00:00+00:00,external,16:00,2020-12-10 19:00:00+00:00,2020-12-10 20:05:00+00:00,6.185354956886835,5.932188862455567,65.0,0
external|10:00|2021-04-22T10:00:00+00:00|2021-04-22T10:10:00+00:00,external,10:00,2021-04-22 10:10:00+00:00,2021-04-22 11:15:00+00:00,7.510512466351438,7.002855782227324,65.0,0
development|09:00|2022-09-08T09:00:00+00:00|2022-09-08T13:55:00+00:00,development,09:00,2022-09-08 13:55:00+00:00,2022-09-08 15:00:00+00:00,2.31927918443049,1.8168111392686375,65.0,0
development|10:00|2022-10-06T10:00:00+00:00|2022-10-06T12:45:00+00:00,development,10:00,2022-10-06 12:45:00+00:00,2022-10-06 13:50:00+00:00,-0.8310368395248343,-1.330356143033495,65.0,0
development|16:00|2024-12-18T16:00:00+00:00|2024-12-18T18:00:00+00:00,development,16:00,2024-12-18 18:00:00+00:00,2024-12-18 19:05:00+00:00,3.912417580928041,3.6603873872344654,65.0,0
external|10:00|2020-09-10T10:00:00+00:00|2020-09-10T13:10:00+00:00,external,10:00,2020-09-10 13:10:00+00:00,2020-09-10 14:10:00+00:00,3.88693816150727,3.3829032408062125,60.0,0
external|09:00|2020-09-16T09:00:00+00:00|2020-09-16T12:15:00+00:00,external,09:00,2020-09-16 12:15:00+00:00,2020-09-16 13:15:00+00:00,4.895796290198717,4.643274652872242,60.0,0
external|16:00|2020-10-15T16:00:00+00:00|2020-10-15T21:00:00+00:00,external,16:00,2020-10-15 21:00:00+00:00,2020-10-15 22:00:00+00:00,-0.8988272604143362,-1.398078807380287,60.0,0
external|10:00|2021-03-25T10:00:00+00:00|2021-03-25T10:10:00+00:00,external,10:00,2021-03-25 10:10:00+00:00,2021-03-25 11:10:00+00:00,4.14032611697952,3.6360379349535514,60.0,0
development|10:00|2022-03-10T10:00:00+00:00|2022-03-10T12:40:00+00:00,development,10:00,2022-03-10 12:40:00+00:00,2022-03-10 13:40:00+00:00,1.1366649704835479,0.6353789485240128,60.0,0
development|05:00|2022-08-04T05:00:00+00:00|2022-08-04T05:25:00+00:00,development,05:00,2022-08-04 05:25:00+00:00,2022-08-04 06:25:00+00:00,-8.871465216857045,-9.362748110193431,60.0,0
development|05:00|2022-11-01T05:00:00+00:00|2022-11-01T10:00:00+00:00,development,05:00,2022-11-01 10:00:00+00:00,2022-11-01 11:00:00+00:00,2.895463449032421,2.392419507554156,60.0,0
development|10:00|2023-08-23T10:00:00+00:00|2023-08-23T15:00:00+00:00,development,10:00,2023-08-23 15:00:00+00:00,2023-08-23 16:00:00+00:00,0.9649873186322159,0.4638728885287383,60.0,0
reference_validation|10:00|2025-04-24T10:00:00+00:00|2025-04-24T15:00:00+00:00,reference_validation,10:00,2025-04-24 15:00:00+00:00,2025-04-24 16:00:00+00:00,0.09444196159376117,-0.4058023582078515,60.0,0
external|05:00|2020-03-24T05:00:00+00:00|2020-03-24T07:25:00+00:00,external,05:00,2020-03-24 07:25:00+00:00,2020-03-24 08:20:00+00:00,8.261750372400135,8.007546599100591,55.0,0
external|10:00|2021-11-04T10:00:00+00:00|2021-11-04T14:20:00+00:00,external,10:00,2021-11-04 14:20:00+00:00,2021-11-04 15:15:00+00:00,-7.200008113194423,-7.692961628323602,55.0,0
development|09:00|2022-09-05T09:00:00+00:00|2022-09-05T13:30:00+00:00,development,09:00,2022-09-05 13:30:00+00:00,2022-09-05 14:25:00+00:00,3.385922975611533,3.1341558976627053,55.0,0
development|10:00|2023-06-02T10:00:00+00:00|2023-06-02T11:55:00+00:00,development,10:00,2023-06-02 11:55:00+00:00,2023-06-02 12:50:00+00:00,-1.72002745657106,-2.2184582137358295,55.0,0
development|16:00|2024-03-01T16:00:00+00:00|2024-03-01T21:05:00+00:00,development,16:00,2024-03-01 21:05:00+00:00,2024-03-01 22:00:00+00:00,-1.2575543002509733,-1.7564472994510578,55.0,0
reference_validation|05:00|2025-08-22T05:00:00+00:00|2025-08-22T06:35:00+00:00,reference_validation,05:00,2025-08-22 06:35:00+00:00,2025-08-22 07:30:00+00:00,5.044445156669863,4.791849232053846,55.0,0
reference_validation|10:00|2026-06-10T10:00:00+00:00|2026-06-10T13:00:00+00:00,reference_validation,10:00,2026-06-10 13:00:00+00:00,2026-06-10 13:55:00+00:00,7.1584981259478875,6.651193280244949,55.0,0
external|16:00|2020-01-16T16:00:00+00:00|2020-01-16T21:10:00+00:00,external,16:00,2020-01-16 21:10:00+00:00,2020-01-16 22:00:00+00:00,-3.416121434974872,-3.9128569457844593,50.0,0
external|10:00|2020-04-28T10:00:00+00:00|2020-04-28T10:20:00+00:00,external,10:00,2020-04-28 10:20:00+00:00,2020-04-28 11:10:00+00:00,2.001310736777407,1.499160501158459,50.0,0
external|05:00|2020-05-19T05:00:00+00:00|2020-05-19T10:10:00+00:00,external,05:00,2020-05-19 10:10:00+00:00,2020-05-19 11:00:00+00:00,0.349133814027636,-0.1513650703442334,50.0,0
external|10:00|2020-10-21T10:00:00+00:00|2020-10-21T13:05:00+00:00,external,10:00,2020-10-21 13:05:00+00:00,2020-10-21 13:55:00+00:00,4.152371956339174,3.64807173449373,50.0,0
external|10:00|2021-03-19T10:00:00+00:00|2021-03-19T11:25:00+00:00,external,10:00,2021-03-19 11:25:00+00:00,2021-03-19 12:15:00+00:00,2.339103970009982,1.8366161099700578,50.0,0
external|10:00|2021-08-03T10:00:00+00:00|2021-08-03T10:10:00+00:00,external,10:00,2021-08-03 10:10:00+00:00,2021-08-03 11:00:00+00:00,4.8418884161632425,4.336899022443896,50.0,0
development|16:00|2022-03-21T16:00:00+00:00|2022-03-21T16:30:00+00:00,development,16:00,2022-03-21 16:30:00+00:00,2022-03-21 17:20:00+00:00,-7.249734533447394,-7.7426383470071025,50.0,0
development|05:00|2022-07-29T05:00:00+00:00|2022-07-29T10:10:00+00:00,development,05:00,2022-07-29 10:10:00+00:00,2022-07-29 11:00:00+00:00,-3.58772955117691,-4.084293539631456,50.0,0
development|16:00|2022-09-07T16:00:00+00:00|2022-09-07T16:20:00+00:00,development,16:00,2022-09-07 16:20:00+00:00,2022-09-07 17:10:00+00:00,8.056394833450176,7.802293686606854,50.0,0
development|05:00|2022-10-17T05:00:00+00:00|2022-10-17T05:20:00+00:00,development,05:00,2022-10-17 05:20:00+00:00,2022-10-17 06:10:00+00:00,2.062369815370291,1.8112641832786607,50.0,0
development|05:00|2024-12-25T05:00:00+00:00|2024-12-25T05:30:00+00:00,development,05:00,2024-12-25 05:30:00+00:00,2024-12-25 06:20:00+00:00,2.3823983714470036,2.131132805044578,50.0,0
reference_validation|09:00|2025-03-19T09:00:00+00:00|2025-03-19T09:45:00+00:00,reference_validation,09:00,2025-03-19 09:45:00+00:00,2025-03-19 10:35:00+00:00,1.472145236208489,1.2213345689241044,50.0,0
reference_validation|16:00|2025-05-27T16:00:00+00:00|2025-05-27T16:55:00+00:00,reference_validation,16:00,2025-05-27 16:55:00+00:00,2025-05-27 17:45:00+00:00,5.0058509064073275,4.7532742692727,50.0,0
reference_validation|16:00|2025-09-12T16:00:00+00:00|2025-09-12T16:40:00+00:00,reference_validation,16:00,2025-09-12 16:40:00+00:00,2025-09-12 17:30:00+00:00,3.3525409545313694,3.1007905592516765,50.0,0
external|16:00|2020-03-30T16:00:00+00:00|2020-03-30T21:15:00+00:00,external,16:00,2020-03-30 21:15:00+00:00,2020-03-30 22:00:00+00:00,0.10423934560939185,-0.3960147666799859,45.0,0
external|09:00|2020-12-16T09:00:00+00:00|2020-12-16T09:25:00+00:00,external,09:00,2020-12-16 09:25:00+00:00,2020-12-16 10:10:00+00:00,2.7791488745130937,2.5276850319971405,45.0,0
external|05:00|2020-12-21T05:00:00+00:00|2020-12-21T08:15:00+00:00,external,05:00,2020-12-21 08:15:00+00:00,2020-12-21 09:00:00+00:00,-7.329802802926933,-7.8226265882312855,45.0,0
external|09:00|2021-02-11T09:00:00+00:00|2021-02-11T09:10:00+00:00,external,09:00,2021-02-11 09:10:00+00:00,2021-02-11 09:55:00+00:00,5.0550682920757595,4.8024670585465445,45.0,0
development|10:00|2022-02-23T10:00:00+00:00|2022-02-23T11:10:00+00:00,development,10:00,2022-02-23 11:10:00+00:00,2022-02-23 11:55:00+00:00,3.368824461692355,2.8653073957636948,45.0,0
development|05:00|2022-08-18T05:00:00+00:00|2022-08-18T10:15:00+00:00,development,05:00,2022-08-18 10:15:00+00:00,2022-08-18 11:00:00+00:00,-2.184869003966183,-2.682835151888207,45.0,0
development|10:00|2022-09-05T10:00:00+00:00|2022-09-05T12:40:00+00:00,development,10:00,2022-09-05 12:40:00+00:00,2022-09-05 13:25:00+00:00,1.2116868777186212,0.7103258713441866,45.0,0
development|10:00|2023-02-14T10:00:00+00:00|2023-02-14T13:45:00+00:00,development,10:00,2023-02-14 13:45:00+00:00,2023-02-14 14:30:00+00:00,-4.967759922964932,-5.462944570718042,45.0,0
development|10:00|2023-06-06T10:00:00+00:00|2023-06-06T11:00:00+00:00,development,10:00,2023-06-06 11:00:00+00:00,2023-06-06 11:45:00+00:00,-2.093521438207446,-2.5915788880442765,45.0,0
development|10:00|2023-10-19T10:00:00+00:00|2023-10-19T10:35:00+00:00,development,10:00,2023-10-19 10:35:00+00:00,2023-10-19 11:20:00+00:00,0.3662501492171625,-0.1342658429358986,45.0,0
development|16:00|2023-11-01T16:00:00+00:00|2023-11-01T18:45:00+00:00,development,16:00,2023-11-01 18:45:00+00:00,2023-11-01 19:30:00+00:00,5.9647480717990975,5.7116922256863045,45.0,0
reference_validation|16:00|2026-04-15T16:00:00+00:00|2026-04-15T16:45:00+00:00,reference_validation,16:00,2026-04-15 16:45:00+00:00,2026-04-15 17:30:00+00:00,3.1750716990403665,2.923409994043347,45.0,0
external|05:00|2020-10-15T05:00:00+00:00|2020-10-15T06:00:00+00:00,external,05:00,2020-10-15 06:00:00+00:00,2020-10-15 06:40:00+00:00,2.1905366111552698,1.9393669276914332,40.0,0
external|10:00|2021-03-23T10:00:00+00:00|2021-03-23T11:45:00+00:00,external,10:00,2021-03-23 11:45:00+00:00,2021-03-23 12:25:00+00:00,4.3126099445941035,3.808149564839503,40.0,0
external|05:00|2021-08-23T05:00:00+00:00|2021-08-23T10:20:00+00:00,external,05:00,2021-08-23 10:20:00+00:00,2021-08-23 11:00:00+00:00,-0.09614714580878891,-0.5962009717499935,40.0,0
external|09:00|2021-10-19T09:00:00+00:00|2021-10-19T13:50:00+00:00,external,09:00,2021-10-19 13:50:00+00:00,2021-10-19 14:30:00+00:00,-8.73122759180871,-9.222650652686449,40.0,0
development|05:00|2022-07-05T05:00:00+00:00|2022-07-05T05:35:00+00:00,development,05:00,2022-07-05 05:35:00+00:00,2022-07-05 06:15:00+00:00,4.614110275905481,4.361729411199899,40.0,0
development|10:00|2023-08-16T10:00:00+00:00|2023-08-16T12:55:00+00:00,development,10:00,2023-08-16 12:55:00+00:00,2023-08-16 13:35:00+00:00,-1.7871961656967135,-2.285559787719926,40.0,0
development|09:00|2023-11-29T09:00:00+00:00|2023-11-29T10:00:00+00:00,development,09:00,2023-11-29 10:00:00+00:00,2023-11-29 10:40:00+00:00,-4.469861723936807,-4.965544021064183,40.0,0
development|05:00|2024-05-23T05:00:00+00:00|2024-05-23T07:00:00+00:00,development,05:00,2024-05-23 07:00:00+00:00,2024-05-23 07:40:00+00:00,3.6164728906250114,3.3645905953274107,40.0,0
reference_validation|16:00|2025-01-20T16:00:00+00:00|2025-01-20T17:00:00+00:00,reference_validation,16:00,2025-01-20 17:00:00+00:00,2025-01-20 17:40:00+00:00,-16.86550439576816,-17.348797244947743,40.0,0
reference_validation|16:00|2025-06-25T16:00:00+00:00|2025-06-25T21:20:00+00:00,reference_validation,16:00,2025-06-25 21:20:00+00:00,2025-06-25 22:00:00+00:00,-0.8585722158703121,-1.3578639977634306,40.0,0
reference_validation|05:00|2026-04-08T05:00:00+00:00|2026-04-08T06:45:00+00:00,reference_validation,05:00,2026-04-08 06:45:00+00:00,2026-04-08 07:25:00+00:00,2.4612080309766697,2.2099030794369816,40.0,0
external|10:00|2020-03-31T10:00:00+00:00|2020-03-31T15:25:00+00:00,external,10:00,2020-03-31 15:25:00+00:00,2020-03-31 16:00:00+00:00,0.2508083228008443,-0.2495922852178586,35.0,0
external|16:00|2020-07-28T16:00:00+00:00|2020-07-28T16:10:00+00:00,external,16:00,2020-07-28 16:10:00+00:00,2020-07-28 16:45:00+00:00,-9.049383526323163,-9.540488590264784,35.0,0
development|10:00|2022-02-01T10:00:00+00:00|2022-02-01T13:35:00+00:00,development,10:00,2022-02-01 13:35:00+00:00,2022-02-01 14:10:00+00:00,3.1341975385374536,2.6309149822770332,35.0,0
development|05:00|2022-04-28T05:00:00+00:00|2022-04-28T07:55:00+00:00,development,05:00,2022-04-28 07:55:00+00:00,2022-04-28 08:30:00+00:00,3.707358018822116,3.455430303670193,35.0,0
development|10:00|2022-10-20T10:00:00+00:00|2022-10-20T10:15:00+00:00,development,10:00,2022-10-20 10:15:00+00:00,2022-10-20 10:50:00+00:00,0.3632702749704734,-0.1372427387974936,35.0,0
development|09:00|2022-12-01T09:00:00+00:00|2022-12-01T13:00:00+00:00,development,09:00,2022-12-01 13:00:00+00:00,2022-12-01 13:35:00+00:00,2.318818189243688,2.0675843970451973,35.0,0
development|10:00|2023-04-25T10:00:00+00:00|2023-04-25T14:00:00+00:00,development,10:00,2023-04-25 14:00:00+00:00,2023-04-25 14:35:00+00:00,-5.154471010325112,-5.6494690402997705,35.0,0
development|05:00|2024-09-27T05:00:00+00:00|2024-09-27T05:30:00+00:00,development,05:00,2024-09-27 05:30:00+00:00,2024-09-27 06:05:00+00:00,2.880992118990578,2.6294773803004605,35.0,0
reference_validation|10:00|2025-02-12T10:00:00+00:00|2025-02-12T11:55:00+00:00,reference_validation,10:00,2025-02-12 11:55:00+00:00,2025-02-12 12:30:00+00:00,0.7836056325142952,0.2826724934513306,35.0,0
development|10:00|2022-04-07T10:00:00+00:00|2022-04-07T11:20:00+00:00,development,10:00,2022-04-07 11:20:00+00:00,2022-04-07 11:50:00+00:00,3.427429028884888,2.923853387676712,30.0,0
development|16:00|2023-02-17T16:00:00+00:00|2023-02-17T16:40:00+00:00,development,16:00,2023-02-17 16:40:00+00:00,2023-02-17 17:10:00+00:00,5.254544096781344,5.001843175193765,30.0,0
development|10:00|2023-05-31T10:00:00+00:00|2023-05-31T13:50:00+00:00,development,10:00,2023-05-31 13:50:00+00:00,2023-05-31 14:20:00+00:00,-5.212050583355876,-5.706991062532851,30.0,0
development|09:00|2023-06-23T09:00:00+00:00|2023-06-23T10:00:00+00:00,development,09:00,2023-06-23 10:00:00+00:00,2023-06-23 10:30:00+00:00,-2.591865155181938,-3.089424510349092,30.0,0
development|10:00|2024-06-13T10:00:00+00:00|2024-06-13T13:15:00+00:00,development,10:00,2024-06-13 13:15:00+00:00,2024-06-13 13:45:00+00:00,0.9681393305104983,0.4670217499702204,30.0,0
development|16:00|2024-06-18T16:00:00+00:00|2024-06-18T20:25:00+00:00,development,16:00,2024-06-18 20:25:00+00:00,2024-06-18 20:55:00+00:00,4.877035216520564,4.624522955043187,30.0,0
development|10:00|2024-06-27T10:00:00+00:00|2024-06-27T10:10:00+00:00,development,10:00,2024-06-27 10:10:00+00:00,2024-06-27 10:40:00+00:00,0.31362692511811596,-0.18683647010935245,30.0,0
development|05:00|2024-10-16T05:00:00+00:00|2024-10-16T10:30:00+00:00,development,05:00,2024-10-16 10:30:00+00:00,2024-10-16 11:00:00+00:00,-1.095329315026638,-1.594384458139963,30.0,0
external|09:00|2020-04-17T09:00:00+00:00|2020-04-17T09:30:00+00:00,external,09:00,2020-04-17 09:30:00+00:00,2020-04-17 09:55:00+00:00,4.419030042038319,4.166746668704047,25.0,0
external|16:00|2021-03-29T16:00:00+00:00|2021-03-29T16:15:00+00:00,external,16:00,2021-03-29 16:15:00+00:00,2021-03-29 16:40:00+00:00,4.09138684169259,3.8392672080886485,25.0,0
development|09:00|2022-02-22T09:00:00+00:00|2022-02-22T10:00:00+00:00,development,09:00,2022-02-22 10:00:00+00:00,2022-02-22 10:25:00+00:00,5.402029972068023,5.1492553443958755,25.0,0
development|09:00|2022-05-30T09:00:00+00:00|2022-05-30T14:35:00+00:00,development,09:00,2022-05-30 14:35:00+00:00,2022-05-30 15:00:00+00:00,-3.3245745537107014,-3.8214015656510165,25.0,0
development|10:00|2022-11-17T10:00:00+00:00|2022-11-17T15:35:00+00:00,development,10:00,2022-11-17 15:35:00+00:00,2022-11-17 16:00:00+00:00,-6.474048903190188,-6.967728014731211,25.0,0
development|10:00|2023-01-18T10:00:00+00:00|2023-01-18T13:40:00+00:00,development,10:00,2023-01-18 13:40:00+00:00,2023-01-18 14:05:00+00:00,2.2604789682401765,1.7580696939091927,25.0,0
development|09:00|2023-04-26T09:00:00+00:00|2023-04-26T09:10:00+00:00,development,09:00,2023-04-26 09:10:00+00:00,2023-04-26 09:35:00+00:00,2.6053022976622713,2.3539253349948557,25.0,0
development|16:00|2023-06-01T16:00:00+00:00|2023-06-01T16:30:00+00:00,development,16:00,2023-06-01 16:30:00+00:00,2023-06-01 16:55:00+00:00,1.1081580077286328,0.8575292431070695,25.0,0
reference_validation|09:00|2025-01-30T09:00:00+00:00|2025-01-30T09:30:00+00:00,reference_validation,09:00,2025-01-30 09:30:00+00:00,2025-01-30 09:55:00+00:00,2.5520611782507534,2.300710822839403,25.0,0
reference_validation|05:00|2025-04-25T05:00:00+00:00|2025-04-25T10:35:00+00:00,reference_validation,05:00,2025-04-25 10:35:00+00:00,2025-04-25 11:00:00+00:00,-2.085652536076998,-2.583717850883393,25.0,0
reference_validation|05:00|2025-07-10T05:00:00+00:00|2025-07-10T06:45:00+00:00,reference_validation,05:00,2025-07-10 06:45:00+00:00,2025-07-10 07:10:00+00:00,3.5396918572525142,3.287847933285915,25.0,0
external|16:00|2021-12-23T16:00:00+00:00|2021-12-23T16:30:00+00:00,external,16:00,2021-12-23 16:30:00+00:00,2021-12-23 16:50:00+00:00,2.412170177083795,2.160889732217797,20.0,0
development|09:00|2023-03-28T09:00:00+00:00|2023-03-28T11:30:00+00:00,development,09:00,2023-03-28 11:30:00+00:00,2023-03-28 11:50:00+00:00,3.6129292648938276,3.3610487405236316,20.0,0
development|10:00|2023-07-18T10:00:00+00:00|2023-07-18T11:35:00+00:00,development,10:00,2023-07-18 11:35:00+00:00,2023-07-18 11:55:00+00:00,-3.328112636875979,-3.82493611250122,20.0,0
development|10:00|2023-07-19T10:00:00+00:00|2023-07-19T13:55:00+00:00,development,10:00,2023-07-19 13:55:00+00:00,2023-07-19 14:15:00+00:00,-2.4674805777172177,-2.9651642553006226,20.0,0
development|16:00|2024-01-30T16:00:00+00:00|2024-01-30T16:15:00+00:00,development,16:00,2024-01-30 16:15:00+00:00,2024-01-30 16:35:00+00:00,5.229618841500039,4.976930376311817,20.0,0
reference_validation|10:00|2025-07-16T10:00:00+00:00|2025-07-16T13:00:00+00:00,reference_validation,10:00,2025-07-16 13:00:00+00:00,2025-07-16 13:20:00+00:00,1.4403976776837362,0.9388080748075737,20.0,0
reference_validation|09:00|2026-05-06T09:00:00+00:00|2026-05-06T09:20:00+00:00,reference_validation,09:00,2026-05-06 09:20:00+00:00,2026-05-06 09:40:00+00:00,4.158475630655478,3.9063224694207537,20.0,0
external|09:00|2020-12-17T09:00:00+00:00|2020-12-17T10:05:00+00:00,external,09:00,2020-12-17 10:05:00+00:00,2020-12-17 10:20:00+00:00,7.198236534406832,6.944564252280694,15.0,0
development|05:00|2022-06-21T05:00:00+00:00|2022-06-21T05:30:00+00:00,development,05:00,2022-06-21 05:30:00+00:00,2022-06-21 05:45:00+00:00,7.346644845959216,7.092898396760816,15.0,0
development|16:00|2022-07-06T16:00:00+00:00|2022-07-06T18:25:00+00:00,development,16:00,2022-07-06 18:25:00+00:00,2022-07-06 18:40:00+00:00,5.675823123121715,5.4229116672880995,15.0,0
development|09:00|2022-07-11T09:00:00+00:00|2022-07-11T13:20:00+00:00,development,09:00,2022-07-11 13:20:00+00:00,2022-07-11 13:35:00+00:00,3.4930635649681023,3.2412429434963257,15.0,0
development|05:00|2023-08-23T05:00:00+00:00|2023-08-23T06:35:00+00:00,development,05:00,2023-08-23 06:35:00+00:00,2023-08-23 06:50:00+00:00,1.6596536730490556,1.4087492983999144,15.0,0
reference_validation|09:00|2025-07-14T09:00:00+00:00|2025-07-14T10:25:00+00:00,reference_validation,09:00,2025-07-14 10:25:00+00:00,2025-07-14 10:40:00+00:00,3.7035281171911687,3.451602316033209,15.0,0
reference_validation|10:00|2025-12-30T10:00:00+00:00|2025-12-30T15:45:00+00:00,reference_validation,10:00,2025-12-30 15:45:00+00:00,2025-12-30 16:00:00+00:00,-0.01992083637518649,-0.5200508505316833,15.0,0
external|05:00|2021-08-11T05:00:00+00:00|2021-08-11T06:15:00+00:00,external,05:00,2021-08-11 06:15:00+00:00,2021-08-11 06:25:00+00:00,5.138972513114748,4.886329348440532,10.0,0
development|10:00|2022-12-26T10:00:00+00:00|2022-12-26T10:50:00+00:00,development,10:00,2022-12-26 10:50:00+00:00,2022-12-26 11:00:00+00:00,-1.4220006635835443,-1.9207292986023634,10.0,0
development|09:00|2023-06-30T09:00:00+00:00|2023-06-30T13:35:00+00:00,development,09:00,2023-06-30 13:35:00+00:00,2023-06-30 13:45:00+00:00,-9.858062562137492,-10.348359351180825,10.0,0
