role,partition,loss_class,episode_class,n,gross_loss,gross_loss_5bps,median_loss,q90_loss,h2_eligible_rate,latent_target_rate
CENTRAL,development,L5_BREAK_FAIL_LATE,RESIDUAL_TRUE_FAILURE_PROXY,14,38.44585405047662,44.69585405047662,1.5830428664915241,3.0877687486279672,0.7857142857142857,0.0
CENTRAL,development,L2_BREAK_FAST_FAIL_5M,RESIDUAL_LATENT_RECOVERABLE,53,84.57998867960242,109.32998867960242,1.380034209298664,3.0082719687811967,0.8679245283018868,1.0
CENTRAL,development,L4_BREAK_FAIL_30M,RESIDUAL_TRUE_FAILURE_PROXY,19,56.762209057438895,64.0122090574389,1.2674730209313867,7.849813319834387,0.5263157894736842,0.0
CENTRAL,development,L2_BREAK_FAST_FAIL_5M,RESIDUAL_TRUE_FAILURE_PROXY,39,122.03848644945228,138.28848644945225,1.450186107217144,5.003097200326461,0.6666666666666666,0.0
CENTRAL,development,L1_NEVER_BREAK_TIME,RESIDUAL_LATENT_RECOVERABLE,21,103.47249326825586,109.72249326825586,3.4906270200387723,9.82318271119842,0.19047619047619047,1.0
CENTRAL,development,L3_BREAK_FAST_FAIL_10M,RESIDUAL_LATENT_RECOVERABLE,14,23.473592931568092,29.723592931568092,1.0812214371964943,3.1164207984652808,0.7857142857142857,1.0
CENTRAL,development,L3_BREAK_FAST_FAIL_10M,RESIDUAL_TRUE_FAILURE_PROXY,19,36.97119528351883,45.22119528351883,1.445529808576762,3.2940327475220665,0.7368421052631579,0.0
CENTRAL,development,L1_NEVER_BREAK_TIME,RESIDUAL_TRUE_FAILURE_PROXY,36,304.2194688657753,314.4694688657753,8.374751480024866,15.86166138498482,0.1388888888888889,0.0
CENTRAL,development,L5_BREAK_FAIL_LATE,RESIDUAL_LATENT_RECOVERABLE,10,11.328225663178204,15.828225663178204,0.7125935615525936,1.936535433319507,0.8,1.0
CENTRAL,development,L0_NEVER_BREAK_REFERENCE_INVALIDATION,RESIDUAL_TRUE_FAILURE_PROXY,30,455.65005167211206,463.40005167211206,13.972409738097102,21.692876727403906,0.03333333333333333,0.0
CENTRAL,development,L4_BREAK_FAIL_30M,RESIDUAL_LATENT_RECOVERABLE,25,36.37111598219656,47.87111598219656,1.390029696088979,2.5935607734399624,0.84,1.0
CENTRAL,development,L0_NEVER_BREAK_REFERENCE_INVALIDATION,RESIDUAL_LATENT_RECOVERABLE,7,106.92226157272029,109.92226157272029,10.842105986949235,26.66974113534407,0.7142857142857143,1.0
CENTRAL,external,L4_BREAK_FAIL_30M,RESIDUAL_TRUE_FAILURE_PROXY,12,72.8306980502638,78.5806980502638,3.9095044902507645,18.009434251955994,0.9166666666666666,0.0
CENTRAL,external,L4_BREAK_FAIL_30M,RESIDUAL_LATENT_RECOVERABLE,17,38.47052998759643,46.47052998759643,1.6875116380113409,4.805207706689131,0.8823529411764706,1.0
CENTRAL,external,L2_BREAK_FAST_FAIL_5M,RESIDUAL_TRUE_FAILURE_PROXY,26,87.31409338531186,98.06409338531188,2.0239448081980917,5.941207784626423,0.6538461538461539,0.0
CENTRAL,external,L1_NEVER_BREAK_TIME,RESIDUAL_TRUE_FAILURE_PROXY,8,104.12193423536648,106.37193423536647,12.524869426331408,19.75836998506933,0.125,0.0
CENTRAL,external,L0_NEVER_BREAK_REFERENCE_INVALIDATION,RESIDUAL_TRUE_FAILURE_PROXY,11,287.71958139911476,290.46958139911476,18.653100775193774,40.29778636683062,0.0,0.0
CENTRAL,external,L1_NEVER_BREAK_TIME,RESIDUAL_LATENT_RECOVERABLE,6,49.22816462806284,50.97816462806284,7.956480256165188,16.11152060124005,0.16666666666666666,1.0
CENTRAL,external,L5_BREAK_FAIL_LATE,RESIDUAL_LATENT_RECOVERABLE,13,21.126920478256373,26.876920478256373,1.2390494816084676,3.072654223830485,0.7692307692307693,1.0
CENTRAL,external,L2_BREAK_FAST_FAIL_5M,RESIDUAL_LATENT_RECOVERABLE,16,51.50029313812432,58.75029313812432,2.4568975784756697,6.945066166559322,0.8125,1.0
CENTRAL,external,L5_BREAK_FAIL_LATE,RESIDUAL_TRUE_FAILURE_PROXY,8,60.64002457439005,64.14002457439005,2.969573336820658,16.916152580289214,0.75,0.0
CENTRAL,external,L0_NEVER_BREAK_REFERENCE_INVALIDATION,RESIDUAL_LATENT_RECOVERABLE,3,41.67318762180855,43.17318762180855,14.927639150770169,15.817216723861797,1.0,1.0
CENTRAL,external,L3_BREAK_FAST_FAIL_10M,RESIDUAL_LATENT_RECOVERABLE,11,36.71384177047027,41.71384177047027,1.6446548716671505,8.17553157112394,0.8181818181818182,1.0
CENTRAL,external,L3_BREAK_FAST_FAIL_10M,RESIDUAL_TRUE_FAILURE_PROXY,13,69.5058028534411,75.00580285344108,1.7593082354023235,15.532884781242739,0.6923076923076923,0.0
CENTRAL,reference_validation,L3_BREAK_FAST_FAIL_10M,RESIDUAL_LATENT_RECOVERABLE,5,3.2955252101433685,5.295525210143369,0.588491717524009,1.0180448914443363,0.6,1.0
CENTRAL,reference_validation,L2_BREAK_FAST_FAIL_5M,RESIDUAL_LATENT_RECOVERABLE,21,26.255866275651016,36.00586627565102,1.1979358643567917,1.9110096976612256,0.8571428571428571,1.0
CENTRAL,reference_validation,L0_NEVER_BREAK_REFERENCE_INVALIDATION,RESIDUAL_LATENT_RECOVERABLE,5,29.91561398379755,32.165613983797556,5.745652285435831,7.007538050438522,0.8,1.0
CENTRAL,reference_validation,L3_BREAK_FAST_FAIL_10M,RESIDUAL_TRUE_FAILURE_PROXY,10,39.06398404362032,43.56398404362033,1.0572429552493934,12.3005804179928,0.8,0.0
CENTRAL,reference_validation,L4_BREAK_FAIL_30M,RESIDUAL_LATENT_RECOVERABLE,24,29.000410303152478,40.75041030315248,1.2223033569968011,2.3100129768027715,0.9583333333333334,1.0
CENTRAL,reference_validation,L2_BREAK_FAST_FAIL_5M,RESIDUAL_TRUE_FAILURE_PROXY,26,61.20424787615881,72.9542478761588,1.0212929797886738,4.731955835027529,0.8076923076923077,0.0
CENTRAL,reference_validation,L0_NEVER_BREAK_REFERENCE_INVALIDATION,RESIDUAL_TRUE_FAILURE_PROXY,12,138.16805431064208,142.16805431064208,10.998435064659336,15.051232607380408,0.3333333333333333,0.0
CENTRAL,reference_validation,L4_BREAK_FAIL_30M,RESIDUAL_TRUE_FAILURE_PROXY,13,22.57542763050624,28.32542763050624,1.149981842391956,1.9972970475030665,0.7692307692307693,0.0
CENTRAL,reference_validation,L1_NEVER_BREAK_TIME,RESIDUAL_TRUE_FAILURE_PROXY,26,196.0688333813559,202.8188333813559,6.9336013083497186,14.932592140560697,0.038461538461538464,0.0
CENTRAL,reference_validation,L5_BREAK_FAIL_LATE,RESIDUAL_LATENT_RECOVERABLE,4,2.4815304527155413,4.231530452715541,0.5662442217433672,0.8576170949039674,0.75,1.0
CENTRAL,reference_validation,L5_BREAK_FAIL_LATE,RESIDUAL_TRUE_FAILURE_PROXY,9,10.373101966543175,14.873101966543176,1.1587052403378983,2.214666355907169,1.0,0.0
CENTRAL,reference_validation,L1_NEVER_BREAK_TIME,RESIDUAL_LATENT_RECOVERABLE,8,30.240683868872853,32.24068386887286,3.9002581148258892,6.232967357383783,0.0,1.0
CLOCK_SUPPORT,external,L4_BREAK_FAIL_30M,RESIDUAL_TRUE_FAILURE_PROXY,11,74.76251374135994,79.76251374135994,5.266210814162397,19.377954528400963,0.8181818181818182,0.0
CLOCK_SUPPORT,external,L1_NEVER_BREAK_TIME,RESIDUAL_TRUE_FAILURE_PROXY,8,92.9647647152726,94.9647647152726,11.342937357468774,20.390866308047382,0.0,0.0
CLOCK_SUPPORT,external,L4_BREAK_FAIL_30M,RESIDUAL_LATENT_RECOVERABLE,17,30.737135982299545,38.23713598229955,1.4830127628977507,3.6335960274707313,0.7647058823529411,1.0
CLOCK_SUPPORT,external,L0_NEVER_BREAK_REFERENCE_INVALIDATION,RESIDUAL_TRUE_FAILURE_PROXY,13,271.2213541788046,274.4713541788046,20.264733690513737,26.275364766437807,0.0,0.0
CLOCK_SUPPORT,external,L5_BREAK_FAIL_LATE,RESIDUAL_LATENT_RECOVERABLE,9,21.01623323825158,25.01623323825158,0.8230596805827162,4.575834443607818,0.7777777777777778,1.0
CLOCK_SUPPORT,external,L2_BREAK_FAST_FAIL_5M,RESIDUAL_TRUE_FAILURE_PROXY,26,148.64358268455643,160.89358268455646,2.0433508362566464,17.48814514325481,0.8846153846153846,0.0
CLOCK_SUPPORT,external,L0_NEVER_BREAK_REFERENCE_INVALIDATION,RESIDUAL_LATENT_RECOVERABLE,5,84.68571507949592,86.93571507949592,10.838572262874047,33.82220338491473,0.8,1.0
CLOCK_SUPPORT,external,L5_BREAK_FAIL_LATE,RESIDUAL_TRUE_FAILURE_PROXY,8,42.06155395386685,46.06155395386685,2.1806025702876264,11.00461708772692,1.0,0.0
CLOCK_SUPPORT,external,L2_BREAK_FAST_FAIL_5M,RESIDUAL_LATENT_RECOVERABLE,18,42.29010896291302,50.29010896291302,2.5081401500176015,3.662840653728151,0.7777777777777778,1.0
CLOCK_SUPPORT,external,L3_BREAK_FAST_FAIL_10M,RESIDUAL_LATENT_RECOVERABLE,15,49.14373125736854,55.89373125736854,2.0422611915913436,7.066681573370914,0.8,1.0
CLOCK_SUPPORT,external,L1_NEVER_BREAK_TIME,RESIDUAL_LATENT_RECOVERABLE,4,30.944623708237636,32.194623708237636,8.926442120600786,12.443620733455463,0.25,1.0
CLOCK_SUPPORT,external,L3_BREAK_FAST_FAIL_10M,RESIDUAL_TRUE_FAILURE_PROXY,12,56.88709735952979,61.88709735952979,1.6071876764674196,8.111079854217612,0.6666666666666666,0.0
CLOCK_SUPPORT,reference_validation,L3_BREAK_FAST_FAIL_10M,RESIDUAL_LATENT_RECOVERABLE,15,12.363353471859407,18.86335347185941,0.7062944965531837,1.5126553496073833,0.7333333333333333,1.0
CLOCK_SUPPORT,reference_validation,L1_NEVER_BREAK_TIME,RESIDUAL_TRUE_FAILURE_PROXY,22,136.16785446431942,141.91785446431942,5.4310303623640035,10.497810098601047,0.045454545454545456,0.0
CLOCK_SUPPORT,reference_validation,L3_BREAK_FAST_FAIL_10M,RESIDUAL_TRUE_FAILURE_PROXY,10,9.782133368757995,14.032133368757995,0.700218686130516,2.081226200438163,0.7,0.0
CLOCK_SUPPORT,reference_validation,L0_NEVER_BREAK_REFERENCE_INVALIDATION,RESIDUAL_TRUE_FAILURE_PROXY,9,107.51832200429274,110.51832200429274,11.258955987717588,16.547146030444758,0.3333333333333333,0.0
CLOCK_SUPPORT,reference_validation,L2_BREAK_FAST_FAIL_5M,RESIDUAL_LATENT_RECOVERABLE,17,15.976876658529982,23.47687665852998,0.90132193884368,1.6835850051137191,0.7647058823529411,1.0
CLOCK_SUPPORT,reference_validation,L2_BREAK_FAST_FAIL_5M,RESIDUAL_TRUE_FAILURE_PROXY,28,74.43134461576396,87.43134461576396,1.1457229849856643,4.704248972416753,0.8571428571428571,0.0
CLOCK_SUPPORT,reference_validation,L4_BREAK_FAIL_30M,RESIDUAL_LATENT_RECOVERABLE,24,24.92477452391445,36.17477452391445,0.8880673870605427,1.794537180703526,0.875,1.0
CLOCK_SUPPORT,reference_validation,L4_BREAK_FAIL_30M,RESIDUAL_TRUE_FAILURE_PROXY,15,25.933583030922637,31.933583030922634,0.9224028594489453,2.7177981403389335,0.6,0.0
CLOCK_SUPPORT,reference_validation,L1_NEVER_BREAK_TIME,RESIDUAL_LATENT_RECOVERABLE,4,18.47232886139616,19.47232886139616,3.304720329219357,8.966716458376707,0.0,1.0
CLOCK_SUPPORT,reference_validation,L5_BREAK_FAIL_LATE,RESIDUAL_LATENT_RECOVERABLE,4,3.9385114021955325,5.938511402195532,0.6823908129443834,1.9506154579891024,1.0,1.0
CLOCK_SUPPORT,reference_validation,L5_BREAK_FAIL_LATE,RESIDUAL_TRUE_FAILURE_PROXY,7,6.362476644213966,9.862476644213967,0.5651397977394224,2.0244438077935634,1.0,0.0
CLOCK_SUPPORT,reference_validation,L0_NEVER_BREAK_REFERENCE_INVALIDATION,RESIDUAL_LATENT_RECOVERABLE,3,24.593744380047465,25.843744380047468,7.508867667121332,11.256687389284536,0.6666666666666666,1.0
REF_SUPPORT,external,L4_BREAK_FAIL_30M,RESIDUAL_TRUE_FAILURE_PROXY,14,89.75318660191861,96.50318660191861,3.319044132936239,20.189847398607398,0.9285714285714286,0.0
REF_SUPPORT,external,L2_BREAK_FAST_FAIL_5M,RESIDUAL_TRUE_FAILURE_PROXY,25,83.05149673310581,93.55149673310581,2.00296044800069,5.496018329748057,0.68,0.0
REF_SUPPORT,external,L2_BREAK_FAST_FAIL_5M,RESIDUAL_LATENT_RECOVERABLE,20,60.66745177975025,69.91745177975025,1.3443735014878055,7.023727647332469,0.85,1.0
REF_SUPPORT,external,L0_NEVER_BREAK_REFERENCE_INVALIDATION,RESIDUAL_TRUE_FAILURE_PROXY,16,371.40815022000254,375.40815022000254,18.900141514695186,33.589532879707534,0.0,0.0
REF_SUPPORT,external,L3_BREAK_FAST_FAIL_10M,RESIDUAL_LATENT_RECOVERABLE,15,36.912782507434244,43.41278250743424,1.6446548716671505,4.8858615567245565,0.7333333333333333,1.0
REF_SUPPORT,external,L1_NEVER_BREAK_TIME,RESIDUAL_LATENT_RECOVERABLE,5,52.74915439996214,54.24915439996215,11.58201381384194,16.855818856385397,0.2,1.0
REF_SUPPORT,external,L4_BREAK_FAIL_30M,RESIDUAL_LATENT_RECOVERABLE,14,29.886859135028978,36.636859135028985,1.6922522915952531,3.995268370154937,0.9285714285714286,1.0
REF_SUPPORT,external,L1_NEVER_BREAK_TIME,RESIDUAL_TRUE_FAILURE_PROXY,7,87.01502161463092,89.01502161463092,13.98597520259648,19.78092709534518,0.14285714285714285,0.0
REF_SUPPORT,external,L5_BREAK_FAIL_LATE,RESIDUAL_TRUE_FAILURE_PROXY,10,67.89159702793518,72.14159702793518,2.969573336820658,9.39985270574438,0.7,0.0
REF_SUPPORT,external,L5_BREAK_FAIL_LATE,RESIDUAL_LATENT_RECOVERABLE,12,21.200356395156604,26.450356395156604,0.9045713806846434,3.1548894109002084,0.75,1.0
REF_SUPPORT,external,L0_NEVER_BREAK_REFERENCE_INVALIDATION,RESIDUAL_LATENT_RECOVERABLE,4,63.90174913990698,65.40174913990698,16.687779107573967,19.503812804878184,0.5,1.0
REF_SUPPORT,external,L3_BREAK_FAST_FAIL_10M,RESIDUAL_TRUE_FAILURE_PROXY,7,50.21810993112924,53.21810993112924,1.4092039081921026,20.522459039892674,0.7142857142857143,0.0
REF_SUPPORT,reference_validation,L3_BREAK_FAST_FAIL_10M,RESIDUAL_LATENT_RECOVERABLE,6,6.81001884283744,9.56001884283744,0.740371651061722,2.415706082164432,0.8333333333333334,1.0
REF_SUPPORT,reference_validation,L1_NEVER_BREAK_TIME,RESIDUAL_LATENT_RECOVERABLE,12,31.80128979605751,35.30128979605751,2.1256206975791283,4.5333912761152675,0.16666666666666666,1.0
REF_SUPPORT,reference_validation,L2_BREAK_FAST_FAIL_5M,RESIDUAL_LATENT_RECOVERABLE,19,27.29924423086294,36.54924423086294,1.149080735411645,3.1365515240036497,0.9473684210526315,1.0
REF_SUPPORT,reference_validation,L0_NEVER_BREAK_REFERENCE_INVALIDATION,RESIDUAL_LATENT_RECOVERABLE,8,48.932050161918596,52.182050161918596,5.732169777468876,8.125009900789314,0.625,1.0
REF_SUPPORT,reference_validation,L3_BREAK_FAST_FAIL_10M,RESIDUAL_TRUE_FAILURE_PROXY,11,37.67736278709794,42.67736278709794,1.2524169449815714,7.915103189493456,0.8181818181818182,0.0
REF_SUPPORT,reference_validation,L4_BREAK_FAIL_30M,RESIDUAL_LATENT_RECOVERABLE,21,25.772826003130692,36.27282600313069,1.2124406958354816,1.8906108537040667,1.0,1.0
REF_SUPPORT,reference_validation,L2_BREAK_FAST_FAIL_5M,RESIDUAL_TRUE_FAILURE_PROXY,24,68.90358891259035,80.15358891259035,1.3473720410662193,8.320825598046596,0.875,0.0
REF_SUPPORT,reference_validation,L0_NEVER_BREAK_REFERENCE_INVALIDATION,RESIDUAL_TRUE_FAILURE_PROXY,13,170.00021700727274,174.00021700727274,12.392241379310333,21.355302386356417,0.23076923076923078,0.0
REF_SUPPORT,reference_validation,L4_BREAK_FAIL_30M,RESIDUAL_TRUE_FAILURE_PROXY,13,22.26487656338344,27.76487656338344,1.149981842391956,1.9972970475030665,0.6923076923076923,0.0
REF_SUPPORT,reference_validation,L5_BREAK_FAIL_LATE,RESIDUAL_LATENT_RECOVERABLE,7,6.485905040567008,9.735905040567008,0.5166356685264439,1.7359218990810725,0.8571428571428571,1.0
REF_SUPPORT,reference_validation,L1_NEVER_BREAK_TIME,RESIDUAL_TRUE_FAILURE_PROXY,17,118.5206500321505,123.02065003215053,6.7676916286597,13.919861074223673,0.058823529411764705,0.0
REF_SUPPORT,reference_validation,L5_BREAK_FAIL_LATE,RESIDUAL_TRUE_FAILURE_PROXY,5,4.6825093483279785,7.182509348327979,0.7936507936509574,1.763348571289436,1.0,0.0
