role,partition,episode_class,snapshot_min,n,close_R_q25,close_R_q50,close_R_q75,running_mfe_R_q25,running_mfe_R_q50,running_mfe_R_q75,running_mae_R_q25,running_mae_R_q50,running_mae_R_q75,closes_above_H_q25,closes_above_H_q50,closes_above_H_q75,closes_le_H_q25,closes_le_H_q50,closes_le_H_q75,fraction_closes_above_H_q25,fraction_closes_above_H_q50,fraction_closes_above_H_q75,failed_by_snapshot_rate,E10_by_snapshot_rate,E20_by_snapshot_rate
CENTRAL,development,RESIDUAL_LATENT_RECOVERABLE,5,93,0.022126816380449207,0.06519152985962424,0.145588235294118,0.07999999999999692,0.13609467455621085,0.20102871838834185,0.03534031413612513,0.05865921787709712,0.1004901960784324,2.0,2.0,2.0,0.0,0.0,0.0,1.0,1.0,1.0,0.1935483870967742,0.6881720430107527,0.25806451612903225
CENTRAL,development,RESIDUAL_LATENT_RECOVERABLE,10,93,0.007352941176470876,0.08021390374331881,0.17175572519083776,0.108951707891639,0.17714672075726826,0.29778051787916404,0.04010695187165735,0.06488549618320665,0.10696761530912416,2.0,3.0,3.0,0.0,0.0,1.0,0.6666666666666666,1.0,1.0,0.3010752688172043,0.8064516129032258,0.3870967741935484
CENTRAL,development,RESIDUAL_LATENT_RECOVERABLE,15,93,0.0006684491978603543,0.09580364212193382,0.20408163265306328,0.12436115843270927,0.1987179487179511,0.3059701492537267,0.04347826086956541,0.07748907794895146,0.11422845691382673,3.0,4.0,4.0,0.0,0.0,1.0,0.75,1.0,1.0,0.3655913978494624,0.8387096774193549,0.4838709677419355
CENTRAL,development,RESIDUAL_LATENT_RECOVERABLE,30,93,-0.010000000000002274,0.11161473087818893,0.3091603053435118,0.1544502617801056,0.25064991334489045,0.4524421593830346,0.05072463768116116,0.08583569405099105,0.1406249999999949,4.0,7.0,7.0,0.0,0.0,3.0,0.5714285714285714,1.0,1.0,0.4838709677419355,0.8602150537634409,0.6129032258064516
CENTRAL,development,RESIDUAL_LATENT_RECOVERABLE,60,92,-0.012616916408517967,0.15475387628828158,0.3548869829357647,0.17877324830521554,0.3092350746268663,0.5853421638569494,0.05181035691601851,0.10756745804216407,0.17510333160566097,7.0,12.0,13.0,0.0,1.0,6.0,0.5384615384615384,0.9230769230769231,1.0,0.5434782608695652,0.9021739130434783,0.7065217391304348
CENTRAL,development,RESIDUAL_TRUE_FAILURE_PROXY,5,41,-0.016304347826087553,0.011050920910079384,0.057949479940561384,0.0434890656063648,0.07444168734491242,0.12140575079872076,0.04724409448818532,0.06187290969899496,0.0777932129390746,1.0,2.0,2.0,0.0,0.0,1.0,0.5,1.0,1.0,0.43902439024390244,0.36585365853658536,0.07317073170731707
CENTRAL,development,RESIDUAL_TRUE_FAILURE_PROXY,10,41,-0.051200635046632664,0.0,0.03993313521544843,0.044274809160305136,0.07564296520423618,0.13564213564213518,0.05497771173848808,0.06741573033707801,0.10708534621577959,1.0,2.0,3.0,0.0,1.0,2.0,0.3333333333333333,0.6666666666666666,1.0,0.5853658536585366,0.4146341463414634,0.12195121951219512
CENTRAL,development,RESIDUAL_TRUE_FAILURE_PROXY,15,41,-0.0664556962025301,-0.02079395085066018,0.026397515527950385,0.05227743271221576,0.09664138678223182,0.14718614718614648,0.060491493383742975,0.08867757629367728,0.12271121105043073,1.0,2.0,4.0,0.0,2.0,3.0,0.25,0.5,1.0,0.7073170731707317,0.43902439024390244,0.14634146341463414
CENTRAL,development,RESIDUAL_TRUE_FAILURE_PROXY,30,41,-0.12119437939110125,-0.025899280575536504,0.02610441767068758,0.06928838951311027,0.10869565217391207,0.19921269235357097,0.07505175983436829,0.13003095975232126,0.1727688787185355,2.0,3.0,5.0,2.0,4.0,5.0,0.2857142857142857,0.42857142857142855,0.7142857142857143,0.8292682926829268,0.5609756097560976,0.24390243902439024
CENTRAL,development,RESIDUAL_TRUE_FAILURE_PROXY,60,41,-0.12693498452012483,-0.033282904689863745,0.02835538752363057,0.07428068115091037,0.1401985111662525,0.22094481605351188,0.09803921568627434,0.15722120658135372,0.2454279444038068,2.0,4.0,10.0,3.0,9.0,11.0,0.15384615384615385,0.3076923076923077,0.7692307692307693,0.9024390243902439,0.6097560975609756,0.34146341463414637
CENTRAL,external,RESIDUAL_LATENT_RECOVERABLE,5,51,-0.010268554075893025,0.05138180842500611,0.11730144738387925,0.06856152975948485,0.11012658227848081,0.207467784862865,0.042660568734753185,0.07594936708860606,0.14312962176703464,1.0,2.0,2.0,0.0,0.0,1.0,0.5,1.0,1.0,0.29411764705882354,0.5098039215686274,0.27450980392156865
CENTRAL,external,RESIDUAL_LATENT_RECOVERABLE,10,51,-0.028537145557086075,0.05057526366251118,0.15795488567476024,0.07178185108329765,0.1283737024221436,0.2599759890652505,0.053374100832186966,0.08390022675737072,0.15035374458554643,2.0,3.0,3.0,0.0,0.0,1.0,0.6666666666666666,1.0,1.0,0.43137254901960786,0.6078431372549019,0.3333333333333333
CENTRAL,external,RESIDUAL_LATENT_RECOVERABLE,15,51,-0.02862291419595151,0.040190735694826125,0.16534355487137462,0.08563783348824412,0.1283737024221436,0.31634484088913406,0.053374100832186966,0.09351129693655898,0.15557599008595763,2.0,3.0,4.0,0.0,1.0,2.0,0.5,0.75,1.0,0.5098039215686274,0.6274509803921569,0.37254901960784315
CENTRAL,external,RESIDUAL_LATENT_RECOVERABLE,30,51,-0.0811024484253893,0.057170542635660584,0.2392624404856754,0.10859159808852972,0.18956158663883443,0.4165685611821486,0.06157027546144571,0.10306226292904105,0.20136640192076005,3.0,5.0,7.0,0.0,2.0,4.0,0.42857142857142855,0.7142857142857143,1.0,0.6274509803921569,0.8235294117647058,0.49019607843137253
CENTRAL,external,RESIDUAL_LATENT_RECOVERABLE,60,51,-0.05535954010743856,0.11184210526315531,0.30643846291988885,0.14954329133104108,0.3778701071506694,0.5100991957915342,0.06800356406765004,0.13266666666666538,0.2853443637341946,6.0,10.0,13.0,0.0,3.0,7.0,0.46153846153846156,0.7692307692307693,1.0,0.6862745098039216,0.8627450980392157,0.6078431372549019
CENTRAL,external,RESIDUAL_TRUE_FAILURE_PROXY,5,25,-0.03294117647058664,0.015624999999998277,0.04730641244716346,0.04686318972033613,0.05553841406973147,0.10468319559228594,0.036535608308605874,0.07951587714732154,0.12396694214875958,1.0,2.0,2.0,0.0,0.0,1.0,0.5,1.0,1.0,0.36,0.28,0.04
CENTRAL,external,RESIDUAL_TRUE_FAILURE_PROXY,10,25,-0.06289808917197641,0.016135014836793242,0.06493506493506504,0.05270692347735571,0.07800751879699562,0.11925287356321784,0.04402985074626984,0.08943736730361064,0.17231638418079032,1.0,2.0,3.0,0.0,1.0,2.0,0.3333333333333333,0.6666666666666666,1.0,0.56,0.4,0.04
CENTRAL,external,RESIDUAL_TRUE_FAILURE_PROXY,15,25,-0.06321839080459703,0.002781899109795028,0.04424307036247252,0.05270692347735571,0.08352941176470752,0.1192546583850928,0.05152730638691811,0.10344827586207017,0.17231638418079032,2.0,3.0,4.0,0.0,1.0,2.0,0.5,0.75,1.0,0.6,0.4,0.04
CENTRAL,external,RESIDUAL_TRUE_FAILURE_PROXY,30,25,-0.14133263925039213,-0.024596615505706444,0.04081632653061332,0.05909090909091142,0.10545796044636005,0.13202626135443996,0.09943181818181984,0.15903175429463937,0.21010101010100882,2.0,3.0,7.0,0.0,4.0,5.0,0.2857142857142857,0.42857142857142855,1.0,0.68,0.56,0.08
CENTRAL,external,RESIDUAL_TRUE_FAILURE_PROXY,60,25,-0.18436719800269044,-0.04664723032070014,0.09039548022598477,0.07800751879699562,0.11925287356321784,0.2823232323232351,0.12078300708038286,0.16623263888888867,0.2709813712310357,2.0,5.0,11.0,2.0,8.0,11.0,0.15384615384615385,0.38461538461538464,0.8461538461538461,0.88,0.64,0.28
CENTRAL,reference_validation,RESIDUAL_LATENT_RECOVERABLE,5,51,-0.017691734284876526,0.038327526132408876,0.11482565777127784,0.05004543802253728,0.10801393728223059,0.21726604987398668,0.04883258817685082,0.07425742574257722,0.11384051962409908,1.0,2.0,2.0,0.0,0.0,1.0,0.5,1.0,1.0,0.3137254901960784,0.5098039215686274,0.27450980392156865
CENTRAL,reference_validation,RESIDUAL_LATENT_RECOVERABLE,10,51,-0.03330514474512402,0.03614457831325466,0.16058095444903128,0.07181931853704673,0.12398921832884378,0.2527459351970992,0.05327217125381912,0.08196721311475728,0.128231738035262,1.5,3.0,3.0,0.0,0.0,1.5,0.5,1.0,1.0,0.43137254901960786,0.6274509803921569,0.35294117647058826
CENTRAL,reference_validation,RESIDUAL_LATENT_RECOVERABLE,15,51,-0.051855352168720684,0.032000000000005004,0.21592523479315948,0.08051292755960243,0.18518518518518812,0.3281234676865746,0.058233008229198996,0.09433962264150841,0.13604879625945004,2.0,3.0,4.0,0.0,1.0,2.0,0.5,0.75,1.0,0.5294117647058824,0.6862745098039216,0.43137254901960786
CENTRAL,reference_validation,RESIDUAL_LATENT_RECOVERABLE,30,51,-0.025454796984160706,0.06020558002936805,0.28497929086164336,0.11561913696060176,0.21568627450980216,0.44558625336927327,0.06346749226006287,0.10584958217270059,0.16848184818482337,4.0,6.0,7.0,0.0,1.0,3.0,0.5714285714285714,0.8571428571428571,1.0,0.5882352941176471,0.803921568627451,0.5098039215686274
CENTRAL,reference_validation,RESIDUAL_LATENT_RECOVERABLE,60,51,-0.11467559700792132,0.10256410256410631,0.329872709689223,0.16483704974270802,0.3076923076923105,0.5920000000000026,0.08449253487802823,0.13095238095237974,0.25103124952433437,5.5,10.0,12.5,0.5,3.0,7.5,0.42307692307692313,0.7692307692307693,0.9615384615384616,0.7450980392156863,0.9215686274509803,0.6274509803921569
CENTRAL,reference_validation,RESIDUAL_TRUE_FAILURE_PROXY,5,35,-0.0070622330689468675,0.017857142857143765,0.04760160081167733,0.03474202034981546,0.07272727272727109,0.1171808134558926,0.022920437160658277,0.03853564547205948,0.06945864926820619,1.0,2.0,2.0,0.0,0.0,1.0,0.5,1.0,1.0,0.3142857142857143,0.3142857142857143,0.08571428571428572
CENTRAL,reference_validation,RESIDUAL_TRUE_FAILURE_PROXY,10,35,-0.030351470679316456,0.024701873935263362,0.07473744666884963,0.05677312658576589,0.09554140127387947,0.13226906524102386,0.03211453572405221,0.04545454545454253,0.09878760459366343,2.0,3.0,3.0,0.0,0.0,1.0,0.6666666666666666,1.0,1.0,0.45714285714285713,0.37142857142857144,0.11428571428571428
CENTRAL,reference_validation,RESIDUAL_TRUE_FAILURE_PROXY,15,35,-0.03739441195581604,0.013620885357548754,0.06829012226176832,0.05679359897144429,0.09927797833934698,0.15663780663780394,0.03257590892566599,0.05614035087719162,0.09878760459366343,2.0,3.0,4.0,0.0,1.0,2.0,0.5,0.75,1.0,0.5714285714285714,0.4857142857142857,0.11428571428571428
CENTRAL,reference_validation,RESIDUAL_TRUE_FAILURE_PROXY,30,34,-0.050651437754692864,0.02050935404716874,0.10345247015092099,0.07910381543921904,0.12242358881050142,0.18277178796046656,0.04197192434145797,0.07705404697458859,0.19266550068843094,2.25,4.5,7.0,0.0,2.5,4.75,0.3214285714285714,0.6428571428571428,1.0,0.6470588235294118,0.6470588235294118,0.20588235294117646
CENTRAL,reference_validation,RESIDUAL_TRUE_FAILURE_PROXY,60,34,-0.11429674430575176,-0.03429170410302644,0.07990164022746642,0.10067237163813995,0.14389233954451702,0.1935520619731137,0.06620205036635726,0.13394355453851858,0.23007316134000969,4.0,7.0,11.0,2.0,6.0,9.0,0.3076923076923077,0.5384615384615384,0.8461538461538461,0.7941176470588235,0.7647058823529411,0.23529411764705882
CLOCK_SUPPORT,external,RESIDUAL_LATENT_RECOVERABLE,5,51,0.00041987511648998704,0.05833802288501218,0.17197584878399244,0.06741197041562813,0.11149961149961041,0.22459418401258774,0.041712894930971266,0.06591031874662341,0.12471057128387714,1.5,2.0,2.0,0.0,0.0,0.5,0.75,1.0,1.0,0.2549019607843137,0.5490196078431373,0.29411764705882354
CLOCK_SUPPORT,external,RESIDUAL_LATENT_RECOVERABLE,10,51,0.0016924064676771705,0.0587131870193214,0.18300397689479042,0.07249756589138207,0.1388829445752195,0.2609978586940551,0.04297045379722757,0.06591031874662341,0.1390267482132872,2.0,3.0,3.0,0.0,0.0,1.0,0.6666666666666666,1.0,1.0,0.3137254901960784,0.6470588235294118,0.3333333333333333
CLOCK_SUPPORT,external,RESIDUAL_LATENT_RECOVERABLE,15,51,-0.014806079664571075,0.09557109557109537,0.26972268631024515,0.07940693011772619,0.15451107509454431,0.4000199564182453,0.04297045379722757,0.06622114216281567,0.1477880151996754,3.0,4.0,4.0,0.0,0.0,1.0,0.75,1.0,1.0,0.39215686274509803,0.7058823529411765,0.4117647058823529
CLOCK_SUPPORT,external,RESIDUAL_LATENT_RECOVERABLE,30,50,-0.033196776684038795,0.08195037142405745,0.2572975443939621,0.11375941850191398,0.26523681632377405,0.40645498509450023,0.049100988923022046,0.07825380153897746,0.18665957249517115,3.0,6.5,7.0,0.0,0.5,4.0,0.42857142857142855,0.9285714285714286,1.0,0.5,0.82,0.54
CLOCK_SUPPORT,external,RESIDUAL_LATENT_RECOVERABLE,60,50,0.03775607672474526,0.18937295759653977,0.29899378228085005,0.2093537179413486,0.3776702314409518,0.5167047806852252,0.05788299310216387,0.12342657468196915,0.229875858357407,8.0,11.0,13.0,0.0,2.0,5.0,0.6153846153846154,0.8461538461538461,1.0,0.6,0.9,0.76
CLOCK_SUPPORT,external,RESIDUAL_TRUE_FAILURE_PROXY,5,27,-0.055301382020478546,0.0016247648366664107,0.03264810110619418,0.038890434655525434,0.0513816491235143,0.10366722662007265,0.040402323712997734,0.07273532312274766,0.1329670046747356,1.0,2.0,2.0,0.0,0.0,1.0,0.5,1.0,1.0,0.4444444444444444,0.2962962962962963,0.037037037037037035
CLOCK_SUPPORT,external,RESIDUAL_TRUE_FAILURE_PROXY,10,27,-0.06749885406337698,-0.0037037037037033,0.03275941918434956,0.04356240416844884,0.06442028985507325,0.11983107774634524,0.040402323712997734,0.08962868117797845,0.14001838614727297,1.0,2.0,3.0,0.0,1.0,2.0,0.3333333333333333,0.6666666666666666,1.0,0.6296296296296297,0.37037037037037035,0.07407407407407407
CLOCK_SUPPORT,external,RESIDUAL_TRUE_FAILURE_PROXY,15,27,-0.07936606949781189,0.004927536231884936,0.044349951784356204,0.04610093277031403,0.07654623392529009,0.12307054554293775,0.04870034198767259,0.10344827586207017,0.16517062877148136,1.0,2.0,4.0,0.0,2.0,3.0,0.25,0.5,1.0,0.6666666666666666,0.4074074074074074,0.07407407407407407
CLOCK_SUPPORT,external,RESIDUAL_TRUE_FAILURE_PROXY,30,27,-0.10350606662005891,-0.027140851661208443,0.06842232805508254,0.04884567260806594,0.09768115942029092,0.14294980646646177,0.08060192396508023,0.12273817309788491,0.19161771420208246,1.5,2.0,7.0,0.0,5.0,5.5,0.21428571428571427,0.2857142857142857,1.0,0.7037037037037037,0.48148148148148145,0.1111111111111111
CLOCK_SUPPORT,external,RESIDUAL_TRUE_FAILURE_PROXY,60,27,-0.16964959960853668,-0.1146718988445607,0.07797903549007962,0.0571360557154429,0.10869565217391317,0.168910855490475,0.12072526477254023,0.1745437529246611,0.27946020164306573,2.0,3.0,10.5,2.5,10.0,11.0,0.15384615384615385,0.23076923076923078,0.8076923076923077,0.8518518518518519,0.5925925925925926,0.2222222222222222
CLOCK_SUPPORT,reference_validation,RESIDUAL_LATENT_RECOVERABLE,5,51,-0.0019305019305001828,0.03910614525140095,0.10829472558802664,0.059326294620410336,0.10266159695817302,0.16974992895709193,0.04065712187958958,0.0710059171597661,0.11077027948193381,1.0,2.0,2.0,0.0,0.0,1.0,0.5,1.0,1.0,0.27450980392156865,0.5098039215686274,0.19607843137254902
CLOCK_SUPPORT,reference_validation,RESIDUAL_LATENT_RECOVERABLE,10,51,-0.03341787923285379,0.051490514905148464,0.14824355971896958,0.08985161632220298,0.11538461538461958,0.21055737704917876,0.05330601092896136,0.08095238095238198,0.12594690265486563,2.0,3.0,3.0,0.0,0.0,1.0,0.6666666666666666,1.0,1.0,0.39215686274509803,0.6274509803921569,0.27450980392156865
CLOCK_SUPPORT,reference_validation,RESIDUAL_LATENT_RECOVERABLE,15,51,-0.03208516886931016,0.03539823008848823,0.17135451881902428,0.08985161632220298,0.15151515151515807,0.2649684469755259,0.05454729753551986,0.0907335907335909,0.14367191743617558,2.0,4.0,4.0,0.0,0.0,2.0,0.5,1.0,1.0,0.47058823529411764,0.6666666666666666,0.4117647058823529
CLOCK_SUPPORT,reference_validation,RESIDUAL_LATENT_RECOVERABLE,30,51,-0.016950325169504763,0.06020558002936805,0.19674038505933264,0.11274509803921622,0.2131147540983534,0.34231926217315156,0.06849788243775162,0.09691629955947104,0.17636493081596955,4.0,5.0,7.0,0.0,2.0,3.0,0.5714285714285714,0.7142857142857143,1.0,0.5490196078431373,0.7843137254901961,0.5294117647058824
CLOCK_SUPPORT,reference_validation,RESIDUAL_LATENT_RECOVERABLE,60,50,-0.07559626889169005,0.07778126964174048,0.3849391349391408,0.1394724133767989,0.2777129584616215,0.5525251396648084,0.08669547468079578,0.12311924545250832,0.21489506266042854,6.0,10.0,13.0,0.0,3.0,7.0,0.46153846153846156,0.7692307692307693,1.0,0.7,0.86,0.56
CLOCK_SUPPORT,reference_validation,RESIDUAL_TRUE_FAILURE_PROXY,5,37,-0.010389610389615642,0.017391304347826732,0.04922279792746055,0.04800000000000182,0.07826086956521618,0.10778443113772002,0.025316455696200984,0.047999999999996136,0.07594936708861123,1.0,2.0,2.0,0.0,0.0,1.0,0.5,1.0,1.0,0.4594594594594595,0.2702702702702703,0.05405405405405406
CLOCK_SUPPORT,reference_validation,RESIDUAL_TRUE_FAILURE_PROXY,10,36,-0.01959358119918385,0.027720870678614753,0.08108499654365911,0.05325000000000202,0.09209329713107825,0.11669303797468825,0.03216456287985146,0.05392957746478957,0.09354152171243692,1.0,2.0,3.0,0.0,1.0,2.0,0.3333333333333333,0.6666666666666666,1.0,0.5555555555555556,0.3888888888888889,0.05555555555555555
CLOCK_SUPPORT,reference_validation,RESIDUAL_TRUE_FAILURE_PROXY,15,36,-0.025259612185731792,0.03474407117967164,0.08247902097902127,0.05684290953545408,0.10126750545534899,0.13954743660301788,0.04148191123451187,0.06338646918538299,0.09354152171243692,2.0,3.0,4.0,0.0,1.0,2.0,0.5,0.75,1.0,0.6388888888888888,0.5277777777777778,0.05555555555555555
CLOCK_SUPPORT,reference_validation,RESIDUAL_TRUE_FAILURE_PROXY,30,34,-0.06284324465499538,-0.0028248587570622605,0.05516576481989821,0.07464464796319865,0.1198248407643298,0.16850777202072742,0.04746409807355185,0.09156528026659072,0.14631493506493448,2.0,4.5,7.0,0.0,2.5,5.0,0.2857142857142857,0.6428571428571428,1.0,0.7058823529411765,0.6176470588235294,0.14705882352941177
CLOCK_SUPPORT,reference_validation,RESIDUAL_TRUE_FAILURE_PROXY,60,32,-0.14208306936965565,-0.03860640301318362,0.04753406878650418,0.10041353423604328,0.12868279569892854,0.19181868714942424,0.07181420233462864,0.13684663448946788,0.22240246638580952,3.0,6.5,9.5,3.5,6.5,10.0,0.23076923076923078,0.5,0.7307692307692307,0.84375,0.75,0.21875
REF_SUPPORT,external,RESIDUAL_LATENT_RECOVERABLE,5,52,-0.012034781592882002,0.05754262147482987,0.15737243299902742,0.07822412603190465,0.1268474156330679,0.2259721852575347,0.047581165337963624,0.09151398876832988,0.15459722507855939,1.0,2.0,2.0,0.0,0.0,1.0,0.5,1.0,1.0,0.28846153846153844,0.5961538461538461,0.3269230769230769
REF_SUPPORT,external,RESIDUAL_LATENT_RECOVERABLE,10,52,-0.04254020362497834,0.04284902867020718,0.2034401431359789,0.07880623588674378,0.15250477491786069,0.3693772346426645,0.06316425237748476,0.10263288077832107,0.16708309547250977,2.0,3.0,3.0,0.0,0.0,1.0,0.6666666666666666,1.0,1.0,0.4230769230769231,0.6730769230769231,0.38461538461538464
REF_SUPPORT,external,RESIDUAL_LATENT_RECOVERABLE,15,52,-0.023291473122516133,0.03888451189751847,0.2948575491268462,0.0929675569340602,0.15947491834337862,0.4000305692535745,0.06642775432864204,0.10263957875804278,0.17776143480736467,2.0,4.0,4.0,0.0,0.0,2.0,0.5,1.0,1.0,0.4807692307692308,0.6923076923076923,0.40384615384615385
REF_SUPPORT,external,RESIDUAL_LATENT_RECOVERABLE,30,51,-0.060326320514793065,0.08598265895953738,0.29672650531602096,0.1280916428013499,0.23376623376623168,0.5091481173232549,0.07043450371048693,0.12255406797116404,0.20136640192076005,3.0,6.0,7.0,0.0,1.0,4.0,0.42857142857142855,0.8571428571428571,1.0,0.5294117647058824,0.8627450980392157,0.5490196078431373
REF_SUPPORT,external,RESIDUAL_LATENT_RECOVERABLE,60,50,-0.08287254787714067,0.14895287419045788,0.3363807245386168,0.16673196801896376,0.399286754690126,0.6228553335209644,0.07729710578521054,0.1715640595600831,0.3443184573794472,6.0,10.5,13.0,0.0,2.5,7.0,0.46153846153846156,0.8076923076923077,1.0,0.62,0.92,0.64
REF_SUPPORT,external,RESIDUAL_TRUE_FAILURE_PROXY,5,24,-0.029296986328139298,0.023418273252545557,0.060866477259751126,0.05226311186267413,0.061149646756584464,0.09972351742074531,0.04302238805970217,0.07288582763375269,0.14413248821052033,1.0,2.0,2.0,0.0,0.0,1.0,0.5,1.0,1.0,0.3333333333333333,0.25,0.0
REF_SUPPORT,external,RESIDUAL_TRUE_FAILURE_PROXY,10,24,-0.10699947916666684,-0.02369288793411791,0.06011013348600362,0.05936607292891874,0.0897071551750884,0.12078221014762666,0.053553099924337724,0.09882571205244339,0.17580119308100045,1.0,2.0,3.0,0.0,1.0,2.0,0.3333333333333333,0.6666666666666666,1.0,0.625,0.4166666666666667,0.08333333333333333
REF_SUPPORT,external,RESIDUAL_TRUE_FAILURE_PROXY,15,24,-0.100858563248309,-0.019342007388075053,0.04801281124643055,0.05936607292891874,0.09600373031224299,0.12078221014762666,0.055053921106125545,0.13746705535243714,0.1870135486991375,1.75,2.0,4.0,0.0,2.0,2.25,0.4375,0.5,1.0,0.6666666666666666,0.4166666666666667,0.08333333333333333
REF_SUPPORT,external,RESIDUAL_TRUE_FAILURE_PROXY,30,24,-0.08671024489840802,-0.013100132552832582,0.042312313556513284,0.05936607292891874,0.10124013878245519,0.1446315637309793,0.07918675412415126,0.15412157327803566,0.1941662530648567,2.0,2.5,7.0,0.0,4.5,5.0,0.2857142857142857,0.3571428571428571,1.0,0.7083333333333334,0.5,0.08333333333333333
REF_SUPPORT,external,RESIDUAL_TRUE_FAILURE_PROXY,60,24,-0.1860697955854188,-0.027037425225025023,0.09307450670647012,0.0921560091984884,0.10670625295045225,0.22358810822489417,0.11322196199557856,0.1712030122424431,0.2589174788152667,2.0,5.0,11.25,1.75,8.0,11.0,0.15384615384615385,0.38461538461538464,0.8653846153846154,0.875,0.625,0.2916666666666667
REF_SUPPORT,reference_validation,RESIDUAL_LATENT_RECOVERABLE,5,57,0.008849557522123035,0.05359317904993877,0.11858974358974596,0.07070707070707137,0.11330935251798474,0.19174757281553872,0.032727272727273965,0.0750000000000031,0.11715481171547043,2.0,2.0,2.0,0.0,0.0,0.0,1.0,1.0,1.0,0.22807017543859648,0.543859649122807,0.24561403508771928
REF_SUPPORT,reference_validation,RESIDUAL_LATENT_RECOVERABLE,10,57,0.00625000000000322,0.07430340557274902,0.15884476534295888,0.08585858585858717,0.1419141914191441,0.2597087378640826,0.032727272727273965,0.08292682926828611,0.12849162011173465,2.0,3.0,3.0,0.0,0.0,1.0,0.6666666666666666,1.0,1.0,0.2982456140350877,0.631578947368421,0.3508771929824561
REF_SUPPORT,reference_validation,RESIDUAL_LATENT_RECOVERABLE,15,57,-0.02525252525252395,0.055016181229778555,0.18556701030928563,0.0888157894736878,0.18181818181818182,0.320388349514568,0.03525641025640579,0.08294930875576327,0.1381215469613269,3.0,4.0,4.0,0.0,0.0,1.0,0.75,1.0,1.0,0.38596491228070173,0.6842105263157895,0.45614035087719296
REF_SUPPORT,reference_validation,RESIDUAL_LATENT_RECOVERABLE,30,57,0.012288786482332389,0.07843137254901769,0.2879256965944189,0.11936662606577209,0.21958456973294008,0.450467289719626,0.041366906474818284,0.08547008547008153,0.1467889908256864,4.0,6.0,7.0,0.0,1.0,3.0,0.5714285714285714,0.8571428571428571,1.0,0.5087719298245614,0.8070175438596491,0.5614035087719298
REF_SUPPORT,reference_validation,RESIDUAL_LATENT_RECOVERABLE,60,57,-0.019607843137257906,0.16913946587536866,0.35443037974683406,0.21212121212121518,0.31336405529953704,0.6000000000000021,0.0750000000000031,0.10385756676557681,0.18885448916408984,8.0,11.0,13.0,0.0,2.0,5.0,0.6153846153846154,0.8461538461538461,1.0,0.6842105263157895,0.8596491228070176,0.7543859649122807
REF_SUPPORT,reference_validation,RESIDUAL_TRUE_FAILURE_PROXY,5,27,-0.02328256385848055,0.017391304347826732,0.05683084231989974,0.039592787198472736,0.07826086956521618,0.12947741785048725,0.029528985507245538,0.045302013422815784,0.07112136920302113,1.0,2.0,2.0,0.0,0.0,1.0,0.5,1.0,1.0,0.4074074074074074,0.37037037037037035,0.07407407407407407
REF_SUPPORT,reference_validation,RESIDUAL_TRUE_FAILURE_PROXY,10,27,-0.03505978321600327,0.022346368715079272,0.05219079985435257,0.043813373981048155,0.09554140127387947,0.13590602383681116,0.037131890339227897,0.060759493670884956,0.10875332733971671,1.0,2.0,3.0,0.0,1.0,2.0,0.3333333333333333,0.6666666666666666,1.0,0.5555555555555556,0.4444444444444444,0.1111111111111111
REF_SUPPORT,reference_validation,RESIDUAL_TRUE_FAILURE_PROXY,15,27,-0.041170155662910074,-0.0031847133758023186,0.0672017062430451,0.050832936696812804,0.09554140127387947,0.15038983136936018,0.04245298690942843,0.06790123456790069,0.11403849809064265,2.0,3.0,4.0,0.0,1.0,2.0,0.5,0.75,1.0,0.6666666666666666,0.48148148148148145,0.1111111111111111
REF_SUPPORT,reference_validation,RESIDUAL_TRUE_FAILURE_PROXY,30,26,-0.13662198767046319,0.0061728395061715945,0.09659090909090604,0.07592359889419874,0.13259183061163515,0.1797767393561766,0.050076515840849635,0.10385009515444445,0.21089108910890578,2.0,4.0,5.0,2.0,3.0,5.0,0.2857142857142857,0.5714285714285714,0.7142857142857143,0.7692307692307693,0.6153846153846154,0.19230769230769232
REF_SUPPORT,reference_validation,RESIDUAL_TRUE_FAILURE_PROXY,60,26,-0.17107487922705447,-0.04795464991573769,0.04168118309927111,0.08658349068067434,0.1458333333333362,0.20310781078107681,0.08299866263611053,0.15064219704484988,0.3171330176495933,2.25,7.0,9.0,4.0,6.0,10.75,0.17307692307692307,0.5384615384615384,0.6923076923076923,0.9230769230769231,0.6923076923076923,0.3076923076923077
